reviewText,label
"AGAIN TIESTO GIVES US ONE MORE REASON TO HATE HIM, WHY CAN""T HE JUST GO AWAY AND LEAVE US ALL ALONE?",negative
"For a creative artist like Nanci Griffith to release an album of old stuff like this is disappointing.  There's already a cheap-o greatest hits CD and a retrospective CD out on MCA with almost all these songs on it.
There's nothing wrong with any of these songs; they're the songs that made many people fans of Nanci Griffith.  Those people are still waiting for a Nanci Griffith album.  Disappointing.",negative
"Music great, CD case was broken.",negative
"this cat got a formula that works for him, however there ain't alot  depth in his writing or his material on a whole. basically he is like a country version of T Pain and you see where his career is these days? Country has furthered moved away and every era in country since the 90's its gotta more commerical and generic. he got his audience who is cool with it,however its so predictable.",negative
"Over the past 50 years, there have been literally hundreds of thousands of albums released, in all musical genres.  While The Village People can be fun at wedding receptions, bachelor parties, or anyplace where large amounts of alcohol are consumed, hearing them always takes me back to my number one musical philosophy...

Life is too short to listen to bad music.",negative
Skips...Gave it to my daughter for her birthday...It should have never been sold,negative
"I don't know why Kenny G put his horn to actual classics. He is much better suited to play his own compositions, which are shallow, like his playing, and his improvisational skills, which don't exist.",negative
"On 12.29, I'm waiting out in the Colorado cold to see if I could get Jim Heath's (The Reverend Horton Heat) signature on a poster. First, he said, ""Do you have a pen?"" I said I did, and pulled out a blue sharpie. He next said, ""Is it blue?"" I said it was. He proceeded to tell me he ""doesn't do blue pens,"" and boarded his luxury motorhome. Please do not support Jim Heath. Jimbo and Scott Churilla signed the poster with out hesitation. Jimbo even took the time to take a picture with us.",negative
how many more hints do pop stars have to make before we figure out that they're all inmto the occult.,negative
"My wife and I had never heard of Norah Jones until the day after the Grammys this year when she carted home all sorts of trinkets.  My wife assumed that winning the best pop artist award would signify a good pop album and thus picked up the disc.  Wrong.  Norah is a beautiful young woman and has a lovely voice, but the songs just have no spark.  It was like listening to CSPAN with a piano.  I can only assume that she received attention and overhype due to her father Ravi Shankar who was idolized by the Beatles (George Harrison in particular).  But that connection doesn't make you great.
I hope Norah ups the tempo on her next CD (it won't be hard to do) and maybe we can see what type of Pop Chops she has.  But her career has Lauren Hill and Taste of Honey potential, so I hope she enjoys the success she's getting.  I know I'll enjoy my sleep after listening to this.",negative
"This is the reason why Grokster/Kazaa need to exist.  There are only 3 songs worth listening too on this album and low and behold one of them is there single(hold me back from the shock).  Porcelain, Freak Of Nature, and Haunted are the only three songs worth wasting any effort of listening too.  If you are looking for an arena industrial rock album you should pick up any Manson album cause even though his artistic vision has majorly declined, albums like this one makes Manson out to be a genious which is sad.  I give this a one star rating because even the 3 decent songs on this album aren't even all that great.  My question to Sinisstar is ""why bother?""",negative
"The Caribbean prophet knew how to cook a tune. Personally, I believe that it was his voice that made everything of his sometimes relaxing and sometimes causing an uprising. It's that passion. First sign of this:
Roots, Rock, Reggae in which Marley's voice hangs with an effortless timbre, 'just some reggae music' is the message. Johnny Was is like a protest against 'the system'. What's always interesting is how The Wailers compliment Marley by producing a soulful, balanced, accompaniment. Another example of perfect rhythm and vocals from the depths is Crazy Baldhead. If you've every wondered why everyone still goes on about Bob Marley, War is a reason why. He had a voice that carried concerns and dreams, 'until the colour of a man's skin is of no more significance than the colour of his eyes, it's war'.
Although Rastaman Vibration is exactly what it says it is, I wish a lot of albums are exactly what they say they are. I wish bands, groups and single performers would stop spending billions of dollars, making overproduced songs, and start making true music again. Music that speaks for itself not just some moneymaking image.",negative
"Is this a joke? is this the same group that came out with DJ PREMIER on ""It's all real""? one of the best premo tracks heard in a long time? well, it appears so. This album is filled with nothing but trash, awful substance and poor beats. These guys are the epitome of one hit wonders. Lets just hope they can put as much effort as they did into ""It's all real"" into some more work, and make a comeback. What a letdown. 1 star just for the one track. PEACE

Lyrics - 2/10

Beats - 1/10

Originality - 0/10

Replay Value - 1/10 (for one track)

If you found this helpful, check out my other reviewws",negative
This album is memorable only for PSYCHO KILLER. The rest - like the band itself - is merely filler.,negative
"Sorry, but ""Master of Puppets"" is way overrated.  Truth hurts.",negative
"While ex-Velvet Undergroud mastermind John Cale was spilling his drunk soul and Guts on a smaller stage, a drunker VU mastermind Lou Reed found new ways to dump on his loyal fans. This is Reed at his absolute worst - musically this is a live non-show - Lou never gives his great band a chance. As a live comedy document this is unforgettable corny fun. It must be a comedy record. It HAS to be. It certainly isn't music. I can't imagine how the backing band felt - they probably felt ""just play"". And they do, quite well. Lou would rather heckle the audience. Constantly.
And it IS funny. Reed's quips and barbs are the equal of any 'Hee-Haw' episode. It's a live laff riot. I loved it when Lou Reed (being drunk and all) slurred and mentioned Groucho Marx. I didn't think he would but BAMM! classics speak for themselves.
The cheap jokes here are are funny. But you wanna good one? That same year Johnny Rotten & the Sex Pistols were launching a punk revolution, inspiring countless bands to express anger/helplessnes/isolation. Very much Velvet Underground material. I just wish Lou Reed was there to see it. I guess he was already booked, playing a drunk burn-out. He performed that role exceptionally well. Betcha he doesn't listen to this blasted diary much.",negative
"If this slow, monotonous collection of ditties about nowhere people who have no reason to live doesn't make you want to lock up the razor blades, then you truly have a career ahead of you taking care of terminally ill patients. I listen to this album when I'm depressed, and I feel MUCH worse.",negative
"....and that was only ok! Don't give up your ""day jobs"", guys. I know you're ""serious musicians"" making music that you ""love"", but I don't know how much you (or your accountants)love watching this disc slip right off the charts into oblivion.",negative
"September 6, 1985, a southern wannabe cancer to hip hop culture was born. and 19 years later he enters the rap game with wack music, wannabe gangster, thinks rapping about hoes, sex, and bi*ches is new. garbage pure garbage. the south has sum really wack rappers out there, what happen in the past where there were only a couple of southern rappers and they knew how to make music? only a couple such as Ludacris, Scarface, No Limit, and Cash Money. now everyone from the south wants to jump on the bandwagon and rip off each other. don't support webbie hes pure Trash, ill tell it to his face he aint &%$# but a faker.",negative
"Please tell me that the other 16 people that reviewed this actually saw it? What is with the over dramatic singer. Rolling on the ground. Everyone except the drummer over emphasize everything they do on stage. This is by far the worst DVD concert I have. If anyone else rolls on stage singing and acts like a [fool], please tell me before I by it. This DVD [is lousy]! By the way there are just as talented bands as this. They are a dime a dozen.",negative
been done better,negative
"How anyone can blather on about MMM being ""art"" or ""musical"" is borderline perverse. Lou wasn't even in the room when the thing was recorded ! I wonder what else is considered worthy of 5 stars ...The Shaggs ? The Chipmunks ?",negative
"Ok this album sux. This is the epitome of wasted beats and a total waste of time for whatever producer decided to work on this album. Paris hilton doesn't have any talent in her body whatsoever. I would say that she would be a good porn star but I saw her video that got released and she has no talent in that area either. Even though she has an abundant amount of money, I still recommend the nearest Target register as her career of choice. Fat Joe and Jadakiss should play russian roulette with each other for being on this album. Avoid this album like the bubonic plague!!!!!!",negative
"There are great songs here but this CD version is appalling. It's so horribly thin that I couldn't listen to it more than once.

All of the available discs of this album should be turned into coasters.",negative
You said  you did not want  honest revues. you will receive  no more revues . Honest revues or nothing at all .,negative
"Based on the reviews for this CD I decided to buy it without having sampled it. Big mistake. I love, among others, Marshall Crenshaw, Don Dixon and Peter Holsapple, but what happened here? This was so not fabulous.",negative
"I can't get past the cover. Another angry looking black man that looks like he is defending his turf which I'd rather not enter. Sorry, turnoff.",negative
"Hey now hey now...after listening to this CD, I AM dreaming it's over. I'm only giving it one star because there is no option for zero...",negative
"I hate to be the bearer of bad news, but for anyone who really knows and loves these albums, a sacrilage has been done, and they will notice it right away.
They are not ""remastered"", they are REMIXED, and in some instances RE-Recorded or newly overdubbed.
I'm pretty sure that almost universally, the drums have been overdubbed with new tracks, or at least boosted un-naturally in the mix.  The same goes for some of the vocals, and some of the guitar parts.
As a recording engineer and mixer myself, it is my view (and I think a lot of other's) that the mix of an album is an inherent part of the composition- the artistic vision that was created at that time.
Yes, the albums desperately needed remastering- even the first earlier re-issued remastering of the catalogue was not sufficient- but this is because of the transfer to CD, not the original tapes or mix.  I owned the vinyl.  Many earlier CDs suffer from a seriously 'undermaximized' level.  Digital converters, technology, and knowledge has improved hugely since the first CD's came out.
Certain songs have basically been ruined by what has been done to them now- the feel and character has actually been changed.  It doesn't take much.
I can't comprehend how the trio approved the release of these 'enhanced' CD's.  Unfortunately, I have to suspect that Phils' sometimes ill-advised tendencies towards his own band could be a factor.
We need a remaster that does justice to these great albums.",negative
"Some would have you believe this is a powerfully potent epic with a penetrating message for today's youngsters, but no ""State of Shock?!""  No ""Say Say Say?!""  This MUST be a joke!",negative
I have have this C-D,negative
"Type O Negative are a VERY album-oriented band; I think that the only reason that the two ""best-of"" releases were made was to fool noobies into getting them, because if you ""knew"" the band you'd know that the songs are always better in context and in full-length form. ""Highway Star"" is cool, but not worth the price of a cd that has some chopped-down versions of their best songs. If you have to have a sampler get ""Least Worst"" but if you get this you'll regret it later.",negative
"Used to like him but given up on expecting anything decent from him. Just about managed to play this dull, depressing tripe through. How come he's forgotten about music? Sorry, once is enough for me.",negative
"Real good, trippy early P-Funk work despite waves of musical progression to come in the decade ahead. Title track and 'Some More' (my favorite track) are the highlights of this little psychadelic adventure. However, the mastering of this CD is inexcusably horrendous! It makes the first issue of Jethro Tull's 'Aqualung' (not that the other versions are much better) sound like the sharpest sounding CD of all time! On the volume knob, you have to play it at 8 so it (accompanied with hiss) can sound like it's at 4! I simply HAD to return this CD and won't re-buy this album on disc 'til they rightfully remaster it. What a treat that will be.",negative
"How anyone with k.d. laing's talent was able to make a flat and uninteresting cover album of Joni Mitchell, Neil Young, Bruce Cockburn and Leonard Cohen songs is the question of the age. Besides the fact that laing sings every single one of them with the passion of a sponge, with one or two exceptions, every song here has been heard to death around the world, let alone in Canada. A monumental bellyflop from a normally great musician.",negative
this is electronic beige rock.  there is just no soul or life.,negative
"I cant believe this b**** actually made an album. This b**** and her lame album are pure trash. How the f*** is the b**** underrated? She isn't Kim, Foxy or Trina. Plus, this c*** is way to old to start out in the rap game.

AND HOW DARE SHE STATE THAT SHE BEAT FOXY BROWN UP. I KNOW FOR A FACT THAT DIDN'T HAPPEN.",negative
"You are all idiots, Explode was a terrible cookie cutter punk album. That is when they started to suck and they still are sucking. If you wanna hear one of the few good punk bands still around check out global threat, as for the unseen, they are just as bland and terrible as the casualties are now.",negative
"I owned this album, the explicit version, and as much as I hate cursing and ect and ect... I think its kind of a contradiction that they'd sell an edited (clean) version of this CD. Think about it. They speak out against censorship of the press, yet they have no shame in censoring their own music. Now, I personally don't buy into Anti-Flag's message, so If I had the choice I would probably get this over their explicit version. I meen, hey, ultimately its the music that counts. I just think the band though ,is being kind of shallow in expressing their already shallow opinion.",negative
"This album really has no musically appeal or even songs that are in the least  bit interesting. The words and themes are like little baby songs or juvenile and very boring. Her sing song, whiny voice is awful and I can't stand to hear it again. She can't sing and her guitar playing is always the same, three chords. Her lame song about Lance dumping her is cry baby crap! She really needs guitar lessons or something. Maybe she could play power chords in a punk rock band.(That's with an electric guitar and distortion Cheryl) That makes more sense to me and she has the looks for a female sex object in an all male, skinhead type band. The she can rock on. That's what she tells everybody she wants to do. Go get em Cheryl ""the Rocker"" Crow!",negative
"Normally, I LOVE Tangerine Dream. Some albums by them are better than others, but I have never bought a TD album that I didn't like.

Until I bought this one.

First off, it's just a series of popular song covers. Second, the background music is just plain far from Tangerine Dream's best efforts - and these songs don't really fit the group. Finally, the vocals are far from inspiring. Unfortunately, I bought this as an MP3 download, which means that I effectively threw nine bucks down the toilet.

Next time, I'm going to check the samples - even if it is my favorite musical group of all time!",negative
"Having followed DJ Shadow for the whole of his career, I have to say that if this is his way forward, we will be parting company.  If you managed to get a copy of Diminishing Returns, it was his first attempt to break into rap / hip hop with CD1 and it failed miserably there as well, and after all this time I like many others hoped that would be the last of experiments in rap.

Who am I to judge? Well having over 10.000 albums of all genres, I feel pretty confident that I know a good from bad attempt, and as I write this, I am listening to the CD thinking why did he do this?  I am not slating him for trying something different, but in all honesty this has no flow to it, there are some artists who can chop and change music styles within an album and it still feels fluent, Moby probably being the best.

The CD starts with a monologue followed by a familiar soulful tune, and you think ok, this is going to break into something awesome, and then track 3 which is were you start to get that sinking feeling, basically close your eyes and think I know this track, and you are right its DJ Z Trip`s Breakfast Club reworked, presumably this is the "" Hyphy "" sound everyone is going on about, tracks 4 - 8 don't get any better, just more generic rap which could be anyone really.

DJ Shadow, must have realised that you will have switched off by the end of track 8, so lets wake everyone up with track 9 a Punk tune, noisy overblown bass, got your attention now, so what next  Track 10 plays homage to Kid Rock, tell me im wrong!!

Track 11 is a mellow interlude then Tracks 12 - 16 are a sort of Unkle indie  tunes which have a glimmer of the Shadow (we used to know) until tracks 17 & 18 when we return to Rap again, but nothing innovative.

To summarise apart from a couple of tracks this CD should have been a bonus CD to Funky Skunk, to let fans see some diversity, but should never have been released as mainstream CD.  You can see by the amount of sellers, and the price at which they are selling, that this has been a woeful mistake.  I realise that you cannot do the same music for ever, but there is a classic saying "" STICK TO WHAT YOU KNOW "" perhaps you can redeem this tragedy with  BRAINFREEZE Vol 2 ?",negative
"These guys suck! Nothing wrong with the CD or seller, just crap music.",negative
"Honestly my expectations was way to high
Just another wack ass southern album
Only 2 tracks worth listening to
It's that pj n ride on 4s",negative
"This album is the prime example of what really bad pop is capable of. Now, I'm not bashing Simple Plan because it's Pop. There is some catchy pop that I don't mind. And I'm not gonna bash 'em for trying to be punk, though they are not, and if you think they are, you know NOTHING.
Let's just focus on the music:
Lyrics: Whiny, sappy 12-year old stories of hating the world. Tried and done. Some bands do it. This band doesn't, and it sounds terrible.
Singing: The lead singers voice is absolutely horrifying. It's unbelievable he's the lead singer.
Guitars: Ok, they can play some basic rhythms. Yay. No creative parts whatsoever.
Drums: The only aspect of the band I won't belittle or raise. But needless to say, nothing special.
I won't even mention how awful their image is. I focused on the basics;
Simple Plan Simple ... , God does hate them, and they are Kids, forever.
Don't waste your time on this garbage.",negative
"Apparently rock 'n roll can be stopped, cuz these guys didn't even last 'till the mid 80s.  Then again, they weren't really rock 'n roll, but rather, just a bunch of clowns who made Tipper Gore angry.
See ya' later, MR. SISTER",negative
I will never ever listen to a new Linkin Park album.  There are just way to many good new bands to listen to waste my time listening to this junk.  This album is all techno from start to finish.  Do the fans a favor and break up ASAP.,negative
"TERRIBLE,i mean just look at the cover that's more than enough proof this band couldn't care less.",negative
"Nothing to say about this dissapointing Suede album. Butler is one of the gratest musicians of the last decade, and Brett is a real poet (and a extraordinary singer). That combination was perfect. This album fades more and more as a whole with every listening. The survivors?: ""Everything will flow"", ""He's gone"" and ""She's in fashion"". ""Low"" is a pretty song, but don't qualifies to a ""canonical songs"" Suede list. Try ""Comming Up"" instead and buy the 'Everything will flow single'.",negative
"for whatever reasons, my tastes in music keep changing in ways that i no longer listen to most of the bands i used to.  system would be one of those bands.  i used to like their first effort quite a bit... so i bought this without hesitation.  at first, i guess i liked it a lot.  but now, i realize that it didn't stand the test of time. i saw them live twice, and i concluded that daron malakian just annoys the hell out of me and really needs to shut up and play the solo from 'soil' recognizably.  i'm quite sick of system of a down now.  maybe it's because i keep getting into older, more respectable bands.  maybe it's because as i delve deeper into the world of music i see where the timeless classics are.  system won't be one of those bands.  though they'll probably be up there in the numbers though when VH1 does a top 100 nu metal bands.
from what i've gathered, system of a down borrows heavily from dead kennedys and faith no more and uses the 'influence'(or whatever you want to call it), and makes something trendy that lots of little kids are into these days(nu-metal, or 'metal' that the general public can bob their head to).  they do it well.  but the trouble with trendy music is that it's not challenging at all.  when i listen to this album, i don't hear anything 'new' or 'different' or 'thought provoking' or 'wacky/creative', i just hear something i know i've heard before and it's not as good.  it's like pop music, but with more distortion.  lacksidaisical, happy go lucky, 'catchy', danceable/moshable, non threatening in any way.
but a couple million teenagers that haven't really lived life because they're so young can't be wrong, can they?  they know what's up, right? they KNOW 'good' music when they hear it... sure....
if you would like to hear something a little more provocative and heartfelt check out the Dead Kennedys.  it's not as 'heavy'(cuz it's punk you knave), but it's definately a more enriching listening experience.",negative
"John Palumbo is so full of himself, he thought"" Let's put out 'Safety' like the band would have made it WITHOUT THEIR ONLY TRUE VOCALIST and AS A BUNCH OF OLD MEN WHO NEED TO BE STROKED. Gary Lee Chappell, my friend,  this band made decent-but-not-great music after you were gone. THEY RUINED THEIR BEST ALBUM. REMASTER THE ORIGINAL 'AS IS' !!",negative
Terrible music even by cheesy 80's metal standards. Horrific lyrics. The need to get some talent.,negative
"Christmas Trite Cocktail: Pour one glass of eggnog and add liberal amounts of this CD. Yawn.

In the event you don't understand the word trite, here are some synonyms for this CD: banal, hackneyed, clichd, platitudinous, vapid, commonplace, stock, conventional, stereotyped, overused, overdone, overworked, stale, worn out, timeworn, tired, hoary, hack, unimaginative, unoriginal, uninteresting, dull, uninvolving; old hat, corny, cornball, cheesy, boilerplate.

When will someone save M. Ward from impending irrelevance?",negative
I guess I was disappointed because I saw Chante Moore on an interview being questioned about her failed marriage to Kenny Lattimore she indicated that if you want to know what really happened you will find out in this tell-all CD total scam she doesn't mention anything that sounds remotely intimate and all the songs suck.,negative
"I love Norah, but the quality of this recording is a crime against her music.  Do yourself a favor and get Not Too Late with her own songs and a decent recording from Blue Note, and wait for the remaster release of this recording.  Yuck.  Jeez.",negative
"Okay -- here's the required part of the review.
Danzig was the Misfits, they're awful with out him blah, blah, blah ...
Also ... have you noticed how many of used copies of this cd are for sale?  Seeing that so many people are trying to get rid of this cd should give you a hint of how bad it is.
They really should change their name to something along the lines of 'Misfits 3000 From Outer Space'.  It would be fitting to have a stupid name for a stupid band.",negative
"i put this in the player and had to take it out to make sure it was this cd. Holy lord, this is bad. I kept thinking, ""why would any record company greenlight Chris Cornell with 4:4 beats""? Then I saw who the producer was.
I have always considered myself a kind of ""student"" of music productions, from the lowest of lo-fi to the slickest of overproductions. I don't get everyone worshiping Timbaland. He had some good moments on the Justin Timberlake disc, but has had many misfires since then. Add this to the list. Sorry Chris. I admire the risk, but hate the results.",negative
"There are two performances that stand out in this set: The Op. 71 poems. The sound quality throughout is marginal (very thin old analog that makes Horowitz's muffled Third Sonata sound great), and one reviewer even said he/she thinks the piano was out of tune, which wouldn't surprise me.

Ponti's Scriabin is sloppy and umusical in general. Only the Op. 71 poems make this set worth getting. Start with Robert Taub's sonatas, Horowitz Plays Scriabin (on RCA and Sony), and Glemser Vol. 1.",negative
She tries too hard to copy every other diva and she has no originality what so ever.  Her voice has got to be the most annoying sound ever.  She can't carey a note longer than a second or two.  Her fake soul sound is cheap and pathetic like her.  Hate this so much!!!!!!!!!!!!!!!!!,negative
"What amazes me is how they bemoan a project that was an obvious rip-off to begin with because the sound isn't lousy enough!  Hilarious.  I'm glad people hate this set....It's a travesty.  It really doesn't matter though.  Capitol will earn a huge windfall taking advantage of people dumb enough to re-buy something they already have. Anyone who buys ""The U.S. Albums"" deserves them.",negative
"I do.
Now it is dictated, in part, by a whiny, COMPLETELY sub-par, snot nosed walking bag of talentless junk who only has a record because a bunch of people on Fox's lowest common denominator TV show.
And the album is really bad, at that. It'll be really popular at dentists offices. Please, PLEASE, use your hard earned money to support real artists. I BEG of you. This is pop culture at it's most vapid. The tool didn't even win. Just because he can sing doesn't mean he has a personality, or creativity.",negative
Horrible sound quality.  Columbia Records are known for crappy re-mastering (I can't believe Johnny Mathis would be OK with the sound quality of this CD!).  Will be donating my CD to the Goodwill.,negative
"Horrible! I returned this.  The vinyl pressing itself was damaged, this is a known issue on this specific record.",negative
"I only heard the tenor aria ""Sound an Alarm"" from this recording.  That was enough if not too much.  In my day people heard Richard Lewis or Alexander Young sing it with virility, vitality, and taste.  They sounded like generals ready to lead theri troops to victory.  This squeaky nobody sounds as if he were scared of his own shadow.  I will NEVER believe that people living in the Age of Enlightenment were gullible enough to pay for such insipidity.

The ""historically informed performance"" movement maintains that composers wrote exclusively for the resources available to them.  It is true that those composers sought to exploit the expressive potential of their resources to the maximum.  That's what great composers do.  However, to deny the validity of a performance on, say, modern instruments is tantamount to declaring that a great composer's imagination, inspiration, or genius is limited to the resources at his disposal.  Unless proponents of this school of thought have a B-Minor Mass on their resumes, they are not in a position to know.

Buy this performance if it really makes your heart sing.  For my part, I'll add this CD set to the plethora of interpretations that call themselves ""historically informed"" but are, in fact, artistically ignorant .",negative
"I could play better guitar then this if my butt grew fingers. None of the melodies are obvious, there all buried in a stupid, loud muck. It's all randoom and it just goes on and on with no repetition and there aren't even choruses! I heard these guys were way better then Dark Funeral, but Dlark Funaeral have some truely blasphamous Satinic lyics, and this is all like fruity medieval poetry, WTFINGF.

And what's with that vocalist? Is there a frog stuck in ur throat....? or perhaps ur stuck in A FROG'S THROAT...!!!!! huh? huh?",negative
"Unfortunately, I purchased this album because of the 'five' 5 stars reviews here. Donna's music, voice, style & arrangements are very unique and good luck to her. For me, I wouldn't be adding to the 'five' 5 stars reviews & 'Brand New Day' wouldn't be staying on my CDs rack.",negative
Didn't like it at all. Not impressed. Worst of his work. Wish I would not have bought it. Wasted money!,negative
"is a good cd. wish there were more songs on it, but is good",negative
"I cannot believe that I am the only one who gave this pile
of dump 1 star? All these rave reviews for this piece makes
you wonder,does anybody love hard rock anymore? Including
the band themselves. I am writing this review for the hope
that at least one person who reads this and does not know
the true essence of what made VH will find out. Please
whoever you are if your new to VH don't buy this,if you
really want the best of both worlds so to speak then I
recommend VAN HALEN,VAN HALEN 2,WOMAN AND CHILDREN FIRST
and FAIR WARNING,for Hagar I totally suggest the albums
MONTROSE,Sammy Hagar and STANDING HAMPTON. Although if you love broadway musicals and still
blowdry your hair then this is the heavymetal masterpiece
for you with such bone crushing classics like ""JUMP"" ""RIGHT NOW""
and of course the very best for last ""WHY CAN'T THIS BE LOVE""(c'mon
people shake your booty's clap your hands and repeat after me ""It's
got what it takes"") It boggles the mind to think people prefer 5150
over WOMAN AND CHILDREN FIRST??? C'mon everybody snap your fingers
""IT'S GOT WHAT IT TAKES""(P-EE-YUKE)",negative
"Oh yes, Stacie Ferguson is goddamn sexy, we should everybody spend our money on her by buing a Wack Eyed Peas CD and this art of a CD-single. She's real, yes, the one they call natural beauty, she hardly knows what's plastic surgeon about. Everywhere she goes she stays just naturally pretty and sexy...

What I just told is as true as this song was good masterpiece of art.",negative
"This is just another example of Westlife's lack of originality and creativity (even without that horrid Brian), again as so often before its still chockablock full of coverversions - Plain boring, dull, uninpirational and depressing again! - No thanks!",negative
"I will make this simple, this is by far the most Boring , lamest album Kiss has ever released. Terrible cover to boot!! These guys are around 60 and singing about stuff that was reserved for bands in spandex on the Sunset Strip in the 80's. As a lifelong KISS fan it hurts me to say it but they need to retire.",negative
Homosexuality is a sin.,negative
"Trash. If you're looking for typical VP style, it's not here. It's a rock lp rated ""zero"". I own the vinyl bought it at Woolworth's in the 80's for 50 cents of wothless quarters.",negative
"YUCK! This is total sellout time for U2. What went wrong? The world will never know. I guess that what happens eventually. It becomes a business and the passion to write great music fades away. DO NOT BUY THIS ALBUM! Pick up someting earlier like, ""War"", ""The Unforgettable Fire"", or ""The Joshua Tree"", but not this album!",negative
"daddy yankees new Albums don't compare to Barrio Fino and i think he will never make another album as good as barrio fino Judge for yourself compare barrio fino to his newest albums and youll agree with me 100% that said Im out
Peace!",negative
"The sound quality is bad, sounds like a bootleg, soso setlist and nasley vocals as usual.  Nothing speical.",negative
"Please release this WITHOUT the vocals. Then it might be listenable. Right now I can't stop thinking about how awful the ""singing/talking/grunting"" is. Didn't anybody have the heart to tell Terry that is was totally unnecessary to put these stories to music? Or at least have used someone with a more tasteful speaking voice. His voice just ruins the interesting interplay between the two awesome musicians. Poor Billy.",negative
"When will artists like Daddy Yankee, Don Omar, Tego Calderon realize that their music is garbage. Never have I heard a group of artists make one type of music for people who speak one type of language. And they wonder why music like this isn't big. It may be big in Puerto Rico but not here.",negative
"This band is total slock, all pretense and marketing to morons with no life. Anyone who listens to this garbage and says they like it are playing a role of pretension. You could give any gathering of idiots who have never played music before some studio time and they could come up with a better offering than this. We get it, you are pissed off , now where is the music. This disk could be used as an alternative to waterboarding and get great results.",negative
"Charles Lloyd the heir apparent after John Coltrane's death has been lost just about that length of time. He is a great tenor saxophone player but does not seem to have any real direction with his music. With out Trane's music to feed off of, charles's  music has grown stagnant . He has had some brillant moment to be sure over the last 39 years since Trane's death but not enough !",negative
"She's better off writing for other people.

Just one question, where did Linda Perry find the verse section of What's Up?

""Here's a little song I wrote, you might want to sing it note for note.......""

Apparently Linda did just that.",negative
"Technically speaking, Men at Work's second album didn't flop, but it sold considerably less than its debut, which got the band a curse-in-disguise Best New Artist Grammy. The album had only ONE hit single: the aptly-named ""Overkill,"" which came in and out of the singles charts rather quickly. The second single was ""It's a Mistake,"" and no doubt it was a ""mistake"" since it FLOPPED on the charts. ""Dr. Jeckyll and Mr. Jive"" did so much worse. By this point, a huge red flag popped up, hinting the inevitable demise of this marginally talented group. They stuck it out for one more album, ""Two Hearts,"" which completely bombed and forced the group to go belly-up. [...]",negative
"This is nothing but more crap from another g-unit member.why do they even bother?All G-Unit crap sucks. And the fans suck too for being stupid. Everytime I hear their music, I feel my brain cells dying. It's all crap.",negative
"If you're having the same problem, ea-pty wrote a very nice review for the Foo Fighter's ""In Your Honor"".",negative
I'm a HUGE Cat Stevens fan.  I have purchased all the remastered cd's.  They all sound great except for this one.  I seriously doubt they got the original master tapes on this one. The drums have absolutely no punch whatsoever on this disc.  This disc has the dynamic range of a normal run-of-the-mill cassette tape.  Please guys......I'm begging you......find the original master tapes and reissue this again to correct the blasphemy of this cd.,negative
"I LIKE MAXWELL BUT

THIS ALBUM WAS BLENDED

TOO MUCH YOU

CAN BARELY

TELL THE SONGS APART

FROM ONE ANOTHER

THAT'S WHY I GAVE IT

ONE STAR IF ONLY

THERE WAS SOME DIVERSITY

HERE WITH THE TRACKS I WOULD

HAVE GIVEN IT 5 STARS.",negative
"I have been a fan of Soundgarden since the release of Louder then Love, and I absolutely loved Cornell's work in Temple of the Dog, but this CD doesn't compare to his previous work.
This CD lacks the passion and  intensity of all of his earlier work.  There is not a single song on this  CD that even resmbles something other then a ballad.  And while the CD is  slow and melodic, it lacks any real hook or feel that I have come to expect  from Cornell.
Unfortunately, this CD is just flat out boring.",negative
"Everything on this album is very forgettable with the exception of Sarah McLachlan's voice on ""Silence"" by artist Delerium. If you're a Sarah McLachlan fan you'll definitely want to get a copy of ""Silence"", but I suggest doing so by buying the individual song as a MP3. (This is an old tune actually. I'm not sure why it showed up on this new CD.) I love ""Castles In The Sky"", but Ray hasn't made any improvements over the original from Ian Van Dahl's Ace album. In fact, he's watered it down by adding more ""thumpetty thumps"" instead of spotlighting the excellent vocals that steal the show on the original. The remaining tracks on the album are average to lame but would still function as decent background music, but nothing more. If you're looking to spend your money on a really great dance album, look elsewhere.",negative
"Let me start by saying that I am a huge Pat Metheny fan from way back in the early 80's.  I've seen him live a couple of times and own all of his albums.  And while not all of them are 5-star efforts, even his mediocre recordings are still far better than most of what's out there.  This album, however, is nothing like any other Metheny release.  In fact, if you didn't know who was playing, you might think that this was a homemade recording of some kid who is just learning to play electric guitar, but hasn't really figured out anything about chords or melody.  It's just a bunch of atonal, tuneless, truly irritating screeching on a what sounds like a cheap Fender guitar.  And keep in mind - I actually like Nirvana, The Offspring and some other fairly edgy bands that incorporate this type of guitar sound into their music.  But those guys at least are playing real songs, where this album has little to no apparent musical structure - just Pat riffing on whatever comes into his head, playing notes and chords that clash so badly that he doesn't even sound like he's in tune half the time.

Again, I truly believe Pat is one of the most gifted guitarists of our generation, and I have nothing but respect for the man himself and what he's accomplished thus far in his career.  But this horrible little recording should never have been released.  Listen at your own risk.",negative
"I can't stand Brooks and Dunn. However, their public relations man must be the best! So much fuss over so much garbage!",negative
"Those of us who've followed this band since the inception are disgraced. However, there are two radio hits for those who love to chew bubblegum.",negative
"I am sure you have all heard his annoying catchphrase and sadly Mike Jones is back. No one else has reviewed this album and i am not surprised because this album is garbage. His last album ""Who is mike Jones"" was a bad album but his street single ""still tippin"" was the only reason his album sold. Now fast forward to The Voice and you get a album that gives many people a reason to say hip hop is dead. This album is just stereotypical hip hop spend money and having sex with women. Mike Jones doesn't even try to push his game up his lyrics are horrible. The funniest thing is that i saw a interview of Mike Jones and they were asking his opinion on the current state of hip hop and to me that was the most ironic thing. Are you serious you are asking Mike Jones not Nas, Jay-Z,Eminem, or Saigon. This album doesn't have any songs that would really want to make you buy this album if i had to choose a favorite song i guess ""cuddly buddy' but really im being too nice. In the end if you are a die hard Mike Jones fan then buy this album but if you are a hip hop fan wait for eminem's album or busta rhymes",negative
"This is just another bland, boring, dull, pointless r&b album. What's the point in this music? Just to dance to something? What mindless garbage. Usher introduces nothing new to the musical world, Listen to rock and metal folks where at least there's a suprise when you listen to different bands that don't all sounda like. Chris Brown, Usher, Beyonce what's the real difference? None",negative
I Don't Know Why Anyone Would Listen to This Trash. I Can't Figure Why It's Even Called Music. Worthless Garbage. I Gave it a One. It Really Deserves a Zero.,negative
"50 cent is garbage. He is no good. He is doing this for the money. He was WAY better when he was underground. If oyu guys want to hear the real 50 cent, listen to his old cd's. BUT, do not buy this cd.",negative
"I was really curious about this. JC is an amazing vocalist, but this album does him no justice. It';s basicly a look in the mind of a sex-crazed teenager. I read really good reviews on this album, but I don't understand where they are coming from. The songs are awful. The one shining moment is ""Build My World."" Why do these former mousekateers turn into such sexual beasts? Was it a a part of their training on ""The Mouse Club?"" Well, at least Britney and Christina have decent songs. Jc, try again.",negative
"This version of Rodrigo's masterpiece ""Concierto de Aranjuez"" was recommended by an online reviewer who rated it the best version available.  I have almost every single version of Concierto de Aranjuez ever recorded.  After listening to this version I was greatly disappointed.  First of all, there is a low level ambient hum present in the recording that is very annoying.  The hauntingly beautiful cor anglais part in the Adagio is played without passion or feeling.  Pepe Romero has played this piece much better in the past.  The Academy of St. Martin In The Fields plays blandly without soul.  I would not recommend this version!",negative
...with synthesizers,negative
"This maxi-single is a great buy. The CD is long out of print, and contains the song that was supposed to end up on American versions of Nevermind but was accidentally left off some version of Nevermind. The song is called Endless Nameless. The live tracks from October 30, 1991 and the title track is very memorable to me. I recommend getting this single if you want Endless Nameless. I also recommend picking up In Utero,Muddy Banks of Wishkah, Nevermind Nirvana's most underrated album Bleach and MTV's Unplugged albums all worth getting. If you don't have them stop wasting your time reading this review get out there and purchase these classics.",negative
"For whatever reason, Rhino decided to leave off the SACD layer of all three U.S. Depeche Mode re-releases, which is a real shame.  If you have an SACD set-up, the audio quality of the import versions is noticeably better (especially on ""Speak & Spell"").  Plus the DVD is region free, so the import video will still play in your PC or Mac (although it will not play on your TV, unless you have a DVD player that can convert PAL to NTSC).  I highly recommend sending Rhino a message that selling watered-down versions in the U.S. is unacceptable, by purchasing the Mute label import version instead (all three of which are outstanding).",negative
"This must be some kind of sick joke! John Lennnon was brilliant with the Beatles, but he leaves and puts out THIS? Sure, he was known for the more offbeat songs (Norweigan Wood, Tomorrow Never Knows, Lucy in the Sky with Diamonds, I am the Walrus, Strawberry Fields Forever) but THIS cannot even be CONSIDERED MUSIC! Twenty-four minutes of wailing followed by twenty-two minutes of screaming ""John!"" and ""Yoko!"" over and over again...could be the worst album ever. John was a brilliant mind, that's for sure, but this is just overkill.",negative
"HELP !!! I actually love ABBA !!!  Could someone please answer why ""TIGER"" is not on this album ? It opens the australian concert in ""ABBA the movie"" and is a better version than the studio recording !  Also, i cant seem to find it, how can i aquire the whole live recording for the australian concert ? ( just like the ""live at wembly"" album ) Any help from a fellow ABBA fan would be greatly appreciated.  ( By the way, the one star was only to get attention for my question. As far as im concerned ABBA is 5 stars always!!!!! ) After 40 years, ive finally realised how great a band they have always been. HELP !!!",negative
Well another Rick Ross album and like the first album unimpressive except for the 1-2 songs on it. Save your money and download the particular hits or song you like from this album only.,negative
"I know American Idol tries to get these cds out in a hurry but that is not necessarily a good thing. I like her voice, it sounds a lot better than it did on the show. That's why I gave a star. The songs stink, too much alike. I'm just telling it like it is. This is a filler cd. You have Idol to thank for that. Rush jobs hardly ever create great art. Good luck to Carrie Underwood and her nice voice. I hope she gets another chance at a cd. I hope the only release from this album is ""Jesus takes the wheel"". That might be less damaging than releasing songs that sound too much alike. Next time allow her to showcase her voice more.",negative
"What more can you say about Nickelback that hasn't been said already, everyone in the know about rock music knows this band is a joke. Chad Kroeger WISHES he had half the talent of those whose music he makes a poor imitation of (Pearl Jam, Alice In Chains, Nirvana, Soundgarden etc.) why on earth would anyone WANT to listen to this band, when they could listen to bands who's music Nickelback is deriving from, such as the bands  mentioned above, bands that actually PROGRESSED CHAD!, and didn't keep reusing the same f'ing tired chord progressions and riffs over and over...and over again to cash in on their lame formula(their CD's somehow sell millions). One reviewer put it perfectley, ""Layne Staley= dead, Chad Kroeger= alive and healthy, life isn't fair"" amen.

Bottom line: Throw this album out and go listen to Jar Of Flies instead, Nickelback have ZERO artistic integrity and are a disgrace to rock music",negative
"This conductor must have been trying to hide the truth about Beethoven's 5th - after all, it is true that Beethoven wrote parts for Gong, Wagner Tuba, and Sousaphone for this symphony, but why are they not played??? Disgraceful.",negative
"As far as I'm concern, this poor excuse for an album and a rapper shouldn't even be in the Gold Rush. He's just another tatooed low life who talk like he dropped out of grade school. Bling Bling  hip hop is the same as pop metal was in the 1980's and disco music was in the late 70's. it's contrived, formulaic, and shallow music that's overdone without substance. Slimm Thug may be street smart but he doesn't have any book smarts which makes him a slim scrub.

Pass on this album and buy some real music",negative
"You too can be a hyped up teeny generation Y rapper. Just carve out some minimal shoegazey beats, scribble down some brainless sub-death metal lyrics (don't worry, armchair pop culture spectators will refer to it as ""transgressive hedonism"" or something), and single-mindedly adopt some gimmicky flow (this guy raps slow! this guy growls!). Don't forget to use lots of pastel colors, that's how the kids know it's New! and Trendy! in the 2010s. Enjoy your adult swim deal!

If you used to listen to nu-metal and you think you've grown out of it, you'll probably like this.",negative
"Why don't they move to France?  I am appalled that today's youth seems infatuated with the Beastie Boys and I fear how that will effect the future of this country.  I'm just glad that no one over 20 takes these chumps seriously.  I have nothing against so-called rap music, in fact I consider myself a woman of color at heart.  But these guys are whiter than Pat Boone and are sending a message that the United States are unfit to live in.  Shame of them.",negative
"This is a WARNING to anyone that is about to buy this specific version of Powerslave cd.  It is NOT a remastered cd!  This issue came from 1998.  When I bought mine 3 years ago, it was advertised as ""ENHANCED"" [DIGITALLY REMASTERED]. This is a total lie and a waste of money. The CD you want was produced in 2002. I bought three other ""enhanced"" Iron Maiden cd's and I got scammed on those as well. The packaging on the 1998 and 2002 are identical. Make sure you buy the 2002. Maiden pisses me off for putting out way too many repeat cd's of the same material. They use distorted lawyer words like ""enhanced"" and make different song compilation cd's. It has gotten ridiculous. FYI ""enhanced"" means a couple of videos added... Read the cd case and it mentions you should have Windows 98!!!",negative
"Well, I've always loved Emmylou. Seen her several times live.

But this new one is just a bore. All ballads, all sounding the same. Many of the lyrics even have a certain sameness to them. I guess they're supposed to be ""poetic."" The band arrangements are nothing but wallpaper. The Merle Haggard song sounds just like the Tracy Chapman song. Emmylou's own compositions are lackluster. Yawn! She even manages to drain all the honky tonk out of ""Old Five and Dimers Like me.""

I wish Emmylou would return to the variety and pep that were always in evidence on her classic albums. But it seems those days are gone.",negative
"I love the Monkees.
I really do.
I have all the albums...all the CDs...the videos of their show..even a real Monkees lunch box.
But this DVD does not show the group at it's best. Shaky hand held shots, dim lighting and inept editing make this DVD suitable as a cable access program. The sound mixing is amateur. True Monkee fans knew a show was taped several years ago and were hoping for the best. Live Summer Tour leaves a lot to be desired. Obviously someone, producer David Fishof, is trying to make a quick buck.
David Jones and Peter Tork work hard put on a good show. Even though Davey looks a little dazzed especially during Daydream Believer. Peter almost is on key for Can You Dig It.
The backup band is passable and sometimes annoying with their little ""dance"" routines. Could someone please tell the horn section to just sit down.
Mickey is another story. He seems detached from the whole affair and never engages the audience or the viewer. He is just going through the motions at another show -- it has been 35 years. It is almost like you are watching one of those animatronic figures at Disney World. His vocals are positively grating on Goin' Down (a mess!) and That was Then, This is Now. Perhaps the backup band needs to change the key.
I recommend this DVD and CD only (awful sound mix) for the true die hard Monkees fan. Don't say you were never warned.",negative
"My one star rating is for the remastering job on this re-issue. If you care at all about good sound and dynamics, don't waste your money. This edition sounds horrible. And if you don't believe me, buy a copy and try turning up the volume. It'll give you a case of instant ear fatigue. The incredibly bright, brittle sound and compression makes it beyond listenable for this customer. To hear record companies destroying so many previously very listenable albums is very distressing. But they want to keep re-releasing old albums in re-mastered editions to sell you an inferior version of what you most likely already own, sans the bonus material. If you have to have it, go ahead an order one. But don't say nobody warned you.",negative
I am new to the tortoise scene. I love the sea and cake so I thought I would give them a listen.  I really don't know what to say other than this album really goes nowhere.  These guys are all obviously accomplished musicians and yes I understand this is their first album.  But the songs on here just don't grab you and pull you in at all.  I found myself constantly skipping to the next track two to three minutes into each song.  A lot of the songs just sound so similar in nature and many start to get under your skin badly. Practically all of the songs on here are just lame jamming with random sound fillers to try to sound cool I guess. I was just bummed out that there was not even one song on the entire album worth a second listen. I mean common.  I hope that the other tortoise albums greatly vary from this one.,negative
"Con 17 aos (en 1977) compr este disco y me pareci una obra maestra. Wakeman era el mago de los teclados y de la composicin. Poda codearse de t a t con cualquier compositor clsico que se preciara. !Qu ingenuo!. Haca lustros que no escuchaba este disco. El otro da lo adquir en Cd y corr a recuperar esas maravillosas melodas. El resultado fu una frustracin como hay pocas. Durante todos estos aos he escuchado bastante msica clsica. La suficiente como para darme cuenta de que Wakeman es tan slo un mal aprendiz de brujo. Es un correcto teclista, muy vistoso visualmente, pero poco ms. Compositivamente, esta obra es absolutamente vacua, pueril y grandilocuente. En el marco de Yes, Wakeman cumple su papel con mucha correccin. Es un buen teclista para la media de lo que son los teclistas en el rock, pero fuera de ellos, sus intentos por convertirse en algo ms resultan patticos.",negative
"I hate to say bad things about Iron Maiden...I love this band and forever will thank God for their existence...but Virtual Xi is a shame...Ok, Futureal and Clansman are ok...But what about the rest of the album...I don't care about the fact that Blaze Bailey is the singer, but the musics are REALLY REALLY uninspired! I can't believe Steve Harris thought that como estais amigos, educated fool,Don't look to the eyes and the lame angel and the gambler are good songs...THIS IS THE WORST MAIDEN ALBUM, but if you are really a fanatic you may like this REALLY REALLY uninspired moment by MAIDEN!",negative
Talk. Talk. Talk. I really had no idea how self-righteous and self-absorbed this man is. A terrible live recording.,negative
"What is the key to Fall Out Boy's success?  They have had incredible record label support from day one.  The band seem to be awfully shrewd businessmen who ink corporate contracts left and right for everything from tour sponsorship and video funding to extra exposure (as if they actually needed more).  Bassist/lyricist Pete Wentz is a loose cannon who makes incessant ridiculous statements and will associate with the lowest life forms out there as long as he gets attention (hello, Ashlee Simpson).  The entire band has a look that appeals to young girls and are all too willing to appear in numerous teen magazines where everything from Patrick's favorite color to Andy's shoe size are discussed.

But this is not a review about how media savvy the band is, or how incredibly lucky they are to be connected to the right people.  This is about Fall Out Boy's latest album, Infinity On High.  The advance hype makes this sound like a collection that should be in every home - congratulations to FOB's PR crew, hopefully they will be compensated for their tireless effort in promoting this album.  While no fault can be found with the people helping FOB attain their goals, the opposite is true for the band and their weak effort on this album.  The one thing that represents an evolution for the band is an appearance by Jay-Z on the opening track, and I personally always thought he was overrated anyway.  And if you want to call it change, there's the addition of synthesizers to some tracks which helps to give many of these songs a Justin Timberlake feel (hey - another teenybopper icon!).  Take that away and you have the most generic, prototypical, shallow pop/punk this side of Simple Plan, topped with the sugary sweet vocals of Patrick Stump.  The band knows that the young and feeble-minded teenybopper nation has made them a huge success and appeases them by making practically no changes to their sound.  Lyrically the band continues to mine romance as their primary source for lyrics.  Stump (through lyricist Wentz) offers this nugget of self-important nonsense: ""A penny for your thoughts but a dollar for your insides / Or a fortune for your disaster / I'm just a painter and I'm drawing a blank"".  Wentz is obviously a Morrissey fan, but he isn't even close to approaching his idol's lofty heights - in the realm of self-deprecation his lyrics are as simple and sophomoric as it gets.

In summary: Fall Out Boy are excellent hype men who rank with some of today's biggest rap artists in that department, but create some of the most bland music out there - and taking into account the simplistic vacant-minded musical landscape of 2007 where Nickelback and Fergie are among the most popular ""artists"", that is saying a lot.  Everything that appears on Infinity On High has been done before, and much better.  There are far better bands out there than Fall Out Boy, but unless your main sources for discovering new music are MTV and Teen People, you already know that.  Send these clowns back to their day jobs at Chuck E. Cheese.",negative
"What the devil was Stanley thinking here?

OK, I could understand going more in a saleable R&B direction but MAN, this was over-the-top corniness of the worst kind, bombastic pseudo-rock/funk arrangements mixed with lame, pointless corny cutting-up and Stanley doing a rather bad parody of himself. And what's up with that idiotic cover with Stanley on a STONE MOTORCYCLE!!???

I have to admit I lost a lot of respect for Stanley as an artist after hearing this abomination, (and it wasn't until hearing 1989's ""If This Bass Could Only Talk"" that my respect for Stan as a musician came back in spades). Unfortunnately, ""Rocks Pebbles and Sand"" was only the beginning of the long 1980's Schlock-Fest that Stanley would unleash (no doubt at the behest of his record company).

Skip this turkey altogether, unless you are a masochist at heart.",negative
"Every time I see this DVD in my collection I get angry! What a missed opportunity. There is so much great footage available out there but this eagerly awaited live DVD under-delivers in three ways:

1 - Almost all of the clips are available elsewhere (there's nothing really new)

2 - Don Letts has the cheek to include his own Tommy Gun clip which is lip-sync video not a live track

3 - The voice-over is patronizing, dumb and annoying.

What would have been great would've been a DVD which took ""Clash on Broadway"" as an inspiration and delivered a compilation with the same depth and integrity as that CD boxed set.

Instead we get this very lazy cash-in.

A real missed opportunity.",negative
"Love the congs, I listened to these for decades

but

REALLY rolled off highs
REALLY murky muddy lows, but no deep bass

you'd think for a new compilation they would get the sound right

skip this set

I hate to write bad reviews, there is always someone who loves everything no matter how bad.
Just trying to save you money",negative
"You know, for as much hype as Nirvana gets, they really did write some mediocre music.  They get remembered as ""legends"" for inventing trash called grunge and simply because Cobain killed himself like the martyr that he thought he was.  I am not reviewing ""Nevermind"" specifically but I am moreover reviewing all of Nirvana's music, since this album is no less and no more garbage than the other 2 albums.
This music completely lacks in depth, substance and any musical talent.  The musicianship is extremely mediocre and childish and the songwriting is certainly no better.  Isn't it wonderful that this kind of music burst onto the scene in the early 90's and displaced classic rock?

Drop this music (not just Nevermind) but all of Nirvana and enlighten yourself with real music like Led Zeppelin, Pink Floyd, Black Sabbath, Yes and Queen.  Cheers",negative
"If you haven't read one of my prior reviews on these 2009 ""remasters"" (notice the quotes) by the Stones, than I'll say it again. I really want to get the point across to fellow Stones fans and newbie fans who are just starting to discover the magic of the Stones.

In late 2008, Universal Music acquired the rights to the Rolling Stones' catalogue from 1971-2005, which had been owned by Virgin Records since 1994, and prior to Virgin's acquisition, had been owned by Columbia Records from 1984-1994 (and if we want to get technical, every album from 'Sticky Fingers' in 1971 to 'Undercover' in 1983 were released on the Atlantic label, so it is safe to say these recordings have changed hands a fair share of times, but that's another review altogether).

Curious, I went out to my local CD shop and bought a few of these new remasters. I had read horrible things and on the contrast, great things. I bought 'Tattoo You,' 'Steel Wheels,' 'Dirty Work,' 'Sticky Fingers' and this one, 'Still Life (American Concert 1981)' just to see what I thought. Well, let's just say I was itching to sell them almost immediately.

First of all, whoever remastered these should be shot. The sound quality on all of these are absolutely disgraceful. The crowd noise on 'Still Life' is almost deafening, and it really gets in the way of the music. The original 1990 Columbia pressing and the 1994 Virgin remaster sound great (I own the Columbia version, which is what I am comparing this to, and a friend owns the '94 Virgin version, so I have heard them both). This one is a classic victim of the loudness war.

Mick's vocals are muddled, Bill's bass parts are deafening. I could keep going on and on, but I won't. The bottom line is this: If you see these 2009 Rolling Stones remasters, DO NOT buy them under any circumstances. These are cheap, MP3-quality discs that sound terrible on great speakers and even $10-$20 iPod speakers. They are loud, overcompressed, and if listened to enough at full volume (I'm sure) deafening. Don't say ""that's how rock and roll is supposed to sound"" -- it's not. The loudness war is a terrible thing, and all of these 2009 remasters fall victim to it.

For an example: On the Amazon page for the 2010 'Exile on Main Street' remaster, somebody in the Customer Images screen has demonstrated how bad and how loud all of these 2009 remasters really are. Go check it out. Search the customer images section of the 2010 remaster of 'Exile.' If you can't find it, search 'B0039TD7RC' in the search box (this is the remaster's ASIN code).

Overall, these 2009 remasters just blow. The 2002 ABKCO remasters weren't bad (call me crazy, but I actually do prefer the original 1986 CD pressings, but that's just personal preference), but the 2009 Polydor remasters are bad on all levels. The Rolling Stones have been called the ""greatest rock and roll band in the world,"" and in many cases they are. But you wouldn't know it from these dreadful remasters.

'Still Life' is a magnificent live album (I know a few Stones fans who disagree, but I have always loved 'Still Life' and I always will) that should be heard and probably owned by all Stones fans. But whatever you do, stay FAR AWAY from these 2009 remasters and stick with your 1994 Virgin and/or your 1990 Columbia pressings. This is the case for all of the Stones' albums from 1971-2005: the original pressings sound FAR better. Go to those instead.

Great live album, horrendously remastered. Enough said.

NOT RECOMMENDED.",negative
"File with love beach....also not thrilled with the note from Greg (RIP though!!) justifying lighter grade vinyl being higher sound quality when most are 180 g now and touted for sound quality.  If it breaks, that amount of sound quality you can't hear anyway doesn't matter much.",negative
Did Al Gore and Barrack Obama pay him to write this crap. The truth of the meter is that Global Warming is the biggest scam in History it does not exist. Pitbull should stop promoting the liberal agenda to people to hear it .,negative
"I hated the death metal vocals that made up Oracle, and I hate the wimpy sound that makes up this album. I thought Until the End got a little bit softer than Kittie's norm, but was still enjoyable. This album on the other hand is just too emo. I'm glad they got back on track with In The Black.",negative
"I was looking forward to this CD. I was hoping it would have songs on it that resembled the straight ahead rockers Peter had written occasionally with KISS. Songs like ""Dirty Livin"", ""Baby Driver"" come to mind.
There is NOTHING on this CD that remotely resembles a rock and roll song.
Apparently Peter sees himself as a Frank Sinatra...This CD is sad, it's depressing, I had to force myself to listen to it completely. Yes, It's that bad. I rated it ONE star because amazon does not give the option of ZERO stars, or NEGATIVE stars! At one point I contemplated sticking sharpened pencils into my eardrums so I wouldn't have to hear anymore.
I'm a huge KISS fan, but I have to believe song writing like this is the reason Paul and Gene didn't allow Peter more songs on KISS albums.
Peter says this CD is for his fans. What fans want to hear this sludge?
Do something that rocks like the aforementioned songs and maybe I'll buy THAT CD",negative
"Wow! This album is...huh...ok, look. Ringo Starr released some fantastic music during his solo career and the work he is currently doing is above reproach, but this album...is ununspired, insipid, trivial, lackluster, directionless and lifeless. I'm a Beatles FANATIC and as such do not regret spending my money on this disc. But, as a word of warning, as big a fan as I am, this album will very possibly live out the rest of its days firmly shelved, unless my cat knocks it onto the floor. I guarantee, however, that it will never again see the inside of a CD player. I hate to write a review this harsh because I LOVE RINGO, but yikes...how the mighty have fallen...",negative
"What can I say, this is aural pornography.  I'll tell you, as a proud woman, I can't stomach this type of thing, with the B-word thrown around so freely.  I know Mr. Dogg has been in the business for many years, and he has earned his success the hard way.  That doesn't mean we independent ladies (unite!) need to like it.  Gin and juice?  I gots no use!  Pass the lysol, this cd stinks up the room.",negative
"I checked out this album from my local public library, and Im glad I did not buy it.  This has got to be one of the most boring, slow tempered albums I've ever had the misfortune to listen to.  Its HORRIBLE!. Now, Im sure that Ms. Jones is a lovely person, but Im reviewing her album, and it stinks! How this won all those grammys is beyond me.  Im a pretty eclectic listener and will give anything a chance, let me save you the trouble, DONT give this a chance.  Its the musical equivelant of passing gas.",negative
"I think this CD was on my recommendations list. That will teach me to buy something without listening to it first. Ugh.
I've been playing this disc on repeat and so far I can't remember a single tune. Forgettable, jangly, guitar-pop; nothing-special vocals; and repetitive rhythms doom this effort to the used bin. Do they really expect me to care about anything they're singing about? ""Mass Romantic"" epitomizes banality.
Did I say the vocals where nothing special? Actually, some of the singing is downright terrible. Do yourself a favor and listen to this on the internet before repeating my mistake.
Buy yourself some old WEDDING PRESENT CD's...not the same, but infinitely better. This CD totally rots.",negative
These songs all sounded like disco to me.  The music was very monotonous and didn't fit well with the lyrics or the vocals.  I wouldn't recommend this.,negative
"This may seem like a great price, but do not buy the digital version of this album or the CD if you are interested in digital versions of the additional last four tracks that were not part of the original release ( 11. Fire of Unknown Origin; 12. Sally; 13. (Don't Fear) The Reaper (live); and 14. Dance the Night Away). They are not included in the AutoRip version or on the digital release (a fact that Amazon neglects to mention, and when pressed, has no explanation or corrective response for other than to say ""Colpa Mia. Peccato!""). I already owned the vinyl version of this album so I was buying it more for the additional tracks than the original ones. Although the extra tracks were included on the CD version I received I was disappointed not to have them added to my AutoRip and Amazon Music account. Don't fear the reaper, but do fear false advertising!",negative
"Chingy is one of the worst rappers ever, another talentless buffoon who talks like a jackass when he ""raps"", and loves to add the suffix ""urrr"" to every word he says. He tries his best to impersonate Nelly, but fails miserably. Whoever gave this man a record deal should be slapped. His lyrics are among the worst I've ever heard. Even his name is a joke! He claims Chingy means: ""to be rich or to be a baller"". He's set a new low in music, and he's nothing but a gimmick.

His music sucks, but his albums sell. I'll never understand why.",negative
"I saw ""Applause"" on Broadway two days after it opened. The reviews were fabulous and I went in with my friends in a frenzy of excitement. We came out under a cloud of disappointment. This is one musical that should have been a straight play. The book scenes were strong and biting, great quips, great dialog...and then someone opened thier mouth to sing. In my opinion this ranks as one of the worst Broadway scores on record. If it hadn't been written by such a talented team, I probably wouldn't judge it so harshly. But Come On: Strouse, Comden and Green writing songs like ""Backstage Babble"", ""Hurry Back"" or ""Fasten Your Seatbelts""? Downright embarassing! Bacall was a great  actress and a few years later she proved she could carry a musical with ""Woman of the Year"" but she just could not stand up under the weight of this elephant. ""All About Eve"" would make a good musical. Maybe someday somebody will take the book for ""Applause"" and give a a real score worthy of the material.
P>S."" The transfer to CD is very good. Nice sound and a couple of extra tracks by Charles Strouse thrown in.",negative
"Walking with a panther 1/2 Star

This is the worst LL Cool J album I've ever seen, I Hated it, Although I Didn't like 14 Shots to the dome, Phenomenon and The DEFintion, but those look like masterpieces compared to this junk, LL's performance is really terrible, the songs are terrible, everything about this album is really bad, Sadly LL Got backlashed and booed pretty harshly in showtime in the apollo in 1989 and what's worse NWA & Public Enemy brought a major change to rap.

Thankfully he made a comeback after this and he blew people away this time with Mama said knock you out.

This is a dreadful album, absolutely dreadful.",negative
"To Snoop: You did well with giving us Blue Carpet Treatment, but on this one your ego got the best of you and the worse of our pockets. I believe you put a lot into it, but with the wrong producers. You should have stuck with Dr. Dre. I know you are the type to help out everybody and we all know that Teddy Riley and DJ Quick could use a dollar, but you have a reputation to live up to. I'm yawning on this one.

To the fans- I am not sure if you will like this one. Maybe one or two songs are good out of 21 that's on there. That is bad. This album was a waste of studio time. Sorry.",negative
"This band blows chunks like a drunken dog owner. My brother and sister love this band, not me,I on the other hand think the girl,whatever her name is,sucks. The band can't play nothing. If you want a band with captivating female vocals,buy Lacuna Coil and compare. Then you will see that this band is to overrated. P.S skip Seether because that guy is going out with her.",negative
"Kheav could have done better. Of course, the first cd, through and through was a classic banger. This album is more.... how shall I say.... Tracey Chapman-ish-it. OOOPS, didn't mean to cuss. Beats were ok on some songs but the rest was flat. Want something raw, underground music? Check out Immortal Technique. This brotha is walking around with a full clip and a bullet proof vest.",negative
"When Moby first started out, he was a talented techno-induced DJ.  Although I don't really care for techno, his early music is still quite unique from other techno 'artists'.

But this isn't techno, not going back to early Moby, as some think of it.  This album is lost in the expansive catalogue of songs and ideas Moby has created in a relatively short period of time.  It's uninspiring, dancey pop music that mimics older pop styles (basically you're listening to 30-40 years of dancey pop music thrown together).

And the worst part about this album is hearing Moby's 'inspiration' for making the album: one night in New York City.  How callously shallow!  Moby is a deep thinker, a heavy animal/human rights activist, and overall an extremely talented musician.  But you don't see any of that in this album.  I have to admit I haven't listened to the entire album, only about half, but I was so bored with the few songs I have heard, namely the singles, that I dared not waste my time with the rest.  I did find 'Alice' catchy, but its repetitiveness just ruins the experience.

When Moby came out with the single 'New York New York' I'll admit I don't care for it extremely, but it does have more merit than all of what I've heard from this album combined.

Oh yeah, and hurray for the numbness-inducing amount of remixes we get from this album's singles.  Now all those rave-loving nimrods can have even more for the dance floor (while the real Moby fans are sitting at home cuddling their 'Play' albums reminiscing of better times).",negative
The cd was scratched and was advertised as being A+,negative
"Product review, not music content-

First, the artwork on the discs is identical to the the box art. The mini-LP jackets are not high quality like the Japanese sleeves. The inner paper sleeves that hold the CDs are glued and not resealable so you will likely tear them and discard them when opening. The version I have has a cheap cardboard slipcase, not a picture box, and the booklet is comprised of just track listings.

There may be a few versions of this set, so beware. Maybe the version with the actual box is very nice...",negative
"Ok.  Give me a chance to explain the one star rating.  This band, Rammstein, is an amazing band.  Their first two albums were amazing, industrial greatness.  Love them to death.  Then Mutter came out, good cd, slightly different direction, but still good.

Then this came out.

I heard Mein Teil and i got scared.

I heard Amerika and was relieved.

....then i heard the rest of the album and cried.

I'm sorry, but looking back at their previous efforts and then listening to this would make anyone cry.  Anyone who truly loves the old Rammstein cds should run far away from this before it's too late.

The cd is bland, all the songs sound the same.  There is no real energy on this cd, as there was in the past.  And Rammstein has basically thrown all their industrial roots out the window on this one as well.  Yet a lot of band i've been listening to have done that (i.e. orgy, zeromancer, godhead, all had watered down albums compared to previous efforts, however their new albums were good tho)  this is just horrible.

i'm sorry rammstein.  please forgive me.  but i had to do this.  i had to warn people.  i know some will be mad at me for this review, and you will automatically say this review didn't help you, even thought you own the cd and simply disagree with me...but you can't honestly give this cd a 4 or 5 star rating after listening to their older cds.",negative
"It is hard to think of a duller K 626 in existence than this recording - was Uncle Claudio more dead than Karajan at the time? If so, perhaps Deutsche Grammophon propped him up on the podium like El Cid and pistons did the rest.

The Requiem Aeternam has no sense of menace or loss and it does not get any better thereafter. Terfel is the best of the soloists but his mastery notwithstanding, he cannot galvanise this dull affair.

Sylistically, this is neither fish nor fowl; nothing sounds more insipid than applying period practice to a modern day orchestra. Contrary to expectations, the use of the Bayer / Levin text further deadens this performance. The Berlin Phil sounds uninterested; there is no inner luminescence whatsoever in its playing. The recording is as lacklustre as the conductor & orchestra.

With the onset of winter, perhaps I should have purchased a few more copies and then wedged them under the door as a seal (I can't think of any other use for them).

It is astounding - in a way - that the Penguin Guide lauded this performance. There's nothing to like about it whatsoever. Perhaps there is more innate interest in the tit-bits (K 42 & K 339) but after such torpor, what forgiveness?",negative
"This CD was put out in 2007 by Sundazed on a Nice Remaster with Bonus tracks Look for that one don't buy This trash from San Fransico Sound they rip Off The Band.

We need to not buy this. Buy The Sundazed Used or Buy it on Vinyl !!!",negative
"Issues is just plain terrible, one of the biggest let downs for me in music. I was a big Korn fan once and after their first three albums I was left with such confidence in Korn that I went and bought Issues without first hearing it, boy was that a whaste of time and money! After listening to it once, in disgust I hurled it out the window into the back yard where my dog soon found use for it as a chew toy.
The sound of Issues is just plain torture to listen to, the songs are bland and un-inspired and the vocals, pfft, I mean they can't even come close to being classed as even a shadow of the vocals from the previous albums. Then there's the content, oh my, the lyrics in Issues are nothing but a cavalcade of self pity and self indulgence. Jonathon Davis whinges and crys about how bad his life is-as always he's been singing about this since the debut album-but here I think a line has been crossed. This is not expressive singing anymore it's simply a market pitch aimed at the depressed teenager demographic.
It took a year to produce this scat and it still sounds horribly rushed, it doesn't even seem like a complete CD, it's more like 6 or 7 songs interspersed with useless filler in the form of short 45 second to 1.5 minute long pieces of meaningless garbage.
Issues signified a large turning point for Korn, after Follow the Leader they were a bit mainstream but still on the up, with this useless whaste of a CD they have turned their tails and dashed at breakneck speed downwards towards the depths of scatville, with Untouchables they have truly reached this destination.
Korn are dead...",negative
"Jeez, these guys are obviously HUGE fans of the Urban Dance Squad; In fact so much that Mr. Morello memorized almost every of their riffs from his coke trips to Amsterdam. Too bad he had to saddle them with juvenile political rants from some disgruntled chicano who got beat up as a kid by his white boy neighborhood.",negative
"I am a (as another reviewer put it) ""die-hard"" temptations fan. Always have been.  Infact, my latest thing going on is trying to get their rare 80's albums [Together Again, Special, To Be Continued, etc] on CD.  It is truly amazing that you can find the songs available in this particular collection on countless ""greatest hits"" collections. Save your money and buy the Emperors of Soul Box Set. You won't be disappointed.",negative
"Absolutely unbearable and unlistenable. I'm pretty open minded when it comes to mindless pop music. Heck, Britney's Blackout is a HUGE guilty pleasure for me. I can totally dig Peaches dirty lyrics and amatuerish lo-fi beats. But Lady Gaga is just plain bad. Think of the worst gay house music that you would hear at your local dance club, you know the type. Well, Gaga takes that annoying style and amps it up to 11. Unbearable. Unlistenable.  I deleted this from my mp3 player and sold the disc. Really? People are digging this? What makes it even worse is she's totally full of herself with an ego larger than the planet Pluto. I read an interview in either V or W magazine where she goes on and on about how she was wearing Thierry Mugler long before Beyonce!? WTF? Well honey, at least Beyonce has a modicum of talent to back up her fashion choices. Please tell me that her 15 minutes are almost up.",negative
"I've always tried to give Rickie Lee my attention on the strength of her earlier and best works: Rickie Lee Jones, Pirates, The Magazine, Pop Pop, Flying Cowboys, Traffic from Paradise and the later It's Like This (Rickie and Joe Jackson...WOW!). I even drove to Milwaukee to see her in concert a couple years ago at the Pabst Theatre, where she played her first 2 albums, in their entirety, with an absolutely superb band. And she was great; until she had to change her shoes and momentum was lost. But after buying The Sermon...(yech), Evening of My Best Day (played it 2 times and I was done), Balm in Gilead (a mediocrity with a tiny glimmer of hope), and now, yawn, this lame ass effort: I give up. Hearing this drugged out drivel, I'm strongly convinced her creativity dried up a long time ago, and henceforth, she'll continue to come up short on any future releases. Someone prove me wrong, please. It's also unfortunate that she seems to have a knack for working with all the wrong people in the business. (Ben Harper sucks, and so does the supremely untalented Peter Atanosoff from Sermon...) So much so in fact that she can't even do proper covers anymore, something she used to excel at. Energy is non-existent, arrangements are lackluster, and everything becomes a moody bore. One exception is of course, Neil Young's gorgeous ""Only Love Can Break Yourt Heart,"" an almost impossible song to ruin anyway. What a shame. I guess all that boozin' may have taken it's toll. DO NOT waste your money on this. I'm sorry Rickie, but its inexcusable to put out lazy s__t like this and expect your fans to pay for it. Either do some real damned work or give it up and just rest on your laurels. You've certainly earned and deserve that much for a still mostly great body of work. But we deserve better music from you. We keeping hopin' but you keep disappointin'. Same goes for Joni.

By the way, I'm convinced that all these 5 star reviews for just about everything selling on Amazon, are a hoax by people with a vested financial interest in the product being sold. Case in point: The Devil You Know. But please don't take my word for it, just randomely look up the reviews of any cd on Amazon and you'll see a completely lopsided amount of favorable reviews - and for truly terrible recordings too. I challenge you, pick one you hate, and then just read all those glowing 5 star reviews about it. There are few comparably negative ones, like this one, in the archives. This is no coincidence. I fell for this trick some before, but now I know better. Before you buy, listen first...if you can, and if you can't, and you have doubts: DON'T BUY! Let's make them give us more samples. We should all be able to know what we're buying. I've wasted too much money on garbage that was given rave reviews. I mean does anybody really think Bob Dylan's Tempest CD, with its repetitive and monotonous tones, played by an amateurish sounding band, complete with Bob's frog in throat singing throughout, is a masterpiece? I quote Eddie Condon here: ""He tried to carry a tune across the street and broke both his legs."" Seriously folks, I fail to see the charm of an over the hill, filthy rich, old geezer of a rock star, milking his audience for more cash, in order to maintain his oppulent ""lifestyles of the rich and famous"" uh...life. Bob, you can try to write some more good songs if you like, but do us a favor and please, please, let someone else sing them. You sing like Mohammed Ali would fight were he to enter the ring today. Lets face it, some people are just too damned old to be doing what they do. Hey, I think I just felt John Lennon nodding in agreement, but what do I know?",negative
"If you love to dance, you should buy this cd. But if you are one of the people that only like to dance to some kick ass rock music, alone, in your underwear..then this is not for you. I liked Ms. Gwen in No Doubt. But I never really got into that either. I respect her though. She does write her own music and tries to dominate in the male dominating indistry. But I lean away from extreamly happy gonna dance my blues away with up tune beat..music. And that's what this is.",negative
"Amazon has made sampling their digital music such a hassle anymore that it's worth the extra dollar to purchase it at Apple. I mean really--do you people really expect me to sample an entire album like this? It's hardly functional. What's more, at Apple, the samples are longer, they always have been. Hell, there are hundreds of us who still can't get Amazon's year-old music ap to even work on our machines. Amazon has let their digital customers down, only an idiot would pay to stream music.",negative
can't believe how pretentious and b o r i n g this album is.,negative
"Reissues are big bucks for artist to pan for more gold from the same stream and I'm damn sick of it! [THIS REVIEW IS FOR ALL 3]. It's one thing, the Bon Jovi New Jersey 2CD remaster...that has a second CD packed full of unreleased songs, single only B-sides, etc. Many of the WB Deluxe Editions for Thin Lizzy, Whitesnake and Black Sabbath all offered cool live, demos and material of value. OTHER THAN THE FIRST ZEPPELIN reissue which CD2 has a 1969 live set of songs, the rest have rough mixes, mixes with no vocals and there is no major upgrade in sound of the initial CD! As stated, back in 1991-92 Page went through all these songs and painstakingly remastered them all. There is another boxset of the SAME MIXES only with the individual CD's so you get them in their original order.

I love Zeppelin! I love alot of artist but in this economy to re-package with no significant pluses is not the act of a band with integrity. If Page wants to make an honest buck let him do another Firm CD, tour and release a live DVD/CD of it including songs by Zeppelin live. Plant's voice is done for Zep tunes and he has no interest. Rodgers was great in The Firm and pulled off Queen so I'm sure he'd do a fine job with Zep tunes live. Chris Slade would answer his phone if Jason is tied up and add John Paul Jones and it would be GREAT!",negative
"First, a confession.  I'm somewhat fanatical when it comes to collecting and amassing anything associated with Mike Patton.  It's totally without explanation.  But, I am.  I have virtually everything he's ever done or worked with, including the cameos with John Zorn, Merzbow, etc.  I think it stems, in part, just because I think Patton is so (...) talented and cool.  So, consider that when I write the following:
I got this one after picking up the third cd by this outfit.  I thought that, given the Mr. Bungle connection, I'd be in store for some treats.  Especially given that their third cd is not all THAT bad.
This? This is a different story.  My theory is this:  Each member was in a different spot in the world.  Each layed down some tracks totally independent of the other.  Drums in Bora-Bora, Guitar in Argentina, Keys in Istanbul, etc., etc.  Then, at an agreed upon time, all came together with their recordings and just mished-mashed them together to create a single ""effort.""  What you get, given that theory, is what you would expect.  No congruency, nothing.  It sounds as if each member is totally on a separate page altogether.
To say that this is ""cool"" and something that is out of the ""mainstream"" is a farce.  It is pure and utter noise packaged and sold to the ignorant under the guise of ""art"" or ""avant-garde.""  Those who bought this, myself included, admit it, you've been had.  You would be MUCH better off to buy something by Einsturzende Neubauten.  Much better off.
You don't have to sink to this level to avoid the mainstream ""sugar-coated mindless garbage"" as Jello Biafra would say.  I mean, there IS a middle ground between Sugar Ray and these guys. You need not listen to this trash to avoid it.
Rather, if it is music you're after, why not pick up something by Fantomas (or Bungle itself) if you MUST stay in the Patton world.  Go beyond it, there's a whole world out there of incredible music that is not all ""mainstream.""  You want to get the synapses firing in your over-worked head? Get some spoken word by Biafra.  Listen to what is said and you'll start to actually THINK about the mainstream you so desperately try to avoid.
If you must stick with this, get the latest release by these guys.  And to all those who love this one?  Well,  you're going to make me a rich man. I'm going to record nothing but a drill and a table saw, while I plink a few keys on a casio-keyboard, and I have four different televisions playing, all set to different channels.  When I finish, I'm sure you'll gobble it up.",negative
"Alright, somebody has to clue me in on why this band is popular ? Point taken, ""Mudshovel"" was an entertaining song; aside from that, this band bores me - not just the album, but them.
Many of there songs seem non-descript, all the lyrics usually coming off as shallow and trite with little meaning.  The songs themselves seem non-functional.  What's the point of the song ?  Personally, I've always felt that the greater songs have always had, well...a purpose.  A great guitar solo or riff; or the song climaxes to a wonderful peak.  But Staind just keeps on going and going and going......  It's gotten to the point where i just want to shove a sharp object into my ear whenever i hear this band.
Please, go listen to TOOL or The Tea Party or Led Zeppelin if your looking for a band which stands as a monument in the creation of qulity music by talented musicians.
I even recommend Korn over Staind (and that's saying something)....",negative
"I was 14 when their first album came out and loved it.  This one is way different though.  They are trying to change their image, but that is hard when you got your start in the young teen and pre-teen market.  It seems that they are trying way too hard by having all the guest appearances by rappers in all the songs on this.",negative
the guy was a good dancer but that has nothing to do with rapping on the mic or lyrics.this album was pure marketing.he is the Al Jolsen of Rap.making a mockery of it as to bringing something important to the  game.he couldn't even get his samples right. Ice Ice baby bit a Queen/David  Bowie cut.this is very corny pure&simple.,negative
"I am a great fan of Sting. He has inspired me ever since I became familiar with his work. I always used to close my eyes and see the castles, fields and heroes he used to sing about. That is why I was very disappointed with  Sting's former album and VERY disappointed with Sting's current new album:  Brand New Day. It seems, that Sting is going on ""fishing trips""  for new sounds and new types of music, instead of focusing on his own,  unique style, the one he is loved and appreciated for. He is doing a  terrible job - I come from Israel, where we are exposed to authentic Arabic  fine music. That is why, to my ears, Sting's attempts to sound more  ""ethnic"" are pathetic. This whole album is an aimless mixture of  sounds, and Sting, as a great artist, gets lost inside. I can only hope  that this album was made for pure fun and that soon we will get to hear  Sting's real beautiful mellow Celtic-like tunes.",negative
Very bad music,negative
"Do you know what this is? This is PAIN. Mental and Physical PAIN. Pain in the worst possible way. This is nothing but pretentious avant-garde garbage.

This could have been such a wonderful album if Metallica and Lou Reed moved away from the expressionist approach. But no, the music is repetitive, the lyrics are bizarre, and the vocals are pathetic. The music is beyond bad because it lacks melody and consistency. The lyrics are strange, though admittedly, most of it isn't terrible if seen correctly as an expressionist poem. James Hetfield's performance is okay, but Reed's is almost apocalyptic. All he does is say the text with an almost monotonous tone. His voice is very uninteresting to listen to. But the worst thing about Lulu is that it's downright tedious. The repetitive musical notes and strange lyrics gives an authentic sense of boredom. Falling asleep halfway through the album is almost a necessity.

Hetfield, Hammett, Trujillo, and Ulrich are the only redeeming values in Lulu. Everything else is just terrible. The band's collaboration with Lou Reed was a big mistake from the very beginning. I don't hate Reed, but his concept didn't fit in Metallica's universe. This album can only be a reminder that some collaborations can be a disaster if not done wisely and carefully.

Grade: 2.2 out of 10

Also from Metallica
Ride the Lightning (9.8 out of 10)&nbsp;<a data-hook=""product-link-linked"" class=""a-link-normal"" href=""/Ride-the-Lightning/dp/B000002H2H/ref=cm_cr_arp_d_rvw_txt?ie=UTF8"">Ride the Lightning</a>
Master of Puppets (8 out of 10)&nbsp;<a data-hook=""product-link-linked"" class=""a-link-normal"" href=""/Master-of-Puppets/dp/B000002H33/ref=cm_cr_arp_d_rvw_txt?ie=UTF8"">Master of Puppets</a>
...And Justice for All (9.7 out of 10)&nbsp;<a data-hook=""product-link-linked"" class=""a-link-normal"" href=""/And-Justice-For-All/dp/B000002H6C/ref=cm_cr_arp_d_rvw_txt?ie=UTF8"">...And Justice For All</a>
The Black Album (9.8 out of 10)&nbsp;<a data-hook=""product-link-linked"" class=""a-link-normal"" href=""/Metallica/dp/B000002H97/ref=cm_cr_arp_d_rvw_txt?ie=UTF8"">Metallica</a>
Load (9.3 out of 10)&nbsp;<a data-hook=""product-link-linked"" class=""a-link-normal"" href=""/Load/dp/B000002HMH/ref=cm_cr_arp_d_rvw_txt?ie=UTF8"">Load</a>
Re-Load (9.1 out of 10)&nbsp;<a data-hook=""product-link-linked"" class=""a-link-normal"" href=""/Re-Load/dp/B000002HRE/ref=cm_cr_arp_d_rvw_txt?ie=UTF8"">Re-Load</a>
S&M, Live (10 out of 10)&nbsp;<a data-hook=""product-link-linked"" class=""a-link-normal"" href=""/S-M/dp/B00002Z88D/ref=cm_cr_arp_d_rvw_txt?ie=UTF8"">S&M</a>
St. Anger (7.5 out of 10)&nbsp;<a data-hook=""product-link-linked"" class=""a-link-normal"" href=""/St-Anger/dp/B00008OWZG/ref=cm_cr_arp_d_rvw_txt?ie=UTF8"">St. Anger</a>
Death Magnetic (9.4 out of 10)&nbsp;<a data-hook=""product-link-linked"" class=""a-link-normal"" href=""/Death-Magnetic/dp/B00192KCQ0/ref=cm_cr_arp_d_rvw_txt?ie=UTF8"">Death Magnetic</a>",negative
"I thought I was buying a complete Dixie Chicks CD and all I got was two songs for the price of a normal CD. I want to return this for a refund.

The two songs are good. I think it has a very short video also.  The packaging also sucks because it is really sparse and misleading.

I thought it was a joke.  Amazon should put a warning at the top of the page stating that this is really two singles and a really short video and not a complete CD.  I notice I'm not the only person who was fooled.",negative
"Alright! Green Day! My favorite ambiguous emo-punk-pop disaster's still as popular as ever, luckily. I just love this live DVD. A jewel case? Man, that works so well with the faux-melancholic nature of ""Boulevard of Broken Dreams"" and others. This DVD is superb, I just cherish every moment of a grade school dropout strutting around in a king's crown. I've always dreamed of listening to guitar and vocal studio overdubs to compensate for lack of real talent. Green Day delivers!!

An American guy bellowing ""ENGLAND!!"" every two seconds in a British accent? That proves Green Day aren't posers.

Furthermore, Green Day's audience is a very open-minded and intelligent lot. As one reviewer proudly proclaimed, ""if u think this cd sucks then u suck.[sic]""

Boy, Green Day fans can offer some real intellectual stimulation.",negative
"The first time I heard ""Headstrong"" on the radio, I'll admit I was a bit intrigued, but when I heard the rest of their self titled major label debut, I quickly came to my senses.  Just like labelmates Linkin Park, along with countless other rap-rock and post grunge sensitive rock bands, Trapt has little or no emotion in their music, and are just here to sell records and t-shirts and nothing else.  The bass work is commendable, but along with the repetitive downtuned guitars and inconsistent drumming (plus the vocalist's almost unbearable whine that would make even Billy Corgan wince) make this another disc best used as a drink coaster.  Skip this and stick to your ""Vulgar Display of Power"" album instead.",negative
"It is a given that the music here is great... although some of these cuts are not the single versions - Johnny B Goode is not the same performance as the single played on the radio.  A couple others are not the original singles either... HOWEVER, my main complaint is that the sound quality on this collection is dismal by modern standards and similar in that regard to all the other Chuck Berry CD compilations out there (i.e. the ""Gold"" and ""Anthology"" collections, etc.).  The vocals on the earlier cuts tend to have a slightly distorted edge to the tone on some tracks which is probably on the master tapes.  Irritating.  After repeated listening it starts to get very annoying.  Takes the enjoyment out of the experience.

Obviously Chuck did not sound this bad on the original 45s... or maybe he did and CDs reveal the limitations of 50s technology?  Regardless, my main gripe is that this is definitively NOT a flat transfer from the master tapes.  The tracks have that ""over-processed"" sort of vibe to them - possibly made worse by noise reduction?  You can tell something happened by the shrunken soundstage and the slightly pumped up and flabby sounding bass - due to added compression?  Chuck's voice is somewhat  isolated now - he doesn't sound like he is the same room as the rest of the band.  Although some might say his voice is clearer now, it seems to me that isolating his voice too much just doesn't sound right.  Go back to the original mix!

There is hope.  I recently ordered the Chess 50th Anniversary CD volume 1 and volume 2.  I'll update this review with a comparison.  I suspect the Chess label has the better sound.
---------------------
Addendum -
Confirmed - the Chess label CDs sound BETTER to me.  These are flat transfers without all the ""Monkey Business"" with sound shaping and processing.  You can play it at higher volume now without getting claustrophobia.  Still has the limitations of the 50s technology and the vocals are still not entirely distortion free, but this sounds much closer to how I would expect the master tapes to sound.  Chuck is in the same room as the band again - more ambiance from the room and the bass just sounds more natural.  If you just listen on ear buds the difference is not going to be apparent, but to me it is obvious even in the car environment.  This is probably as good as it will ever get.... unless you want to shell out several hundred dollars for the Bear Family box set which might sound even better?  In any case, this ""Ultimate"" CD will now be set aside and utilized just for the non-chess label songs only.",negative
"This recording was not given the respect it deserves for the 2009 remaster.  Go to 3:21 of the first track.  Just after ""Rox you like a baby"" where the music kicks back in, you'll find some obvious distortion.  You won't find the same distortion on the original 1991 release of the album, nor on the 2003 remaster of the single version found on both The Pop Hits and The Rox Box.  It's a shame, the sonic equivalent of brightening up a picture in Photoshop to the point of blowing out the highlight details.  I'm happy I went to see them in Taipei this year and that I bought only the tour program instead of the remastered CDs.",negative
"The Beatles LOVE works well in only a few spots. The highlight for me is George Harrison's demo of ""While My Guitar Gently Weeps."" The strings added to it are quite lovely and appropriate.

The rest of this album just hasn't worn as well with me. After only five plays I find most of it simply irritating. Admittedly, a few tracks are clever amalgams of two or more songs, however, others are drastically clumsy botches. Finally, there are some songs here that sound as if they've hardly been tampered with at all. The overall effect of the whole set is a feeling of disorientation. Perhaps as background to a stage show LOVE works fine; without those visuals it falls quite flat.

This would NOT be the ideal choice for introducing the uninitiated to the music of the Beatles. At times the mixes border on confusing noise-- and I cannot believe I'm saying this about *the* favorite band of my youth. The Beatles-- noise? No way.......way, sadly.

This collection is overwhelming proof that great art should never be altered or toyed with-- its beauty can be too easily destroyed.",negative
"Please some one tell me why hip hop is so big. i'm a white boy from the suburbs and don't get it. ALl of these white kids listening to this stuff when they don't even know what the lyrics are. You think they grow up in the hood,NO, there parents buying them BMW at the age 16 living in million dollar houses listening to the hip hop. Trust me i know i live in ORANGE COUNTY, yes, just like the movie. I don't think there is a kid around me that deosn't listen to this rap... IF they only knew what they were saying mybe they wouldn't listen. I don't get it. With this album its not original. Its travis from blink common guys, and ok tim. But you know why the rap. Because it sells to the mainstream to day you guys. Wake up and listen to some ORIGINAL music peps. this album is horrible and cant belive that tim has anything to do with it. Im sorry to say but they sold out and i cant beleive TIM would do this. Maybe good music(punk) has come to and end? Just listen to the lyrics that are being produced by who ever this horrible singer is. It is so funny iam laughing now. YO,yo, gangster, look my hat is crocked, is getting real old by now, please come up with something truly unique.",negative
"OMG Weezer rawk so hard on this album.  Rivers Cuomo is a rawk god, have you seen the guy?  Well I have, and if Rivers Cuomo is a rock god than I am the second cousin of the lovechild of Jon Bon Jovi and Meryl Streep.  One reviewer commented that this album will probably 'appeal more to real fans, than the general public.  He's right it probably does appeal more to the real fans (i.e Japanese anime nerds) then the general public (i.e pimps).  People might try to say something to refute this like, ""Oh this is the least nerdy album they've ever made"".  While Weezer may not be flaunting their geeky lifestyle they are still just as nerdy only in a different, worse way.  Now they're like that lanky red hair kid you see at school that is dressing like a gangster to fit in with the cool kids even though just last year he was a member of the audio visual club.  Yes Weezer are trying to be accepted with all the cool kids, and they end up looking like complete and utter fools.  Like the idea of 'Cheap Trick in the new millenium', yeah me neither.  The whole album reeks of rawkin, loud tunes that your grandma would say is 'hardcore' to the max.  And everyone knows that the coolest music in the world is the kind that your grandma likes.  Right.  I really wish I could say there was a good tune on this album but I can't seem to think of one, well the video for Go Fishin' makes the song ten times better because the muppets are on it.  Yeah, that's about it.  I hate this one song that's called Space Rock more than the others though because it was misleading as hell.  I was expecting a song about space and got nothing.  Kind of like how I was expecting a decent album and got this flop.",negative
My gosh!! Tina had made 2 cd's of All The Best is a waste of money on Tina Turner. Don't take us wrong we do fond of her but why would she made 2 times of All The Best?! About the same as En Vogue!! It's not worth on buying this one because it only has 18 songs in this cd!! So think twice!! the best cd's you could get is 2 sets of cd of All The Best it has over 25 songs in it it would save you alot of money from buying these 2 cd's for once tho... just my opinion!! Honestly for this cd we would give 1 star but the other one of All The Best that has 2 sets of cd's and has over 25 songs in it we would for sure give 5 stars for that one!!,negative
"Fabian's fresh offering for her first English album is a replica of Celine Dion's previous work. If you like Celine Dion, you'd hate her. More so, if you dislike Celine Dion you'd hate her more! Totally no originality. I'll give Lara Fabian the ax on this! Grab ""Just Me"" from the best Australian Selling Female Artist instead, Tina Arena! She's helluva better than Lara!",negative
"If it wasn't for TYR, this would be the worst Sabbath album of all time. I bought this in a pawn shop and still felt ripped off. Ice-T on a Sabbath album? I don't know, on his album 'Rhyme Pays' he samples just about every song from 'Paranoid' so maybe Tony decided he owed Sabbath a favor. Whatever the reason behind Ice-T's appearance, it failed miserably. He only appeared on one song, but it set the tempo for the rest of the album that never really went anywhere. First of all we have Tony Martin again, the faceless, generic singer that Sabbath hires when their stuck and can't get Dio, Cozy does a decent job drumming, but it's played against watered down bass tracks. The only thing accurate about this ablum was the cover. It was a cartoonish attempt and should be 'Forbidden'.",negative
This was not the CD that was posted . I have this CD for seven yeas . The CD that I ask for had 21 song and a brown back ground with 21 songs on it.,negative
A guitar-less progressive power trio does an evening long classical piece. I have no idea why this is so popular. Yuck. Mussorsky is dying over and over in his grave.,negative
I wonder how many older guys came to this page when they saw the cover shot? I wonder how many bought it hoping that the music within would somehow help restore their youth? It ain't workin' boys......,negative
"I love how these reviews constantly say ""her songs"" and ""her album"" as if she had anything at all to do with it.",negative
"I hate to rain on everyones parade here but this band and album is not good. Before you automatically disregard this review maybe you should read what a person with a different opinion has to say. Yeah, they have the technical ability and yeah, its well produced (actually, its probably overproduced) but everything else about this band is such a sham from their cocky, holier-than-thou attitudes (these ex-nu metal kids actually claimed their the next Metallica which is just hilarious and sad all at the same time) to their cliched songwriting and silly image. Its very sad that most people are unable to realize what bands will be hitting the bargain bin sooner than later but B4MV is one of those bands, maybe not immediately, but it will happen.

The songwriting is beyond predictable and cookie cutter, the lyrics are cheesy, and basically you have a record that is for people who don't wish to be challenged or moved by the music they listen to. Everything is so formulaic here that it lacks any passion, heart, or real emotion. I think I heard Killswitch Engage, Atreyu and Trivium write this record over the course of the last few years.

These guys are coming in on the trail end of whats left of the world of metalcore and I've heard about 50 records that came before this written by other bands over the last 5 years and they all did it a 100x better. This is just milking the cash cow and it was absolutely a genius move on Sony's part to stick these guys on Trustkill in the US so they can have some ""scene credit."" Stop listening to this stuff and go pick up an At The Gates album  and see where the majority of this beaten-to-death sound came from(sans the unbelievably annoying and whiny singing). You'll thank me for it later.",negative
"Slipknot is noise, just noise.  This album sounds like nine guys taking their respective instruments and throwing them down a long flight of stairs.  The worst thing about this ""band"" is that people think it's metal...Sure metal if loud, metal is fast, and sometimes angry but it's not this.
What makes me even more mad is the fact that I've seen kids half my age (I'm 20) wearing Slipknot shirts and saying how their music ""speaks to them"" and how they relate to it.  Slipknot's unrelenting ""anger"" is apparently driven by the fact that they come from a barren state.  Well, cry me a river...a whole lot of people do too.  These other people have expressed themselves in much more creative and artistic ways.
This album is complete drivel...if you're ten and extremely angry for your age then you'll love these guys.  If you're not, then you should find them as laughable as I do.",negative
"I have this DVD and, as others have said, aside from the ""bonus"" feature featuring David Ruffin sound-alike Garfield Fleming backing William ""Poogie"" Hart, this is a clear waste of money. The problem is not Poogie Hart - it is the poor choice in backing singers he made to replace Garfield Fleming and the just-as-talented Johnny Johnson featured on the majority of this disc. Aside from the 3 members who backed him during their heyday (his brother Wilbert, Randy Cain and Major Harris), Garfield Fleming and Johnny Johnson were the best singers he ever had backing him. Save your money and buy ""The Big Show"" and the 3 part ""70's Soul Jam"", both of which feature the two of them and give you the kind of quality show the Delfonics were famous for. And you will love Garfield's cover of ""My Girl"" as well as Poogie's rap and reggae ad libs on ""The Big Show""! (Also, noteworthy are current Stylistics member Eban Brown's performances when he was part of William's brother Wilbert's group).",negative
"Just saw 'em the other night (2006).

Ok, stoner and doom is not exactly my genre. But:

They are not talented, noisy, murky, boring.

The riffing is cheap.

Incredible how people just make a cult out of this unoriginal noise group.

Telling you that because I loved Grand Magus and Cathedral on that gig, but this ""cult"" band Electric Wizard just made me sit down and wait for this wall of noise played by these non-musicians to end before I fell asleep.

Everyone can ""play"" this music with a fuzz pedal having purchased a guitar for the first time. It will take you 2-3 weeks of practicing. Try it for yourself, maybe you'll end up having a mysterious cult band.

Ok, I play jazz and progrock and metal, that's why I'm a bit upset at those doom-stoner bands who can't really play well.

Gives music a bad name.",negative
"Those looking for quality dance tunes with replay value will likely find themselves in a bind if they turn to ""Ultra Dance 5.""  A joint effort by Vic Latino and David Waxman (they mixed discs 1 and 2 respectively), this compilation runs alarmingly high on the cheese factor, while offering little in the way of inspiration or creativity.  In other words, ""Ultra Dance 5"" is mind-blowingly dull.  Disc 1 gets off to an okay start with the opener, ""Love Me Right"" by Angel City, but it takes an immediate nosedive featuring cringe inducing covers of Stevie Nicks (Linus Loves' ""Stand Back""), U2 (""Take Me to The Clouds Above"" by LMC), and Jefferson Starship (Boogie Pimps' ""Somebody to Love"").  There isn't much else of interest, although E-Smoove's mix of Kelis' ""Trick Me"" sparked my interest a bit.  Disc 2 isn't much better.  Waxman picked the wrong remix of Seal's ""Waiting for You,"" in my opinion.  Instead of picking Thick D's version, he should have chosen BHQ's or Passengerz' remix which are way better.  The rest of the disc didn't do anything for me, as many of the grooves sound anomynous, repetitive, and generic. (Although the remix of Pretty Poison's forgotten ""Catch Me I'm Falling"" is interesting)  All in all, this is pretty much a dance compilation you can skip.  It's got a couple of decent tunes, but it makes one wrong turn too many for me to even consider recommending.",negative
"This item is a collection of New Riders' 1st two albums, ""N.R.P.S."" & "" Powerglide"".  The Powerglide CD was fine, however the NRPS CD was defective. There is a stuttering sort of sound that makes the last 3 or 4 songs on the disc unlistenable.  Very disappointing!",negative
"Good Charlotte are one of the worst things that has happend to rock music ever. I will admit I used to like this crap (I was like 11 when it came out, I have an excuse), but now, perhaps after being exposed to decent music by my parents (and later, friends and extended family), I finally realized how bad Good Charlotte was, sophmoric lyrics, mediocre instrumentation, and the band relies more on their image gimmick than even KISS ever did (at least KISS's music was adequate). Don't buy this album, do not waste your money.",negative
"This CD is the latest from a ""falling star"" DJ that proves he is truly over the hill.  There has been so much progression with the dance music scene over the past few years and Oakenfold has remained stagnant.  I refused to buy this particular cd...but when a DJ starts mixing Madonna, The Doors and Justin Timerlake...you know his time is over.",negative
"This bands sucks. This album sucks. This bands has always sucked. Their last e.p. tried to hard to sound like Hatebreed and this one sounds like Pantera only it sucks. Weak guitar riffs followed by annoying,wanna-be Phil anselmo vocals. I love Pantera but,this band along with A Perfect Murder should really try to come up with their own sound. If you want good metal that sounds like Pantera that is actually a bit original as well, then buy The Destro-As the Coil Unwinds or Lamb of God-Sacrament. Until then leave metal to the real metal bands. Not the P***y hardcore bands who woke up and thought they were Pantera.",negative
"I listened to this album and it had Vaughan going into territory that was vastly different and dissapointing than the amazing output from his Double Trouble days.  I love nearly every song ever released by this amazing guitar god but this album I just couldn't grasp or care for, it's just so inconsistent and all over the place in a very mellow, annoying, mo-town vibe with no energy.  If you love Stevie Ray's work, listen to this one before you buy it because next to his previous body of godly offerings this album sucks.",negative
"After the massive sucess of the hugely underrated Hard Knock Life Vol. 2, Jay-Z was decoming the new mainstream darling of hip hop, and deservedly so. I preordered Vol. 3 a month in advance, expecting to hear some more classic Jigga bravado. Instead I heard , to summarize, absolute junk. I can't believe how bad this album is; Big Pimpin with UGK is great, but the rest of it is total trash! Avoid this like the plague!",negative
"As a longtime Janet fanatic, I have to admit that her last couple of albums have been increasingly disappointing. The last album, ""Damita Jo"", was an exceptionally bad album, a point which was made by it's poor sales and general apathy from fans. Radio pretty much ignored it.

When the buzz on this album started there was great hope and enthusiasm from the fans. Janet was going back to her roots and sending out a solid shout to her landmark 1986 album ""Control"". Sadly, the first single was released and landed with a resounding thud. ""Call on Me"" was poorly received by fans and, within days of its preview, was almost scrapped as the first single. The outlook was not good. Janet's promotional team tried to backpedal on this as they took down any reference to it being the first single from her upcoming album. Unfortunately, her record company had already plonked down a heap of cash and started sending out the promos to the radio stations. It was too late.

The second single, ""So Excited"" bowed about a month before the release of the album. Some said it was ""better"" and others lumped it like the previous single. ""Too much rent-a-rapper and too little Janet."" The song barely cracked the iTunes top 100 downloaded songs until they slashed the price and the stalwarts who were out to prove their diva still had it started buying up multiple downloads to help their fading star make the iTunes top 50, which it eventually did.

Having heard this album, I am still disappointed. There is little here that is compelling or even joyful. The uptempo tracks just aren't. The ballads, while better than the drearily tuneless and ""ghetto"" up tempo tracks (note: I can't call them songs), lack any distinction and could have been released by any artist with half the talent and clout of Janet Jackson. I admit that ""With U"", ""Enjoy"" and ""Love 2 Love"" are better than the rest of this mess but I cannot recommend spending any amount of money for a mere three songs.

It deeply saddens me that Janet can't stop singing about matters of explicit sex. (Yes, dear... we get it. You're horny-- and apparently really easily aroused.) It's tired material and she can't stop for whatever reason. I mean, Madonna had the sense to knock it off after the abysmal reception that ""Erotica"" and the ""Sex"" book had gotten. I wish Janet would have learnt that as well. She's a smart girl... or, at least, she used to be.",negative
"........... EYE H8ED WHEN DISC JOCKEYS & BIGWIG RECORD EXECS SHORTENED THE SONG WHATEVER SONG IT WAS 4 THE SAKE OF RADIO AIRPLAY... EYE WANTED THROW THE RADIO AWAY IF THEY EVEN THOUGHT OF PUTTING ""HEY JUDE"", ""STAIRWAY TO HEAVEN"", ""FREEBIRD"", ""RAPPERS DELIGHT"", ""SUMMER MADNESS"", OR ""(NOT JUST) KNEE DEEP"" UNDER THE GUILLOTINE... IT'S MUSICAL BLASPHEMY & DISGRACEFUL... THEY DID THAT HERE WITH ""THREE TIMES A LADY"" (3:35 INSTEAD OF 6:37)... UNACCEPTABLE....... ANY1 WHO LOVES ""NATURAL HIGH"" AS MUCH AS EYE DEW, STAY AWAY FROM THIS PURCHASE... YOU'RE BETTER OFF GETTING IT AS AN INDIVIDUAL ALBUM THEREBY INSURING YOURSELF OF THE FULL 6:37 VERSION OF WHAT EYE CONSIDER 2 B ONE OF THE BEST BALLADS EVER (& LIONEL RICHIE HAD QUITE A FEW)... ANYWAY, A WASTE OF HARD-EARNED MONEY... U WIN SOME... U LOSE SOME...........",negative
I feel sorry for the little guy there are no good songs on this disc at all that are even Okay and he tries much hard to rap. Lil Bow Wow is a cool dude but rapping should not be his career field because he has little to no actuall talent,negative
"It should first be established that this is not even music PERIOD, this is a ludicrous bedlam of tactless, senseless, depraved, vile, indiscernible, untalented racket that anybody could do by concentrating as much noise as possible together and then adding heinous growling vocals that sounds not much different from a demon gagging and barfing up guts with razors in its throat (even worse than Gollum's episodes).

Cannibal Corpse is the SICKEST, most hideous, gruesome, (everything disgusting you can think about) and in simple terms---downright gross. Anybody that recommends this travesty of music has SERIOUS problems on all echelons of their sanity!

Nobody in their right mind would give this a good rating. In fact. Even if the lyrics weren't so desperately perverted, more enjoyment can come from hearing construction work than this LUNACY. Take my advice, don't listen to anyone giving this 5 stars, because their musical tastes are SERIOUSLY WARPED.

This has another name ""the music from hell"". It's not even worth checking out. And if you happen to, you'll regret it.",negative
"I really like Jan Hammer's work. I like his stuff with John McLaughlin, Al Dimeola, Neal Schon, and Jeff Beck. I like his solo stuff such as his music for Miami Vice and Beyond the Mind's Eye. But I could not stand this CD. I do not know what he was thinking when he wrote this music. I was so disappointed I sold the album - there was not a single song I liked to justify keeping it.",negative
"I like Matthew Morrison on GLEE and he has a great voice and is an amazing showman. But this set of tunes is so bland and dull that it barely registers and stays in your head the moment the music stops. In fact, his song choices are slightly irritating. Does the world need another version of SEND IN THE CLOWNS?  Does a white man REALLY need to sing EASE ON DOWN THE ROAD?  Sadly, the answer is NO once you listen to Morrison. Maybe this was his way of getting the freedom to move to a new label. I've heard these songs sung better by drunken karaoke singers...Matt needs to go back to where it all began...and find a Broadway show before he truly heads toward obscurity now that it's clear he's not even all that relevant.",negative
It's as TERRIBLE today as the day it was released.  In retrospect 90%+ of No Limits catalog is terrible.,negative
"there was Procol Harum, the ""inventors"" of Crock Rock -- pretentiousness for the ""classical"" music aspirant without the necessary effort.

From this point, those who couldn't compete with such as The Beatles in the field of creativity opted instead for being consciously ""different,"" thereby trumping the merely excessively self-indulgent rockers.

It wouldn't be long before rock 'n roll, the democratic alternative to white-only MOR, and classist ""classical"" music, renamed ""rock"" by its second generation, would splinter and devolve into numerous ""alternative to rock"" ""rock"" musics, each ahistorically claiming to be the True One.

There is nothing in the history of ""rock"" more retrogressive than crock rock mysteriously labelled instead ""Progressive Rock"" (or, if one is ""hip,"" ""Prog Rock"").  Anyone for ""Rage Rock""?

Kill the phony beast before it pollutes the minds of future generations.",negative
"1.  For the record, I've been a huge fan of the Manhattan Transfer for years; I've seen them in concert at least 3 times etc...  However, I definitely love their jazz oriented music and dislike their pop and 50s type material.

2.  With that being said, if you're looking for jazz oriented tunes or at least Brazilian type music (ie like Jobim etc...), this is definitely not the album to get.  It was a huge letdown to listen to this album;  I mean, not even one good song.",negative
"Maaann! How can anybody give this CD more than one star? It actually deserves ZERO stars. The Sugababes cut and paste material from other artists and try to pass it on for their own. Adina Howard came out with ""Freak Like Me"" in 1995 and the Sugababes' remake of it was atrocious. ""Blue"" sounds too similiar to Aaliyah's song ""What If."" C'mon now! Y'all need to stop playing! Heaven forbid these wenches torture the United States with even more terrible music! They're not original and their vocals are generic. If you listen to the Sugababes, be sure that you'll get diabetes. Hooollllaaa!",negative
"Big Pink Floyd Fan, liked Momentary Lapse and even more so Division Bell.  Like earlier Gilmour solo albums and MOST of On An Island.  But this new album is the most forgettable Gilmour work that I have ever listened to.  I read somewhere that he had like 200 new songs in his computer and this is the best of those?  David Gilmour cannot write anymore, he couldn't make a new Floyd record either just based on the merit of these songs.  Even the few that have potential get ruined for me in the off key or bad chorus.  Looks like I am an oddity looking at all these fabulous reviews all I can say is you are all too easy to please.  Put this stuff in a Floyd record and it would have fared far worse than even The Final Cut did and even as a solo project from a Floyd member it is the worst of any including all the members of the band.  For the first time I will say I have no need to ever listen to this CD again!",negative
"This record is so inept, so devoid of originality or craft, it makes the Spice Girls and Bananarama look like L-7.  And, for the love of God, is it possible for a female performer under the age of 25 to release an album without showing their abs?  If I look at yet another album cover featuring a belly-baring singer, I think I am going to scream.  If this is all it takes to secure a recording contract, then I want the head honchos at Sony, EMI, or Universal to hook me up now!  Play is teen pop at its absolute nadir.  All image, no substance.  Get something else.",negative
"Jeez...Jackie Osbourne's daddy let's you have your very own slot on his god-frosaken festival and you turn in your first cold turkey. This is just [garbage]. There is no diversity such as their past albums. Every song sounds the exact same. The new In Flames makes the new Meshuggah seem more Nu-Metal than anything. By far, one of the most dissapointing albums of the year.",negative
"Yes, this is very fast and aggressive Klazsmer music sung by Squidward in his neo fascist anti Bush save the world stance.  Ever thought that this would be cool?  And where is SpongeBob and Patrick in all of this!  Is G W Bush really like the evil Plankton or greedy like Mr. Crab?  Maybe the next Squidward of a Down album will reveal all!!!",negative
"Very few albums in history have been a bigger disappointment to me that this horrendous effort by one of the best bands out there.  For any real Night Ranger fan, this album would have to be quite a letdown.  Most songs sound like rejects from Damn Yankees that weren't good enough to make the albums.  The vocals are probably the biggest disappointment.  There is just no hook to any of the songs. No classic Night Ranger harmonies. Not even catchy musical hooks. Was Alan ""Fitz"" Gerald even on this album???  If this is where Night Ranger is headed in the future, I hope they just decide to hang it up.",negative
"P.T. Barnum knew it, and so did Malcolm McLaren.  He made suckers out of a lot of us, including so-called rock critics.  Barnum also said that no one ever went broke underestimating the taste of the American public. McLaren  proved that it's still true.",negative
"Just wanted to address something real quick: I read on amiannoying.com (great site, BTW) that Avril called her fans a bunch of losers for ""copying her style"". Yeah, real sharp, Avril. This is what its come to. To Avril, as long as the unwashed masses keep buying into her schlop, and she gets more millions coming in, she's fine. Talk about biting the hand that feeds.

Avril here, Ashlee Simpson, etc. not only are horrible ""artists"", but they obviously show absolute zero respect for their fans. This just makes me miss Dimebag Darrell (RIP) even more, because he obviously loved his fans so much. He would go back and party with them as if they were old friends. Now we have Avril Lavigne calling all the 13-year-old pre-teen girls buying into her junk ""losers"". (Actually, she may have a point...)

As for the music itself, or, more importantly, whether she's ""punk"" or not... related searches for ""Avril Lavigne"" include ""Britney Spears"". 'Nuff said.",negative
"WOULDN'T PLAY ON ANY OF MY ten PLAYERS.
THE COVER WAS BROKEN TOO",negative
I agree with randomcircle. Excellent soundtrack for a night terror: paralysed in a slick of molasses overrun with cockroaches and centipedes. Then you spot the train headlight...,negative
"Feminem's back once again with his stupid sorry group
every single song is awful, my band is the worst song
in rap history and even bizarre is horrible and he's definetly
not the notorious b.i.g, eminem is even worse than justin timberlake now, this is poor vile infested garbage
that should have never excited
Thank god for mariah carey for standing up against him
with her album charmbracelet
and as much as I Hate Benzino
I'm glad he exposed the truth about this so-called white rapper
I'll be glad once this feminem she 12 is over.
If you want a better white rap check out
Beastie Boys.
Can't wait until this guy along with this group
go on vh1's where are they now.",negative
A Willie Nelson failure. The only one I've ever heard. . The Album pic tells the story in body language. Willie arms crossed to support the clown leaning: Nothing on this album works for me and by the acrossed armed body language you can see that Willie feels the same.,negative
"Limp Bizkit is probably the first (and worst) of the rap metal bands. I could maybe tolerate RATM, but otherwise, mixing rap and rock makes as much sense as mixing ice cream with roast beef. There's no seriousness in any of their songs, which could only be recommended to someone with the intelligence of a goober-pea. And I did drag myself into listening to the whole album. This band gives the term ""waste"" a whole new meaning. Nothing else needs to be said about the ONLY group made famous off a cover of a George Michael song.",negative
This vinyl is literally trash. Skips on every song. Don't buy it. Waste of money.,negative
"I didn't have to buy this but I have to comment anyway after seeing the song listing for this soundtrack.  There are much better songs that they could(and should)have put on this collection, instead of the same old  typical tunes that seem to wind up on just about every 60's movie  soundtrack(whether tv or not).  If you are looking for great 60's  collections, start with Rhino Records, they put out the best collections of  music ever, no matter what the decade.  Another excellent collection is by  Rock 'n Roll Relix(from 1960-1969). This collection doesn't begin to do  justice to the music of the 60's, especially from 1964-69, when 99.9% of  the songs on the radio were HITS that are still memorable today.  Many  years from now will there be a great collection of the 1990's? I seriously  doubt it, nothing on the radio now is memorable enuf to even hum, let alone  sing along with! So yeah, I'm a baby-boomer and if that bothers anyone, too  bad, at least back then people had talent(even when they were on drugs!)and  most(not all)songs meant something.  Don't waste your time and/or money on  this soundtrack, if you search either via internet or in major record  stores you will find some great stuff.",negative
"The last few discs by David Arkenstone have been a let-down. Working with his wife Diane, he has watered down his music to the point of sounding like Yanni. The first song of this disc, ""New Day"" is the only keeper of the bunch. I can hear Arkenstone repeating phrases from his old music. This is a real disappointment considering he was once one of my favorite artists in this genre.",negative
"Yes, this is, bar none, the worst Christmas album I've ever seen or heard, besides maybe William Hung's. This is awful. Ali Lohan and her sister, Lindsay, are both completely talentless. The reviewer that said 'It's amazing what people will buy' is absolutely right. Who in their right mind would buy this? Seriously.

Don't buy this Christmas album. We don't want to spend our precious holiday with the Lohans. Go buy a good Christmas album. Not this.

NOT RECOMMENDED.",negative
"There are in excess of 25 Mac Wiseman CDs on the market, but just one advertises his ""greatest hits."" This one. And, as another reviewer points out, all tracks are re-makes bearing no resemblance to the original nine Country hit singles he registered for six different labels from 1955 to 1979, and there are no liner notes. What a shoddy way to treat a Bluegrass legend and one of its most instantly recognizable voices! Not a single volume contains all those sides and, of course, none of the B-sides. What we need is an Ace of London treatment.

His first came on the Dot label in 1955 when his rendition of The Ballad Of Davy Crockett made it to # 10 in June b/w Danger! Heartbreak Ahead. His next didn't come until four years later when, still with Dot, his best hit, Jimmy Brown The Newsboy, rose to # 5 in late summer 1959 b/w I've Got No Use For The Women. That was followed by another 4-year gap before Your Best Friend And Me peaked at # 12 in October 1963 b/w When The Moon Comes Over The Mountain on Capitol.

This pattern continued as his 4th hit didn't come until November 1968 with Got Leavin' On Her Mind, which topped out at # 54 b/w She Simply Left for the MGM label. The next hit took only a year to appear this time as the novelty tune Johnny's Cash And Charlie's Pride reached # 38 in December 1969 b/w Mama, Put My Little Shoes Away. this time on RCA Victor. He was certainly getting around within the industry and perhaps this explains why it's been so difficult to draw all nine of his hits together in one package.

A 9-year hit drought then followed until March 1978 when, now with Churchill Records, he had Never Going Back Again go to # 78 b/w Goodbye Mexico Rose, and then another full year before the old standard My Blue Heaven reached # 69 in May 1979 billed to Mac Wiseman and Woody Herman. Yes, THE Woody Herman. The flip of that was a medley, If I Could Be With You/It Must Be True, again on Churchill, as was his next hit, a cover of the 1962 Kingston Trio hit Scotch And Soda, which topped out at # 77 in July 1979 b/w Dancing Bear.

His final came that October, now with the CMH label, when Shackles And Chains struggled to a # 95 billed to The Osborne Bros. & Mac Wiseman, with Midnight Flyer as the B-side.

THESE are what his many fans are looking for. Not poorly-produced, rehashed versions with minimal instrumental/vocal backing. Somebody please take the reins.",negative
brooke stick to reality tv your family has enough issues already why do she keep trying to produce music.,negative
Remember the green album? Yea its like that but not even as good (less bad?). Rivers Cuomo is too scared to make another Pinketon because they all laughed at him. Maybe he'll come around. Expect to see this all over MTV. At least a band that I like will actually be rich(er). What is actually most dissapointing is that Rick Reuben porduced it. I couldn't be more dissapointed but I'm sure they'll redeem themselves. Too bad I cant get my $14 back.,negative
"After listening to this album, I can only conclude that Pete Townshend bit off more than he can chew. To this day, Townshend is still obsessed with topping The Who's overrated ""Tommy"" and in this case, he fails miserably. There's not a decent track on this album and even the semi-Who remake of the Arthur Brown classic, ""Fire"" falls short.
Ever since ""Empty Glass,"" the caliber of Townshend's work has diminished significantly. While ""The Iron Man"" certainly isn't the low point of Townshend's musical career, it can be argued that it is the first of many lackluster and disappointing solo projects. ""The Iron Man"" is rusty. Scrap it.",negative
"Last night, Anthony and the Johnsons were on the Letterman show, and he sang You Are My Sister.  Anthony looks weird, his voice is, to say the best, unusual, but the song was unique and interesting.  So today, I haul myself to MediaPlay, and buy the CD, slip it into the car's CD player, and my first reaction is ""What the ........ did I just waste $14 on??!!"" Given the other reviews, I am hoping with more plays, it will ""grow on me"", but I doubt it.  I am not sure I can survive another listening.  I gave it another listen (and another), and this is the worst CD I HAVE EVER bought.  Think of a cartoon where two cats are fighting in an alley; the cats sound better.",negative
"Having loved every track on every Marshall album through ""Miracle Of Science"", it has been downhill since then for me. I miss the uptempo power pop of yesteryear that I fell in love with, and after a few listens to this: it is draggy, somber, very alternative, an overall downer. Although the lyrics & melodies are intricate enough, it doesn't do anything for me at all. Check out the sound clips and judge for yourself, but after many years of being a fan, this is probably the last Crenshaw release I buy. Not my kind of music anymore, sorry!",negative
"Instead of the usual tasty Jazz that Stanley offers this mess is boring, repetitive funk so you can pass on this garbage. Instead try his great 1962 release called That's Where It's At.",negative
Waste of a dollar.,negative
"This is a disgrace to rock.  Songs that talk about taking chainsaws to people and references to sex is not music.  The fact that they showed up at Woodstock, a peace concert, and played ""Break Stuff"" is just  disgraceful.  It will not live in the annals of rock history, but the anus  of rock history.
Skip it unless you are a parent-revolting,  headbanging, pathetic lowlife pothead that digs this trash.
Amazon.com  should allow you to give an album 0 stars.  This would've been a great  album to exercise that.",negative
"I caught these guys on Leno last night.  REALLY?  This is what's considered cool now?  Truly cringeworthy.  Makes me emberassed to be white.

Lets see if I can sum up my thoughts:  Self-conscious irony taken to a ridiculous level (and not in a good way).  An awkward less intelligent parody of They Might Be Giants.  Lots of faux ""rocking"".  Classic scenario:  The kid who used to be uncool puts on some ironic Buddy Holly style glasses and suddenly he's not uncool anymore because its a style he's chosen and not something authentic.  Give me a break.  Its like what happened in the UK artworld when people stopped painting and started nailing toilets to the gallery wall.

Irony is over.  Its a cute gimmick, but it doesn't really hold any water or have anything meaningful to say.",negative
"My opinion only:  This is my first(and last) purchase of a Residents album.  I've heard about them forever but never gave them a try.  I did listen to this all the way thru but can't bring myself to give it a second listen.  I don't get this at aaallllll.  If u want to listen to something very cool, unique, and important while still being somewhat experimental then I suggest Pere Ubu's debut album The Modern Dance and turn it up.  Just my thoughts....my opinion only.",negative
"I was excited when I heard this was coming out.  I am a huge RATM fan and despite the fact that Chris Cornell dragged them down I enjoyed Audioslave as well.  But this is unlistenable.  The vocals are terrible.  The quality is on par with some struggling musician who records himself singing in his bedroom or something.  I actually laughed out loud during ""Flesh Shapes the Day"".  The music is boring at best.  All that happens is the strumming of minor chords and the same old blues progressions.  There is absolutely nothing new or innovative about it.  The only saving grace to the whole thing is that the lyrics have a meaning behind them ... but this is nowhere near enough to save the album.  If someone played this for me and I didn't know it was Tom Morello I would absolutely trash it.  It sounds like any random musician from someone's hometown who just recorded something on his 4-track.  It is absolutely unlistenable.",negative
"This SACD sounds attrocious.
Not what a person EXPECTS from an SACD.
It's my own fault. I did not read the specifics about the Audio Fidelity production of this release.
Because on the disc is clearly states: ""Mastered by Steve Hoffman for this SACD.......""

It does NOT say ""REmastered"" by anyone, nor does it say ""REmixed"" by anyone.
What that means is that Steve Hoffman simply took a tape of Going for the One  and transferred it directly to DSD digital stereo without ANY type of audio manipulation of change of dynamics or mixing.
Steve states he did a ""split stream"", with the recording (which just means ""stereo""  lol) ""...high-def to DSD"". Um, Steve, DSD IS high-def. 29.6 times 24bit/96kHz. And he doesn't SAY he did that at 96kHz, it would surprise me, considering the poor quality, if he didn't do it at 48kHz!!
So he actually sampled the music TWICE!! (sampled at ""high-def"" from the tapes, then re-sampled/upsampled to DSD!!!).
WHY???? Why would ANYONE who knows ANYTHING about audio sample any recording before recording it to DSD for an SACD?? THE ENTIRE POINT OF SACD IS BECAUSE IT IS THE CLOSEST THING TO ANALOG AUDIO!!
So this moron DESTROYS that analog sound before making the SACD?? WTF??? He puts a lower resolution recording onto the SACD instead of using the analogue source???

So basically all you get is a very clean copy (a digitized one at that, BEFORE it is even in DSD for the SACD!) of a poor-sounding re-release that is already on other media. There's NO improvement whatsoever. I cannot understand how anyone can say that this sound ""great"", let alone that it even sounds ""good"".

Steve also states he ""brought out Rick's keyboards and the vocals"" but HE didn't do jack to the recording, HE DID NOT REMIX OR REMASTER IT!!!! Blatent lies.
Besides that.... anyone familiar with the original recording KNOWS that the keyboards and vocals were ALREADY clear and ""in-the-front"". I hear absolutely NO difference whatsoever when played after the original release, except that this SACD sounds ""murky"" at best. The drums still sound as though they were recorded without mics. The guitar has no ""presence"".
Play the recent Close to the Edge by Steven Wilson (hell, play ANY recording by ANYONE) after playing this and you'll really hear how unbelievably bad this disc is.

Why so many people see him as such an ""audio god"" I will NEVER understand.
This has the same tonal quality and lack of depth of what is heard on cassette. My original vinyl sounds better than this SACD. And this is from a ""professional""?? Either he doesn't CARE about audio quality (as evidenced by him sampling the music TWICE instead of using true analog as the source!), or his ears are bad. Those are the ONLY two options.

The sound on this is very ""shallow"", dull sounding, and the instruments are no more detailed/clear, or any more separated than a cassette edition. Which makes sense since they didn't DO anything to IMPROVE the recording before transferring it to DSD!! They didn't improve the quality one iota. Once again, play the original, then play this, and you'll see it's true.
It is very flat sounding, one-dimensional.

And no, it's not my player, my system, or my ears. I have a pro-audio system.
All of my other SACDs, Blu-Ray, and DVD-Audio sound outstanding (except one older one, a horrible out-of-print Carole King SACD).
Music on SACDs and DVD-Audio usually jumps out of the speakers to the ears in incredibly fidelity. This sounds like crap.
Lifeless. Absolutely lifeless.

Live and learn.
I have GOT TO remember not to trust Audio Fidelity to release anything truly spectacular. They just do the bare minimum to get SACDs out without any effort at IMPROVING upon what has already been released by thoughtful and careful REmixing and REmastering to give us consumers something truly BETTER and original.
That's sad. I would think they'd have more integrity after the past travesties they've visited upon the unsuspecting public (like the SACD of Rush - Counterparts).

It is, to say the least, a HUGE disappointment, and a rip-off. I feel taken.

Too bad more engineers don't have the abilities and integrity of Steven Wilson.

This will be the last SACD I buy from Audio Fidelity. They obviously don't care about what they release to audiophiles.",negative
Why do AC/DC command such respect?  They only ever wrote one song and simply changed the lyrics.  Album after album of the same old crap.  It wouldn't be so bad if it was a good song or if Bon could sing or Angus play the guitar.  Save yourself some money and stand on the cat - it sounds the same.,negative
"Listening to this disk as a long-time Toto fan, I was disappointed.  Lukather penned some good tunes for Toto, but you'll hear nothing like that on this disc.  What you'll hear is depressingly bland guitar-rock.  The  sparkle that his songs had in Toto is gone--- gone like it had never been.  If you want to hear Luke rip on some really good tunes, pick up Toto's  Kingdom of Desire.",negative
"This is the first time I picked up a TSO album. Reviews the likened it to Savatage enticed me into buying it since I love Savatage and miss the band. Unfortunately, this had very little in common with Savatage except from a few recycled melodies. The quality of this record is an insult to Savatage and if you are a fan of Savatage stay as far away as possible from this and don't ruin your fond memories of that great band.
The album is a collection of short jingles (I can't call most of these pieces songs) and a few normal length songs. It's a mix of classical music, mostly borrowed from famous classical pieces, and rock mixed in with huge amounts of cheese. Classical music parts are played by cheap sounding keyboards, probably an 80's Casio.
Compositions are formulaic and unoriginal with performances that are devoid of any passion. This especially applies to instrumental sections. The singers are trying but ultimately fail to deliver a quality performance. The sole exception being the song featuring Lizzy Hale who shows the rest of the band how it's done. But even that one song is just OK, at best.
This is just terrible. I'm still having a hard time getting over the fact that people who wrote such amazing music during their Savatage time would release something this pathetic.",negative
"SOMEONE PLEASE END THE TERROR, THIS POP PUNK WAVE IS DRIVING ME OUT OF MY MIND, There is no diffrence between this band and the backstreet boys, both spend more time on makeup than music, and are complete products of the corprate music industry, created to make money and nothing more. About as punk as sesamee street if you ask me!",negative
"that was a retorical question.  because its stupid music for stupid people.  the fact is that you would not think your average crack-dealing scumbag could rap, so why would you start now?  this man is not smart, plain and simple.  people who aren't smart can't rap, just look at jay-z.  i laughed out loud when i heard he named his ""crew"" g-unit after damon albarn's concept group gorrilaz.  how unoriginal is that?  as i've read in the countless bad reviews here, this guys flow is inert(not in motion). its sounds like he has a mouth full of marbles, and everything sounds like trl trash.  being a human target is not a rap credential. lets just say i hope he dies trying.",negative
"I gotta say as some one who  enjoys nothin but underground hip-hop with tight beats & tight lirycs ?  Such great mcs as Krs one,rakim,lord finesse,Peter rock, ghostface killah most of the wutang camp is real sick,killarmy,supernatural,tribe called quest,old xzibit,planet asia,diamond d(ditc),oc,Royal flush,shyheim, a+, old big pun,Juru damaja,  and redman,big l,blackthought from the roots, common, de la soul,mostdef,rasskass,guru from gangstarr,Kool g rap,organized confusion,buckshot & blackmoon, Keith murray, and the line goes on & on...I was highly dissapointed with nas's 8th album ? Is it? Being a huge fan of illmatic, it was writting, lost tapes ,  and , stillmatic ? I gottay say just like god's son, street's disciple,nasdramus, and i am... Was a huge let down,so was nas's latest  hip hop is dead mainly cause of his beats are awfull and this was the case with his other wack sh*tty albums and their horrible commercial bullsh*t beats. I went to the store to get hip hop thinking nas actullie had gotten his words together and his beats but its awfull and nas isn't doing nothing but killing hip hop even worse by releasing garbage like hip hop is dead and also even Gay z is doing better then you Nas ?Get better beats dude. I miss the real hip hop sound.  Peace out!",negative
"For a disc that comes advertised as DDD quality mastered, I have to say that I'm very disappointed indeed!  The volume levels are very, very low so much so that you can hardly hear a thing without raising your volume knob way, way up.  Pires is probably a very good pianist but who could say for sure when you can hardly hear a darn thing!  The packaging is flimsy cardboard and extremely unwieldy making it difficult to even remove the disc.  I have to say that this purchase is a major disappointment and needless to say, I regret buying this.",negative
"Stick a fork in them...they are done!  This is pointless, meaningless, simpleton drivel.  I will not buy this and I will not listen to it again. Alan where are you...Come Back!",negative
do not  waste your money,negative
"This is not very good at all.  I expected more.  Not at all what I expect from Austin , Tx.",negative
"It had a great selection of songs per the list on the back of the disc, and knowing this child's voice I'm sure it's an awesome CD.  Unfortunately something was defective and none of my CD players could pick up the track and play it so I never heard it.  I returned it and the seller nicely and quick refunded my money.  Thank you!",negative
"This album is a disappoinment all the way through. Lucy and Richard seem to want to position themselves as roots or country performers (why?), whereas their strengths heretofore lay in probing, poignant folk music. The production is poor and the harmonies are garbled. There is a sameness to the presentations. I've played the album a few times but won't play it again.",negative
The CD I received was not the one shown.  Different songs entirely!,negative
"Very disappointed. Album (180 gm) was very warped with pops and crackles abounding. This on a $22 vinyl lp. Amazon made good on it and refunded me the money, but BUYER BEWARE!",negative
"Why would any one into deathmetal apreciate people that only talk about eating other's ppl skin and the same type of idiotic subject matter over & over again ?If the music atleast made up for the dumb & childish lirycs. Cannibal corpse, is the same thing as plenty of rapmetal bands and nu-metal bands out today and no there not difirent in any way--just because they play their music faster and heavier...Whatever! Its basically the same sound over and over and over redone again and again. Truly boring as any thing can get and no its not heavy or nothing of the sort, trust me! I didn't even like cc when Chris barnes used to be in the band--- because he sucks at being a deathmetal vocalist. Any one that likes deathmetal and yet  love cc should be ashamed of themselfes. No talent here...Skip this and insted check out vomitory,immolation,skinless,gorerotted,mortician,behemoth,vehemence--- just to name a few amazing deathmetal acts.",negative
"Kick-ass Southern Rock doesn't have to use racist imagery.  We can do without the Confederate Flag on the dog, for godsake!  Maybe most men could excuse the gorgeous ""girl"" in the cotton print dress and cowboy boots, but do we have to look at Kenneth's ""Cracker"" tatoo? ""There's bones lyin' in that clay""?  And what about the bones of hundreds of thousands of slaves that died in the South with no grave markings whatsoever.  Can I find them in Harris Cemetery?.  Maybe Mr. Young WAS right.

Can't believe that Lucinda Williams would tour with such....",negative
"Write really bad songs, get a singer with a lazy eye, and act like you're so deep. However, make sure you write prosaic lyrics, too.",negative
"I  hav learned to read reviews closely and, in this instance, to know Chris McVie was not participating, turned me off. She became an integral part of Mac and I enjoy albums more when she was aboard.
Cheers
Boris",negative
"I regret having purchased this album on the grounds that this particular release has been so chopped up and tampered with that I feel that I'm not getting the true output of my favorite group. Some really fine songs have been excluded here evident from the European version of this album, FLOWERS. On what basis is this decided and by whom?

Why the hell do this in the first place?",negative
"The first time I listened to this thang (when I was a tender teen rocker) I though it was a joke.
But then, many of my hard rock loving friends were so gung ho about it, I thought ""I must be wrong"".
Now that I'm an old fart (and proud of it!), I listened to the thang again and boy, was I right!
Ian Gillan's performance in Speed King really deserves a place in Rock History. Specifically under the chapter ""Laughable Yelling Clowns"".",negative
Not what I expected from David Gilmour.  I didn't realize this was the first Pink Floyd recording.,negative
This album is a complete waste of time and money.  The so-called music on this album sounds like everything else she has ever tried to sing complete with all the moaning and screaming.  She never changes her style and it's very very boring and worthy of fast-forward during the entire listening experience.  I wouldn't even give it 1 star.....,negative
"the title says it all.  avoid this st. clair release.  a  rip-off if there ever was one.  Amazon requires 20 words for a review, this CD collection only needs one: BOGUS.",negative
"Carrie is a good singer, but these songs are mostly trashy and too pop-sounding for her voice.  In ""Undo It,"" she is just yelling, and in ""Cowboy Casanova,"" she is using trashy similes like ""that boy is like a disease.""  What was she thinking?  I hated almost every song on this album.",negative
Biggest waste of money I ever spent!!! I caution everybody stay away from this disc!!!! It sucks!!! It's the teutg,negative
"I generally like any type of music I have heard from the 80's time-period, especially rock 'n' roll. I do, but this is perhaps one of the most overrated pieces of garbage I have ever wasted time listening to in my life. I am surprised to this day, how I could have made it all the way to the tenth track without slitting my own wrists. Again, I do enjoy most music of the genre, but the music must be of a certain level of quality and the lyrics of some originality. Neither can be found on the self-titled Bulletboys debut album.
Case in point: The opening number, is an okay track, but it is their BEST track! ""Smooth Up In Ya"" is an awful number, yet their only bonafide hit, which qualifies this garage band of VH wanabees as a genuine ""one-hit wonder"".",negative
"Don't get me wrong I `m a truly and loyal Iron Maiden fan.  I have all maiden material in music and video.  When I star hear this one, everything goes great until this guy star to sing; well he tries, but failed in a miserable way.  In some point I start to think this could be a mistake, maybe I pick up a Cd from other group, but wait a moment, NOOOOOOO, is maiden, well the album cover said so!
Thank God Dickinson is back hopefully someday the group will reissue this one and Virtual XI but with Bruce singing, because the music in both are great, until Mr. Bailey open his mouth!!!!!!!!!!!!!!!",negative
"This band sucks, i bought the album because a magazine i read said they were the next big thing from Napalm records.  WHAT A JOKE!  THIS BAND SUCKS (DROP) D!",negative
"I could write an encyclopedia on how much i hate them. GC is nothing but a bunch of filthy, disgusting, unholy pigsthat serve no purpose on earth! I will NEVER stop making ""gc sucks"" listrs!

The irony is delicious :)",negative
"My Sweet Lord !!!
This happens to be one of the greatest cd's in the history of music.
This 2014 re master is muddy flat and lifeless and even sounds slower and has no punch.
hands down the entire family agrees.
Stick with the 2001 remaster , it sounds like vinyl  and should there be any debate, just remember that is the edition the artist remastered and supervised before his untimely passing. the other gh cd's that have been remastered you do not have that luxury with as he did not remaster any other discs. I do not understand what they were thinking, maybe it sounds different in the studio than on your personal systems ??? Hopefully the 2001 remaster color box will not perform the art of dying.",negative
"I loved the earlier CD, Reiki, The Light Touch, so I was looking forward to this.

I was disappointed to find out that 3 of the 9 cuts were basically worse arrangements of melodies from that earleir CD, with more melody snippets embedded in other cuts.

I also found the sitar and vocals to be overused and not that peaceful.

I cannot recommend this CD. if you have Reiki, The Light Touch, it's redundant. If not, you should get that CD instead of this one.",negative
"dogz homiez g'z, dis not be da hizzly foshizzly on zwollow thiz jizzle! Lemme kik it freestyle foyas..yo i be rappn, don't crackalakin, or da g will get the flaka a kack a mack yo's! HOmiez! Stay far away form deez wanna be rappin punkz, kizzizle? ""THis is tha anthem, throw all your hands up"". whatz wit da terrible rappin homes? Yo,yo dis album definitly NOT of da hizzy!",negative
"I had a friend years ago,recommend that I get one of Tom Waits' CDs. At a local Harmony House I bought one. I can't exactly remember the name of it,but oh my heavens it was absolutley ear-aching! Right after the first song,I turned it off and tried to take it back. Unfortunatly,the store would not return it,because it was opened. I was so ticked off. My ""friend"" who recommend the Tom Waits CD to me has been missing ever since,I confronted him about it. ...moral of the story,don't ever waste your time listening...let me rephrase,TRYING to listen to Tom Waits.",negative
"Christina you lost all your senses this time!!I adored you but you gave up your talent to make this trash?Techno could be cool but it's just not your cup of tea,please return to the bottle and be a genie again!!Thank you.",negative
"This cd has absolutely no chords. It's all simple riffs, dumb lyrics, and a horrible album. ... they got big off of that dumb Butterfly song and in the process were able to sell over 1 million copies of this ...just, because of one song. ... They are a horrible band ... Do not by this cd ever. If you want good rap/metal or nu metal then listen to a band like Korn or Rage Against The Machine.",negative
"Elsewhere, I have stated my admiration for Jean Moulin. He died a hero. Even so, I fear he was upstaged, bravery-wise, by Barry Keenan, Johnny Irwin, and Joe Amsler. Who are they, I hear you ask? Simple! They're the madmen who kidnapped Frank Sinatra Junior in the winter of 1963.  His father, Ol' Blue Eyes, was never one to turn the other cheek - or hand out the astronomical sum of $240K in ransom money ""to rats and punks."" It was a race between the FBI and Franky's wider circle of friends to find the culprits. Lucky for the trio, the former located them first - otherwise, Klaus Barbie might have been summoned to Vegas as Frank's guest.

Now, if the trio had wanted some dutch courage at the time, there'd be no use sending Jeggy's performances of Beethoven Fifth and Seventh to them via a time-machine. For sure, these are two of the most heroic utterances ever created by mankind. They should make us walker taller when played appropriately . . . . . . . .

To be blunt, this is Beethoven without a wanger.  Yet again, Jeggy thinks he can fake his way through these masterpieces with mere lightness and transparency. Yes, you've guessed it: what a crucifix is to a vampire, what krypton is to Superman, what normal underpants are to Batman and the Boy Wonder, majesty, profundity and stillness are to Jeggy. Fundamentally, he's scared of this music. How else does one explain his tepid, walk-on-eggshells response, abetted by a tin-pot ensemble of no distinction whatsoever?  As a correspondent wrote to me recently, he plays Beethoven as if it is JC or CPE Bach - and don't tell the Vicar!!!  Just listen to his shallow, weedy, prosaic phrasing at the start of the Seventh. How it short-changes the listener! Much the same could be said of the Allegretto: it's gutless and lacking in menace. The Fifth is cut from the same cloth. As played, the opening chords of the finale could serve as the national anthem of Lilliput.

It's time for a giggle. John Kwok is the Generalissimo of Five Stars Reviewers at Amazon. He's a Big Apple culture-vulture. Read his review - it implies that he graced this concert in question. Who knows - perhaps he supped with greatness (ie, a gin and tonic with Jeggy) at the after-party (what a lark that would be).  He panegyrizes ""it . . . is one of the best CDs coupling both symphonies together, worthy of comparison with Carlos Kleiber's legendary recording with the Wiener Philharmoniker (Vienna Philharmonic Orchestra) for Deutsche Grammophon."" One can only laugh. Is it the last days of Pompeii?

Don't be fooled by mere Zeitgeist and hyperbolic vulturine gabble. There are plenty of Sevenths in the market-place that don't wee their pants when heroism is required.  And travel back in time to May 1969 in Moscow if you want to hear a barnstorming rendition of the Fifth (<a data-hook=""product-link-linked"" class=""a-link-normal"" href=""/Karajan-in-Moscow-Vol-1/dp/B001HWW9X6/ref=cm_cr_arp_d_rvw_txt?ie=UTF8"">Karajan in Moscow, Vol. 1</a>).

Let's close with a quote from Frank:

""May you live to be 100 and may the last voice you hear be mine (and not Jeggy's).""",negative
"where the volume on this record, what a horrible sounding LP, shame on a ******** who tries to run game on a ********, my favorite hip hop record ever, but this vinyl is simply garbage...the CD sounds WAY BETTER!!!!",negative
"I did not like this album and her music sounds simplistic and lost. In my view she should have produced a DANCE CD, because this is her business. Her two single are not that good and are kind of repetitive. It seems to me that Donna is trying the go to Madonna's path. Don't go there Donna. You are a real singer and you can sing: MADONNA CAN'T SINGER AND IS NOT A SINGER.",negative
"Why does the term ""jam band"" have to translate into tedious, repetitious detours in 9-minute songs?  There are hardly any of his good hits on here, and there is too much of that gospel singer on this album.  I would feel ripped off if I went to a DMB concert and did not hear ""Crush"" - which is a song that I actually enjoy listening to its full 8-9 minute version, unlike other DMB stretched-out songs I hear on this album.

So, are you into rock or are you into ""jam bands"" and gospel?  Avoid this.  There must be better DMB live albums out there.  I mean his fans just rave and rave about their live concerts, and they have quite a concert following...",negative
"Considering the fact that there are those who call Hoobastank Incubus rip-offs, let me just start off by saying that neither band started any kind of alternative rock movement or can hold a candle to those bands that did.  Hoobastank's self-titled debut album sounds like rehash material from a Backstreet Boys/Incubus colaboration and is nothing more and nothing less.  Typical, predictable, and just plain lame lyrics play on to the sound of downtuned nu-metal guitars; this is nothing new at all.  You want to listen to real alternative rock or hard rock?  Go check out Corrosion of Conformity, Soundgarden, or Faith No More and you'll see how it's really done.  This is best used as a drink coaster.",negative
"Pretty songs but all alike, just a few songs and not Christmas! Plus the case was badly scratched  I returned",negative
"this album is total garbage, this is his worst work yet, not to mention all his lyrics surround his big pile of money, im not hating, im just saying Jayz is making a killing off of people who have no clue as of to what hip hop really is.  Jayz is an intelligent business man cause he has white fans and every 15 year old saying ""o my god mom you have gotta get me that new Jay Z cd"" and doesnt even have a clue whats on it..... that is my point JayZ is almost as bad as eminem i would give it negative stars if i could don't buy this ENHANCED GARBAGE....",negative
"again, scratches terminated this cd",negative
"Well, I guess every generation needs its own Right Said Fred.",negative
"If you're going to own only one of the myriad of Celtic Woman CD's, this is the one.  Yes, there's only one performer; however the range of musical selections is quite large and typical of the best fare on other Celtic Woman productions.  It's become my first choice when I'm in this musical mood.",negative
This album is 1 stars because most of the songs are unlistenable. I don't enjoy listening to this album. I don't recommend this album. Addy.,negative
"Although I am a big fan of Horner, this is one of the few scores he has written that I was absolutely dissapointed in. It sounds SO electronic, and has no trace of the orchestral sound the Horner is famous for. Even the  voice choir often heard is enough to drive you crazy, and if you ask me, it  would have sounded excellent had Horner used an actual orchestra and voice  choir. This is merely my opinion, but Horner strayed way to far from his  excellent orchestra style he used in ""The Rocketeer"" and  ""Willow."" Don't get it.",negative
"THE BEAT GOES ON is proof that you don't need to own every record by a favorite group.

Excessively artsy-fartsy, TBGO is a concept album that was silly then and an earsore now; an obvious misstep for the boys from Long Island.

To be fair to this great band, ""Beat"" was Shadow Morton's baby all the way. Even when the record was reissued on CD (by SUNDAZED), band members had little good to say about their producer's aural mish-mosh. They're right. This one's a bummer.

<a data-hook=""product-link-linked"" class=""a-link-normal"" href=""/RENAISSANCE/dp/B000QWOCWO/ref=cm_cr_arp_d_rvw_txt?ie=UTF8"">RENAISSANCE</a>&nbsp;on the other hand is the Fudge's masterpiece!

PROGRAM--

SIDE ONE
[2:55] Sketch
PHASE ONE:
[1:57] Intro: The Beat Goes On
[0:46] 18th Century: Variations on a Theme by Mozart (Divertimento #13 in F Maj.)
[0:46] 19th Century: Old Black Joe
[3:09] 20th Century: Don't Fence Me In; 12th Street Rag; In The Mood; Hound Dog
[1:45] The Beatles: I Want To Hold Your Hand; I Feel Fine; Day Tripper; She Loves You
PHASE TWO:
[1:32] The Beat Goes On
[6:33] Beethoven: Fur Elise and Moonlight Sonata
[1:05] The Beat Goes On

SIDE TWO
[1:00] The Beat Goes On
PHASE THREE:
[8:09] Voices in Time: Neville Chamberlain; Winston Churchill; Franklin Roosevelt; Harry Truman; John Kennedy (and other voices)
PHASE FOUR:
[1:50] The Beat Goes On
[8:57] Merchant/The Game Is Over
[2:20] The Beat Goes On

TOTAL TIME: 42:44",negative
"Whatever happened to Bono & The Edge ?
This is no more U-2, this is... TITANIC (ta mer) !",negative
"this is the problem with current R-N-B all recycled music.these Young Lady's have some talent but this run of the mill writting&music weighs whatever they may have down badly.since they come out  with songs that repeat the subject three times please don't become  Puppets, puppets, puppets.",negative
CD would not play in any of my CD players...Low quality CD,negative
"1984's `Tropico', Pat Benatar's fifth studio album, is an awful undernourished thing. With the exception of the excellent `A Crazy World Like This' which had input from corporate songwriter Billy Steinberg, `Temporary Heroes' (from another contract songwriter) and to a lesser extent, the band's own `Diamond Field', everything on this outing in excruciatingly banal.

Benatar's albums to this point often fell into the trap of portentous titles with limp, underdeveloped, often naff lyrics. `Tropico' took that to the hilt. With titles that promise big things, like 'Diamond Field',`Painted Desert', `Love in the Ice Age', `Outlaw Blues' and `Suburban King', it is beyond disappointing to find that these images and metaphors are not carried through in the lyrics in any meaningful way. Coming from a band who previously delivered stirringly powerful lyrical images in the likes of `Hell is for Children', `Promises in the Dark' and `Fire and Ice', these tracks are downright embarrassing. It is hard to imagine a song more contrived and patronising than `Suburban King'. Then there is the abominable, saccharine and completely uncharacteristic `We Belong'.

Produced again by Peter Coleman, with whom they had worked on `<a data-hook=""product-link-linked"" class=""a-link-normal"" href=""/In-the-Heat-of-the-Night/dp/B000EHRAFW/ref=cm_cr_arp_d_rvw_txt?ie=UTF8"">In the Heat of the Night</a>', `<a data-hook=""product-link-linked"" class=""a-link-normal"" href=""/Get-Nervous/dp/B000005JF9/ref=cm_cr_arp_d_rvw_txt?ie=UTF8"">Get Nervous</a>' and `Love is a Battlefield', and husband/guitarist Neil Geraldo, `Tropico' has fine musicianship, lush synthesizer embellishments and slick production that improves on 1982's `Get Nervous'. But none of this helps if the songs aren't there - and they most definitely aren't!

And why on earth is it called `Tropico'???! Give it a big swerve.",negative
"God this guy is absolutely pathetic, he's now one of the richest people in music but for doing what? Wearing excessive gold, not having an ounce of talent in his body? for singing in his childish lyrics how much of a bad *ss he is or for getting shot however many times ( which unfortunately didn't kill the b***ard ). The answer is yes; this is why he is rich. It's worrying to know there are enough plain stupid people in this world to actually buy this c**p, just goes to show how much unoriginal land sheep like these people are to just go with the trend and ""enjoy"" listening to this p**ck.

Like basically every other Hip - Hop artist to exist today, the stuff they write about and get paid millions of dollars for isn't in my opinion music - Some uneducated piece of s**t from a broken home basically talking about how hard there life is and how rich they are now. And when it comes to Hip Hop, the actual music its self is only 50 perCENT of the cra**y package, oh no because not only are these losers showing off in their lyrics, their image and the way they present themselves on TV to them is just as important. It's almost impossible these days to flick through the music channels and not fins some idiot wearing to much gold, baggy clothing leaning up against some flash car with half a dozen women surrounding him because as far as there concerned music is about image when it is anything but that. Music's about meaningful lyrics, proper instruments, i.e. a guitar if any of you hip hop fans know that that is and melody. Posing yes, I agree this c**ks pi**es all over any other musician when it comes to posing, but sadly I don't think any talented musician would really care about that because they can feel comfortable wearing regular clothing as they don't need expensive over the top garments to make themselves feel good as their music can make them feel good enough.

So there we have it my review, I'm sure a lot of you want to kill me for writing this, if so your either a complete r**ard or just scared to face the fact that your one of the sheep in the mindless flock.",negative
Just look at the expression on his face. He assumes that we really think he can jump that high without aid from a trampoline. Are we fools? If anyone wanted to torture me they could handcuff me to a chair and put headphones on me with this hideous junk playing.,negative
"the large number of 5 star reviews for this piece of flotsam

explains alot about what's wrong with this country.

it explains why george w is president; it explains why are

school system is like 9th in the world; but what it really explains is the large number of morons who inhabit this country.

all of you who gave this waste of cd space a favorable review

all worship at the temple of stupidity. you think ""american

idol"" is classic television; you think nascar drivers are geniuses because they know that a straight line isn't the shortest distance between two points; you think books are for leveling a couch or a table, or for burning.

i'm by no means a genius, but i'm smart enough to know that

toby keith, or as bill mahar refers to him, koby teeth,

is a talentless redneck,which is redundant. in a smarter world mr. teeth would be cleaning out septic tanks.

btw, amazon, you must allow for a zero star rating; i feel dishonest

giving this 1 star.",negative
"As a long-time Journey fan, which started with their first three truly great jam albums, i think ""Raised on Radio"" was perhaps their last decent release.  Although 'decent' is not how i would ever describe anything prior to""Raised on Radio"", it stands as more of a precursor to 1996's ""Trail by Fire"" than as a continuation of their previous efforts.

""Next"", ""Infinity"", ""Evolution"", ""Departure"", ""Escape"", ""Frontiers"", are all truly, truly great music, but ""Trail by Fire"" seems to have skipped over the notion of 'Journey' as a band and simply defaulted to becoming Perry's backing band for soft-pop crooner tunes and watered-down attempts at some terribly misplaced definition of Rock.

While there's no problem criticizing mis-guided songwriting and musical direction, it's difficult criticizing someone's voice, especially one that's provided us all with some of the most incredible vocals in Rock.  However, it's clear on this release that the strain of the previous decade and a half are showing on Perry's vocals - it had to end at some point - the vocals here are careful at their best moments, strained and ragged at their worst moments.  I don't think anyone would expect such a powerful and unique voice to remain the same over time (Jon Anderson of Yes is perhaps the only exception in Rock).  On this release, much like the songwriting, it's something of a parody of what we once knew as the band Journey - a band who let it all out and held back nothing.

Trail by Fire is tepid at best.  They may have been happy about playing together again, but they don't seem excited about music any more.  Sometimes you can never come back, as you're never the same having made the journey.

My advise is to skip this one and simply purchase everything up to ""Frontiers"".  In this, you can truly enjoy some of the best Rock ever laid down (especially the first five efforts) by some of the best and most talented musicians in the field.",negative
"I want to return this. The first song jumps all over the place, and the second has a couple jumps in it. I love the songs and the album, but not this particular CD. It should be replaced. How do I do that?",negative
"There are some bands whose lyrical content might be described as ""cheesy,"" but who write songs that show that they KNOW they are being cheesy and having fun, and have the musical chops to back things up. Case in point, Iron Maiden. Yet on the other hand, there are bands whose music is huge mounds of processed dairy product, yet they are blissfully unaware of just how over-the-top and cheesy they are. Italian Power/Epic Metal group Rhapsody is just such a band.

I've never seen a band use cheese and bombast as a crutch as much as Rhapsody. This is a band that is ALWAYS on; ALWAYS at full throttle, never letting up with the sheer cheesiness, and no, power metal fans, that is NOT a good thing. One can only take so much cheese, so many wild guitar solos, anthemic, uplifting choruses and keyboard defecations before one gets sick of it and vomits it all up. Like so many bad metal bands, Rhapsody know no concept of subtlety. I honestly had difficulty remembering any distinct tracks at a later time, simply because they all blended together into one big mass of Power Metal cheese. When it comes to overdoing things, Manowar has NOTHING on these guys. Needless to say, if you've heard one Rhapsody album, you've heard them all.

Lyrically, you've got plenty of epic battles, mighty warriors, and elves, fairies, unicorns frolicking in the forest. It's like they had all read Dragonlance, Wheel of Time, and Lord of the Rings far too many times and decided to write metal music about it. Did these guys ever watch ""This is Spinal Tap?"" I can seriously imagine Rhapsody performing ""Stonehenge,"" complete with the undersized Stonehenge and dancing dwarves. They are that cheesy. The band describes themselves as ""Hollywood Metal,"" yet I don't remember any Hollywood scores as overindulgent as this, nor did they feature the laughably bad spoken-word narrations as found on this album.

Despite the incredible bombast and flair, Rhapsody's music is like cotton candy. It's light, fluffy, and sickeningly sweet, with no real lasting flavor. If you like metal music that sounds like something from your local Ren Fair, then by all means buy every Rhapsody album there is. But for me, I'd be embarrassed to own this stuff.",negative
"If you are looking for the Bryan Adams you thought you knew from the 80's, you won't find him here. He has been replaced by a crooner of love ballads. If love ballads are your thing, then this album is for you, otherwise, steer clear and save your money!",negative
This is a hybrid SACD multichannel and stereo disc. I already have this music in a DVD containing the amazing film with the same name. This DVD has the same music in Dolby digital (pro logic IIx). If you do have equipment to decode this signal you will have a wonderful experience compared to this SACD. I will say I'm deeply disappointed considering that the multichannel mix already exists making the movie.,negative
"When I first listened to this CD I was immediately shocked and dismayed that it doesn't begin with the music that the film begins with, the Ring Theme. Listening all the way through I was disgusted to discover that a version of the Ring Theme only graces the last 20 seconds of track 15. AND THAT'S IT!!  Now the film boasts a rich and complex set of themes, so there's still plenty of material to fill out the disk. But this error in judgment (or whatever it is) should not be overlooked. I give this CD one star to call attention to what I judge to be an unforgivable screw up.",negative
"The only decent song is Dare, the rest sound like teenagers made them in their garage. Not a big deal because it was only $5. I wish they'd write more stuff like Dare. That said, I'm chalking them up as one hit wonders.",negative
"I don't care what any of the die-hard fans say, this album sucks. If you're expecting any kind of reasonable follow-up to OK COMPUTER, look elsewhere. Gone are the moments of beautiful vocals and anthems you can immerse yourself in...this is the kind of album I would listen to back in art school and pretend to enjoy. Do yourself a favor and pick up something like RED STARS THEORY new release, ""Life in a Bubble Can Be Beautiful."" It at least strives for sustained moments of blissful listening. RADIOHEAD won a grammy and now they need to prove to themselves that they're not mainstream, and we, as the audience, are forced to suffer through a full-length CD which will be quickly forgotten. If this were their first release, it would also be their last. Letting this trash grow on you simply means you've accepted the idea of lowering your standards.
I'd give it zero stars if I could.",negative
"Wait !!! I am talking about remaster Metallica 's CDs !!!
I bought Ride The Lighting version 2016 ... excellent audio quality, but I never had listen Ride in LP or CD before.
So i put on the CD player Master of Puppets and And Justice For All, version 1986, 1989... They have a bad, thin sound !!!
There is version 2016 (remastered) of all the Metallica albuns???",negative
"Ive known for a while she has some worshippers or whatever your might call them. Some of these people will almost try to hurt you if you say you don't like her music. OR Simply, this Album is Exremely weak... Extremely. SHe has her moments but with all that Hype and everybody including most females trying to Play cute instead of knowing what Rap is. They just rate her on how she looks which after all the surgery she has done is starting to look like a Wierdo. Anyway as far as the Album goes she had to at the last minute include Romans Revenge Ft. Eminem, which is one of the tracks that are actually ok. Im the Best, is alright. Other than that DO NOT listen to Her Blog Page... and Fans posting 5 Stars reviews on here. This is PURE Hype and no real substance. Dont be fooled by that sympathy song she has on here. Its too little too late. Pink Friday belongs back in the studio. Needs alot of work trust me. Dont waste your money. This is not what it Hyped up to be.",negative
"Madonna breaks McCartney Top 10 record

Posted: 19 November 2005 - From Everyhit.com

Madonna has entered the singles chart at Number 1 with 'Hung Up.' In doing so, she has secured her 54th Top 10 hit and overtaken Paul McCartney - including his tally with The Beatles, Wings and various other guises. Though both artists trail somewhat behind Elvis' 76 and Cliff's 65 Top 10 hits, they are an elite group; no other artists have had 50 or more Top 10 hits.

Other significant Madonna chart facts....

-Longest span of Number 1 singles for a female solo artist

-Most Top 40 hits for a female solo artist

-Most weeks spent on The Top 40 by a female solo artist

-Most number 1's by a female solo artist

-Female solo artist with most weeks at Number 1",negative
"Lacuna Coil has lost it.  The magic, the mesmerizing ambience due to Lillo's vocals is gone.  This is a messy album highly dominated by mallcore sound and too distant from ""In A Reverie"" or ""Unleashed Memories"" to be taken as coming from the same band. Even the song in Italian ('Without Fear') has nothing of the magic of 'Senzafine'.  The only song truly LC in my opinion is 'Within Me', and yet has not the fire of 'To Myself I Turn' or 'Falling Again'.

Unless you are a hardened fan or very open to a band falling into the mainstream I recommend to avoid this one.",negative
"People, this is bad.  Now, I have nothing against remixes, but this generic dance re-working of the Elvis tune is shameful.  A blatant obvious gimmick that's meant to tie in to the 25th anniversary of Presley's death.  This shot straight to No. 1 in the UK.  The British usually get it right when it comes to taste, but not this time.",negative
"flop artpop, this chick just gets worse and worse...25 million dollar waste....LOL way to go caca for releasing such TRASH.",negative
"I have listened to Nickel Creek's debut album until I know it inside and out.  I love it.  I saw them live and they were excellent.  I was so excited to buy this CD and WOW...it's very different from the first one and it almost seems like the kids were trying to pull something off here and it didn't quite work out.  I like the first song, but after that it's pretty bad.  These kids can play their instruments so well, but they aren't showcasing that at all on the second album, just a bunch of mucked up lyrics and odd song structures.  Stick with their first album and cross your fingers they come to their senses and write another great one.",negative
".....yeah right!....well,you want a review for this album........ok........this is the worst band in the world..is music for 5 years old brats who think they're cool listening to whining sorry lyrics and boring rappings......if you're into punk listen to real punk bands........what about some wizo.....they are young neither.......or bad religion...they're gods.........don't be a sucka my friend and if you bought this album gave it to your little cousins,......but I don't think they're dumb enough to take it.........",negative
"Nofx's ""punk in drublic"" is just like every other stupid punk rock band... It sucks. I don't see how this genre cna look at themselfes after listining to such disgrace.

If you want real music ? Listing to some gore/grind! Punk rock blows.",negative
"This album I hadn't heard before.  It's obvious that this is the first album that Dr. Funkenstein had in his infancy, but there is little reference to the birth of the character or the comicbook aspect of the music on this album.  It was a letdown and I can't recommend it.",negative
"It seems I am alone in the world of Amazon reviews for ""The System Has Failed"".  I don't care how many 5 star reviews I see or read...this album is a disappointment.  ""The System Has Failed"" sounds like a Megadeth cover band doing original material.  Megadeth have not made a FULL album of decent songs since ""Cryptic Writings"" (1997).  ""Blackmail the Universe"", and ""Kick the Chair"" are the only notable tracks on this CD, the other songs on the album sound weak like clock-radio speakers(simile courtsey of the GZA).  I may be outnumbered on Amazon, however I do have an ally in the form of ""the man"" himself...Dave Mustanine.  In a recent interview Mustaine expressed his disappointment with ""The System Has Failed"" 's line-up and overall sound and production.  In fact all of these pitfalls caused Dave Mustaine to retire (again,  first in 2002 because of wrist trouble) in Feb. 2005.  But of course, again, the retirement didn't last.  Slated for a Halloween 2006 release is Megadeth's new album ""United Abominations"".  As Dave has been saying since ""The World Needs a Hero""(2001), the new album ""United Abominations"" will be a ""return to form"".  If you return to form it means you left and one point, right?  So if the last 3 Megadeth albums, ""United Abominatons"" included, were a ""return to form"" then if my math is correct Megadeth has been releasing crappy albums since ""Risk""(1999).  In conlusion, Mr. Mustaine please stay retired or stop making albums under the name Megadeth.  I pray to the metal gods ""United Abominations"" will be amazing, but I've learned not to get my hopes up.",negative
"Do yourself a favor, fellow Humble Pie fans. Do NOT buy this rubbish!! It's a horribly recorded audience tape, one of the worst bootlegs I ever heard. Do yourself a favor and get the Winterland 1973 show (KBFH) that is widely available, that's a trememdous recording and show. This thing should be taken off the market immediately.",negative
"This review was written in late 1998 or early 1999.  I posted the review back when it was originally written but the review never appeared.  This should have been one of the oldest, if not the oldest, review of this product on Amazon.  It was issued on Amazon.co.uk on January 21, 2001.  So, over a decade (twelve years in fact) after it was completed, here is my review of GODZILLA: THE SOUNDTRACK.  It should be known that I have not heard this soundtrack since the late 1990s with the exception of ""Come With Me"" which is on my iPod.  I have NEVER seen the movie.  I remember ""Undercover"" being a somewhat funny, rather ridiculous song.  I still stand by what I said in the original review though, even after over a decade of not having heard the album, that this was a soundtrack caculated slowly at reaching as many different type of markets as possible, and the record feels disjointed and does not flow.  Very bad album, though the individual songs themselves (most of them) are actually pretty good.

Decmber 14-2011
-----
Godzilla: The Album Review: [There's a lot of great music out there with high integrity]...and this ain't it.

Good album ... from the commercial standpoint.  This album is pure product, nothing more.  (Which, by the way, is what is ruined about Beatles for Sale).  A few people have praised it for the variety of music contained therein.  Sorry, on this record, not a strong point.  It was just a blatant cash-in.  Wallflower's cover of Heros costed $500,000.  That is how much they paid the band.  This was widely criticized in the recording industry.  There was not a track put on here that the producers did not think would help them sell more of these LPs (still think in record terms).  And they were right.

Actually, in terms of what they were trying to do (make pure product) this album is 5 stars because they succeed so well.  In terms of artistic quality, like how the album will stand the test of time, - 5 stars. ; 0 )  It won't last at all.

Truthfully, I do like all of the music on this album.  But the thing I don't like is everything on this has such a commercial feel.  The movie (which I haven't seen...never appealed to me, although I am a big fan of SF/Fantasy movies) I have not seen, but have been told its just a special effects flick.  It was supposed to be the big hit of the year.  It did not go over as well as expected, though it did decently.  That's how Godzilla: the album did.

Cine Come With Me, being (besides Heros) the most talked about track, is perhaps also one of the most disgusting.  When you try to combine such different genres as rap and classic rock, it is bound to be hard to do successfully.  Being a huge Zep fan, I couldn't believe they did that.  And in the liner notes of the Zep Box Set, Page talks about how you have to be careful with tampering with music because it means so much to people.  Here he was just rearranging the song sequences.  Can we say...hypocrite?  Although it is interesting, granted, it is truly a crime that they did that to Kashmir, one of the ultimate rock songs!  That would be like taking the orchestra crescendos out of A Day in the Life.  If Puff Daddy has to depend on established rock classics to sell his records, he is in very sad shape.  Especially considering he did such a poor job.  Page should be shot for allowing him to do that...even played on the damn track.  Had I been Plant (who like the version) or JPJ, I would have torn into them.  For Jones...he's been getting treated so crappy by his former bandmates.

(Interesting Factoid: John Paul Jones did the string arrangements for R.E.M.'s classic Automatic for the People.  Now there's a real 90's album for ya!)

Bottom Line: If you want good rock, go get the real stuff.  If you want commercialized tracks with no consideration for art; you've hit the mother lode.

There has to be a balance...everyone has to make a living.  But there has to be some art to it too.  This is entirely out of balance

The Ultimate Soundtrack of the 90s: Singles.  Although it does not have Nirvana, it defines the grunge movement.  That has art.  It's the best sound track of the 90's I've heard.  Don't waste yr money on this commercial crap!  Go with Singles!  Damn good album!",negative
"KRS ONE, Talib Kweli, 2pac, Mos Def, Obie Trice, Gangstarr, EPMD, Erick Sermon, Eazy E, Eric B. & Rakim, MC Lyte, NWA, Public Enemy, Mobb Deep, Lil Cease, Nas, Chino XL, DMX, Biggie, Kanye West, Wu Tang Clan, ONYX, Rakim, Redman, Royce Da 5'9, Warren G, Xzibit, Cypress Hill. All of these rappers and duos are wayy better than the (...) your hearing on the radio, BET, MTV, MTV2 or whatever station the world is pushing at your faces. im telling you rap first reached its downfall of pop rap category since 2000 when Big Pimpin and Back That Thang Up first came out. now its goota be put to a halt. is this the message we want america to hear and follow? hoes, money, women, guns, cars, ice, is this the message i want my kids to read and to make them thing this is ok and this is everything in the world? why cant these rappers rap about something more meaningful like how hard it was to grow up in the ghetto or racism or politics? Rap needs an uplift, expand your mind into good rap and you will go far.",negative
don't bother,negative
What is on the CD is not what was presented on Amazon nor what is listed on the back cover. A great disappointment.,negative
"As I try to enjoy Furtwangler's Brahms in this very overfiltered transfer, I can't help but be very frustrated. This performance is from 1945, yet I have recordings from 1975 with far more tape hiss. In other words, the digital mastering by Maggie Payne uses way too much noise reduction, resulting in a bland, lifeless sound. The orchestra sounds like it is a mile and half away. Yet another CD ruined by Maggie Payne. I bought this set at a time when I didn't know better. I have to believe this stuff has been released in more open (less muffled) transfers. I suggest you seek those out. That's what I will be doing.",negative
"Can I give this one zero or negative stars? No? Then a paltry one star will have to suffice to mark my dismay and anger at this release.

Let me first say this is a fine, brisk performance, very much in the Toscanini mould, with a stellar array of soloists.  So, my ire is not aimed at the performance, but at the ham-fisted remastering engineers who have murdered the sound of this once-fine Living Stereo.

Shaded Dogs have been a gold standard in fine sound and performance since the late 50s. I have many in the original vinyl, together with various subsequent generations of re-cuts on vinyl and  latterly   transfers to high resolution digital for SACD and download.

I actually auditioned this recording in 24/192 PCM  in other words, with vastly superior bit rates to lowly CD. Quite simply, it was so bad that I was forced to switch off after 2 or 3 minutes. It was actually painful to listen to. I can say with some certainty that this is, in fact, the worst Living Stereo remaster I have ever had the misfortune to listen to. As to what it might sound like in lowly CD? Id really rather not think about it.

The faceless Sony wreckers who were responsible for this farrago of noise should do public penance for crimes against music and audio. But they wont. Working in Sony means that you never have to say sorry

Sony remasters of their historic classical archives have officially sucked for the last few years, but this one officially takes the Booby Prize. If you want to hear Living Stereo done right, then look no further than the BMG/Sound Mirror series from a decade back.

But this abortion? Avoid.",negative
"Karoke covers at their best, I've heard better in bars. Who'll Stop The Rain is PAINFUL to listen to...WHY VINCE WHY?!?!?!?!",negative
"The problem with the living legends is always in the way they refuse to live as legends - or better, let the legend part die and rest in peace. Yes, ""Lulu"" is far from being a successful experiment, but there are always far more unbearable things in life than a 95-minute travesty that everyone likes to hate so much. For example, imagine Yoko Ono ""doing"" spoken word parts instead...",negative
"DIARY OF A MADMAN and BLIZZARD OF OZZ were once on the list of greatest rock recordings of all time; now they're universally panned. Now they're Diary of A Sadman and Blizzard of Idiots. Good move. Think about it; John Michael (I think he's lost the right to use the name Ozzy for now) doesn't know how to play a stinking kazoo, much less bass and drums, yet he doesn't want to pay the men who wrote and performed the bass and drum parts on those albums; no he wants to take all that money home for himself. He doesn't give a damn what the ""fans"" want; you have been cut out of the loop. Oh, and lets don't forget to give the lovely Sharon her due credit. Wake up folks, his name is John Michael Osbourne and he has NEVER been the person he pretends to be on stage. ""Ozzy"" is a fantasy personality adopted by a lost and lonely little boy, when an astute manager/CEO in the making(Sharon) showed up to ""save"" him. He wrote great lyrics from the mindset of an impotent teenager, who can't deal with reality in any other way than through fantasy, but he was 32 years old when he recorded DIARY. Those great lyrics might continue to attract upcoming teenagers, but I think they have people closer to their own age to do that and aren't gonna be depending on an antiquated recording by a 60 year old fart to help them cope. No, what John Michael just did, was disconnect himself from a hardcore fanbase of other middle-age farts who had a shining memory of how heavy metal saved their teenage souls, and he just shattered that little memory. It's hard to reminisce of the old days, when the soundtrack to your memory changes. Anyone who's seen even one episode of ""The Osbournes"" should quickly realise the whole ""Ozzy"" personality is a put on. So don't be surprised when he turns his back on his former bandmates and fans for money. JohnMichaelFest just doesn't have the same ring does it? Lame.",negative
No comment.  Not my cup of tea.,negative
"Damn i didn't think rap could suck this much! If u are a rap fan then do not defile ur collection with this crap. Fat Joe is a crackhead, Remy is a b****, and the rest of them is just plain f***ed up. Use ur money on better stuff like Jadakiss, Lil Flip or Chingy or something cuz anything is better than this! Also, why is Fat Joe such a b***ard anyway?",negative
"sorry kathy lee, now i know why the show closed.  save your money.",negative
"I have to agree with DK Baker from back in July. I was/am a fan of Carly Simon's music and had a number of albums from the very earliest through to the nineties. I did not much enjoy her take on standards, as I did not think her voice suited many of them. I managed to get this album way below list price and I am very glad I did not pay many pennies for it. The songs are very weak compared with her early stuff, and as Mr Baker says, the phrasing is 'strange'. I thought she was sometimes trying too hard to get too many words into a sentence, just to make it rhyme. I like to think that I am impartial in my criticism, especially of artists I particularly like, and I hope this is the case here. The arrangements are good, the overall 'sound' is great, but the songs and the singing really let it down and for me it is a great disappointment. Perhaps Carly just doesn't have it any more but I would like to see her attack an album of songs of the quality of No Secrets or Tranquillo to see if I am right",negative
"I really wanted to like this product because I have loved their other albums, plus I paid $7.99.  I figured it's Behemoth it can't suck, right?.  This one lacked the creativity and speed that made their other albums great.  Also the production was lacking;  Too much focus on vocals.  I listened to it twice to try to justify the purchase and it sucked just as much the second time as the first.  Screw you guys. Why did you lose your originality?  I should have known by the title alone that this would be lame.  Satan is disappointed too.  What happened to your epic brand of metal?. Buyer beware!",negative
"I'm a huge Beach Boys fan. Have been all my life. Huge Brian Wilson fan. Huge fan of the Smile songs from when Brian performed them 40 years ago. This CD is terrible simply because his singing, now, stinks. Brian's voice is awful. I understand the circumstances. His voice is still awful. I'll take ""Wonderful"" and ""Surf's Up"" from 40 years ago any day. This CD got one listen, and now it's ready to sell.",negative
"huh huh, they said Whoracle... huh huh.",negative
hated this Recording,negative
"I have to start off by saying that the only reason I bought this cd was that it was ten bucks.  I was so disappointed by dmx's last album.  It was all filler, period.  This album finds him in a little better state, but still not up to par with the mc that delivered 'It's Dark...' , 'Flesh Of My Flesh...', and 'Then There Was X'.  Honestly, I got sick of hearing him repeat previous lyrics.  It's okay to revel in past glory, but to use them as crutches is just sad and boring.
  What redeems the album is the several songs that stand out.  'Shot Down', 'We Go Hard' and 'Bout To Blow' are by far the best tracks, and are the majority of the handful of songs worth multiple plays.",negative
"Ok I will say there are talented pop artists out there, but this is easily some of the most degrading and worse kinds of studio produced music ever. Insincere lyrics used to target a 12 year old base group so they could sell as many records as possible, get good looking heart throbs to catch these teen and tween audiences, then make all the music for them, use vocal distortions, and aggravate an entire generation oif males to no extent. They aren't very talented singers in the first place, they don't really right any of there music, they aren't sincere, and it saddens me to think that girls are stupid enough to fall for these guys. This is a rebound from New Kids on the Block, and something to compete with the Backstreet Boys. When will it end? No talent here, just a bunch of corporate liars and theives here. Don't support this smut. It's simply degrading to all people everywhere.",negative
"This album sounds nothing like Rocket, and if you are expecting anything similar, don't even bother with this album or any of their other releases.  I don't like to be one of the people who puts an album down for not sounding like the one before it and can appreciate artistic growth and experimentation.  This album, on the other hand, instantly brings to mind the question, ""WTF am I listening to?"" when one hears it.  This doesn't sound like mere experimentation or a change of direction for the band.  This does not even sound like the same band or singer.  I can not find a single element that would clue the listener in that this is Primitive Radio Gods.  If someone listened to this album without knowing who it was, they would most likely think it was a new tripped out emo band.  The name of the band should have been changed to Death Cab For Primitive Radio Gods, signaling that the band formerly known as Primitive Radio Gods has died and been taken away in a hearse and a new band that is more like an all acoustic stoner version of Death Cab For Cutie has taken their place.  The album itself should have been called Cold Dismal Shoegazing Emo.",negative
"Please don't call me Scrooge, but this ""Very Special Christmas"" is hardly special. The only artist I ever heard of is Miley Cyrus & Carrie Underwood, the Rest??? I mean I am sure they might have had some pop-hits, but couldn't they have done better then this? Look at the huge names that have contributed over the years, from all forms of music from Country to Hip-Hop..I mean great artist..Hall of Fame artist, U2, Bruce Springsteen, Madonna, Stevie Wonder, Tom Petty, but to this...and why does Hanna Montanna have two songs on here?? Please...if you really want a taste of the Superstars, then turn to Volumes 1,3, &5(even though 5 is not as good as the first two volumes)..Either this was the work of the record company that released this, or maybe the huge artist of today and yesterday didn't want to contribute, but I would find that hard to believe..I would consider and much stronger line-up for the next album, since its for charity, and I am sure sales would be better with at least one huge artist besides preen sensation Hannah Montanna..Hey, there are people over 30 that still buy CD's!!",negative
"On 12.29, I'm waiting out in the Colorado cold until about 2 am to see if I could get Jim Heath's (The Reverend Horton Heat) signature on a poster. First, he said, ""Do you have a pen?"" I said I did, and pulled out a blue sharpie. He next said, ""Is it blue?"" I said it was. He proceeded to tell me he ""doesn't do blue pens,"" and boarded his luxury motorhome. Please do not support Jim Heath. Jimbo and Scott Churilla signed the poster without hesitation, and are good guys. Jimbo even took the time to take a picture with us.",negative
"This CD was $799 a good deal but all together was over $18 that's wrong  how many ounces does a CD only weighs a few ounces ...not on sale when I have to pay the savings in shipping.

Like the CD  NOT the price",negative
"I'm not hating on Gizzle, I think he's one of the best rappers from the south. However this CD fails misreably on every level. It's just not the same as his previous albums. There are a couple decent tracks and some good production and that saves it from being worse but it's still not a good album. B.G has shown that he can make a good album without Cash Money as prooven by Livin Legend and Life After Cash Money but maybe he should consider going back if he's going to put out trash like this. I hear he might be signing to G-Unit soon and I hope this is true so he can make a better album and get more recognition. Sorry Gizzle but this just didn't work for me. If you want a good B.G album get Chopper City In The Ghetto. Hell get any of his previous albums, but don't get this.",negative
"The sound quality, or lack thereof, is horrible!!  This CD collection is complete crap.  Evidently, Tull/Anderson didn't take care of the masters and this sounds as if it had been recorded on a hand held cassette player.  Total crap!!",negative
"Forget this nightmare! It's like a bad acid trip.  First of all, I promoted Miles Davis in a Tampa concert on August 6, 1973 along with Stevie Wonder and found him to be the rudest, meanest and downright nastiest entertainer I've ever done business with.  This album typifies his demeanor. After the concert, I asked Miles, ""Would you like a beer, Miles?""  He rasped at me with the press in the room, ""I tell you what I really want...I want my money 'fore I rip your hair out!"" That's no way to treat your employer.  That's no way to treat a fan since 1959. Yes, fans the stories are true, Miles at one time was the paragon of jazz creativity.  But by 1970, being always a bitter man, he felt threatened by Sly Stone and created this pseudo-intellectual exercise in doom, gloom and depression.  Anyone who finds this CD beautiful or a ""work of art"" must have velvet paintings of Tom Jones in their living room.  The cover art is awful too.  Let's face it, by 1970, when this album was recorded, Miles was a physical wreck, due to years of heroin abuse, and his mind was gone.  Even Herbie Hancock around 1963 took abuse from Miles when as a 19-year old he joined his band.  Even though Miles was a major league jerk, I still admire his early stuff from 1957 to about 1965, but this overrated crap should be sent to the ""grooveyard"". R.I.P.",negative
"G.A. rappers are the rappers that are on a rise. But they are still rookies and they come into the game like they own it. G.A. rappers think they all hard cuz they have one hit that people like cuz they talkin bout  they soldiers and they talk about MP and them. Who started this soulja  thang NO LIMIT who's comin back for da 2G NO LIMIT. All the haterz sayin  this album is better than any No Limit album please. This isn't better than  Unpredictable,Ice Cream Man,Ghetto D,Da Last Don,Life Or Death,Charge It 2  Da Game,Unlady Like,Gambin Family,Pre-Meditated Drama,Assassin,Sky's The  Limit,Am I My Brother's Keeper, or Ghetto Fabulous. Drama, Pastor Troy both  try to sound like Mystikal, but mystikal is just to gangsta for those young  fools. C-Murder, Mystikal,and Magic are better than Drama and Pastor Troy.  Wobble Wobble is the new hit No Limit got out and it's on its way to # 1  hataz. It's better than Left,Right,Left too, they done played that song  out. It's da 3rd Ward to da 5th Ward, 504 to da 214. It's Louisianna and  Texas 4 life. NO LIMIT,Rap-A-Lot,Ballin & Big Ballin takin over the  south, I thought ya'll knew.",negative
"A boring and uninspiring collection of overly simplistic synth themes for the most part, most of them in dire need of a third of fourth chord to vary the tedium.

I find myself fast forwarding and eventually ejecting this one every time I try and listen to it. I bought it on the strength of the remembered end credit music (very evocative) but as for the rest of the album I really can't remember why on earth I bought it.

One of the few albums in which the Amazon sample will be pretty much what you hear on the entire track. Just loop for length.",negative
"Enough already!
As a Kiss fan since 1978, I just want to comment on what others echo.  Why does Kiss - the band my generation made extremely wealthy - want to keep ripping us off.  I see no integrity and it obvious by now Kiss is a money making machine only!

I have to tip my hat to the following bands who also started (and were made wealthy) in the 70's.  They all came out with stellar albums recently:
Scorpions - Humanity Hour
Whitesnake - Bad to be Good
Rush - Snakes and Arrows
Tom Petty (Mudcrutch)

But what was the last new release from Kiss; ""Psycho Circus"" from 1998.  I rest my case!!",negative
really this came and went fast lesson if you wanna sign with matthew knowles you will never outshine beyonce take notes kids.,negative
"Kenny G is either terrible, horrible, miserable jazz or is not jazz at at all. He does not have big ears to respond to his band. The are back-up drones. There is no interplay, mutuality, and no life in the moment that makes jazz jazz.

This is low culture, dead culture, an anaesthetising culture. Abandon hope, truth, and goodness if you enter this popular inferno. Spring out, fight your way out and above, find the Light and embrace it. I exhort you.",negative
"I am one of the few people who are baffled by how this music is so popular.  Lindsey Stirling is no doubt a talented musician, but as a composer, she is at best mediocre.  Every track sounded exactly the same to me.  The only difference between any of the songs was the beat pattern, and that, in my humble opinion, does not constitute music.  This is the first one star review I have ever written, but if I can spare one poor soul the agony of listening to this awful ruckus, I have succeeded.  Do not waste your money like I did.  The only appeal this artist has is her music videos, which are better than average, but this is not music by any definition.",negative
"When I saw Bill Inglot's name attached to this remaster I thought, thank goodness they got somebody with a proven track record.  I own at least a couple dozen discs remastered by Inglot, and while I suppose some could accuse him of having a heavy hand with the equalizer, I generally find the results spectacular.  His Dionne Warwick hits CD from a decade or so ago is just stunning.

So imagine how disappointed I was when I popped this disc into my car stereo and heard the flattest, dullest sounding recording I've ever heard associated with the name ""Fleetwood Mac"".  Now, granted, Tusk always had a hot high-end, even on LP.  The original CD was delightfully bright throughout, but could certainly be accused of being shrill in spots.  I expected any remastering to correct that occasional harshness.  What I did not expect was for the remastering to dull the sound so dramatically.

Gone are the wonderful details formerly audible in the brilliant guitar work on this record.  Gone is the sense of space and ambiance in the vocals.  Gone are the high, airy harmonies in songs like ""Sara"" and ""I Walk A Thin Line"".  Mick Fleetwood's wonderful cymbals have been defanged and deflated.  Even the lowly triangle on ""Honey, Hi"" has been rendered a square.

All of that sonic goodness has been replaced by an awfully tubby, booming, intrusive and annoying mid-bass.  It sounds like Tusk as played on the cheap Sears stereo my parents gave me in the early '80s.  Horrid.

The only good thing I can say about this remaster is that the deep bass has been enhanced, which it probably needed to be - at least a bit - to compensate for the original's hot high-end.  Unfortunately, with the high-end sanded flat, the deep bass now sounds entirely out of proportion with the rest of the material.

All this clumsy sonic tweaking has dramatically altered the balance of the vocals and instruments in the mix as well, resulting in weird artifacts.  The block work in ""Honey, Hi"" for example goes from being a minor background element to becoming an intrusive annoyance, like there's a cricket loose in the room.  Christine McVie's vocals are pushed right off the soundstage in several tracks - she ends up sounding like she's singing off in a distant corner of the studio, with the band drowning her out.  The results sound nothing like any prior releases of Tusk - the LP, the tracks from the original Greatest Hits CD or The Chain boxed set.  That's a sign something has gone terribly wrong with this remastering.  You'd think *somebody* at the studio would have noticed . . .

I have to say, I've been terribly disappointed with a number of ""remastered"" discs over the past couple of years.  Not only are these ""remasterings"" not correcting for obvious flaws, they're frequently introducing new flaws and end up sounding far worse than the original releases.  Botched jobs like this are simply encouraging me to save my money and spend it on something other than records.  The studios really need to get their act together if they want to continue cashing in on the remaster gravy train.",negative
"i love grind and all... but the production just kills the experience.  this is the first carcass cd i've gotten and i plan on getting more, granted they actually have decent production.  i guess the music is good... hell i dunno. the production is just so [bad] you can't really make heads or tails of any of these songs.  the best thing about this cd is the lyrics and atmosphere of the band.  they use quite a lot of big words, and are very proficient at explicity describing gruesome deaths and mutilations.but... it just sounds bad.  i can't stand hearing a good cd ruined by horrible production.  if you like this album, please im me or something so i can figure out what exactly is it about your psyche that allows you to like this.",negative
"Aren't these guys dead yet? Senior citizens and Japanese jailbait. What happened to Christine sixteen? Not old enough?
When you're popularity in the good ole' USA slumps go to Japan you will be welcomed with open hands.",negative
"Ah, Rage Against The Machine, the foundres of rap metal. If ever there was a title which should never be celebrated, this makes for a strong contender. Here, my friends, is the album which, along with Korn's debut, is virtually solely resposible for the total mangling of metal during the 1990s. Yep, you heard me. ""Rage Against The Machine"" is ABYSMAL.

The music Rage Against The Machine have to offer on their debut is crude beyond belief. Guitar and bass playing mostly consists of ugly, amelodic, childishly simplistic riffs churned out in maddeningly repetitive rhythms. These are so utterly unmemorable, so unimaginative, so utterly devoid of anything whatsoever which makes music worth listening to that I can't help but wonder who the hell is buying this? Almost to add insult to injury, sometimes at the start of a song we'll hear a slightly touching melody or a riff with a trace of passion, only for it to be utterly obliterated after about ten seconds by more banal slop, lacking any momentum. Honestly, after 52 minutes of this I wanted to end my misery and make the song ""Bullet In The Head"" a reality. It isn't even the lack of technicality that kills this album - one of my favourite albums is Bathory's ""Hammerheart,"" one of the least technical albums ever written. The long and the short of it is this: the riffs on ""Rage Against The Machine"" are just simply badly written. Hell, they're just BAD, period.

It doesn't help that RATM fail to think outside the box in the songwriting department either. Indeed, the traditional verse/chorus cycle is not deviated from in the slightest. The upper limit of the intricacy demonstrated is when the guitar and the bass begin trading lines... that's it. The fact that the likes of this is hailed as genius by so many I find to be a blatant insult towards bans who try to make at least some of their songs original and interesting. Even Poison The Well, who I attributed as incompetant songwriters in a previous review, at least TRY to integrate something different into their song structures once in a while.

Let's talk about speed, shall we? Oh, wait what's that again? I seem to have forgotten after listening to 10 tracks of mid-tempo, energy-derived crap. This can be largely put down to the fact that the drummer (seemingly solely reliant on the bass and snare drums and a single crash cymbal - I repeat: unimaginative) never varies from simplistic eighth-note rhythms, the double bass peddle nowhere to be seen. The fact that the guitar work seldom ventures into up tempo regions, let alone shredding, isn't exactly much consolation. ""Rage Against The Machine"" is cited by so many to be a passionate and furious album. I, on the other hand, had to stick on ""Death Is Certain (Life Is Not)"" by Dark Angel after three tracks, simply to remind myself what a true musical expression of passion and fury sounds like lest this stuff leech my soul out through my ears.

And then we come to the vocals. Zack Delarocha, on this album, prooves definitively that rapping is an abomination and should be banned from the face of the Earth. The last thing this already appalling composition requires is his incessant whining over the top. No, it gets worse; incessant whining WHICH DOESN'T EVEN SYNCHRONISE WITH THE MUSIC. When it gets to his screaming parts, I can't help but notice his voice sits ludicrously high in the mix; probably a failed attempt to disguise the fact that he sounds prepubescant. Christ, once or twice we're even treated to hearing his voice crack!

The only - and I mean ONLY - redeeming feature of this album is Tom Morello's solos. While these break no new ground, contrary to what the fans may have us believe, they are in keeping with the tone of the music, satisfyingly technical and even - god forbid! - pleasant to listen to. We can only be thankful that now he's with Audioslave, a band who are at least half-decent and where his talent can find fertile soil.

However, not even Morello's skill can save this monstrosity. To all of Rage Against The Machine's, I beg you; there is a whole world of passionate, well written, innovative music out there which does more than just sloppily tack two or three other styles together, throw in some angry lyrics and call itself revolutionary. As Delarocha is heard to claim on the track ""Fistful Of Steel,"" ""Sometimes silence makes me sick."" My only answer to that is; ""What a pity.""",negative
"She may be the best-selling female musician out there, but chances are that title is slipping away faster than Mariah Carey thinks. And why not? Ever since her rise to fame, she has produced some very fine songs, ranging from love ballads to dance-inducing pop beats.
Carey scored big with such hits as ""Fantasy"" and ""Honey,"" as well as with ""Hero"" and ""Vision of Love,"" but ""Loverboy"" lacks the integrity, the ingenuity, the fresh feel of those former songs. The songs starts out only slightly promising, but soon degenerates into a recycle bin of itself, until Carey's warbling becomes so obnoxious that one cannot help but disown her.
The song is a testament to Carey's attempts at becoming popular again. Going from trend-setter to following suit, her songs have begun a slow descent into regularity, after the release of ""Rainbow,"" sporting yet another picture of the singer in a skimpy outfit. What has happened to Mariah Carey? Will we see her again? Yes, but she'll never be the same, and that's not a compliment.",negative
"This band keeps sucking worse and worse on every release.  I mean these no-talent posers are not the same band that released Dookie....which ironically is their only good album....this album should have been called Dookie or better yet Monkey Dookie Supreme.  The songs on here make you want to kill yourself, or in my case just kill this annoying, sucky, horrid embrassment to the human race band.  Pathetic garbage that talent deaf fans will reward these posers for.",negative
"This album is not real Misfits, just as all the other albums without Danzig are not real. Danzig was the Misfits, and these guys on this album are a joke.",negative
"All of the Eagles albums are hit-and-miss affairs (except the Very Best of and Greatest Hits). Every album has at least 1 horrible song (ranging from Hotel California with 1 horrible song, Pretty Maids All In A Row, to their debut album and Long Run which both have 5 horrible songs).  However, all of their other albums have at lease 1 or 2 classics on them.  There is some ok music here - not that good but ok.  And there is a lot of mediocre, soulless and bad, boring music here too.  This could have a 2-star album if it had been weeded down to 1 disc.  I was waiting for a couple of Eagles classics but unfortunately there aren't any here.  ""I Love To Watch A Woman Dance"" is one of the absolute worst and most embarrassing songs I have ever heard!  AVOID!!",negative
"I really, really love Iron and Wine. When I listened to this for the first time, I thought it was a joke. I couldn't even sit through an entire song. I understand bands growing and taking a new direction, so I guess this is where I get off the train. It is very sad, indeed.",negative
"After the last CD, I felt she was really trying to hard to be sexy.

This DJ junk is nothing more than Adult Entertainment on CD.  And as far as the so-called ""worbdrove malfunction"" at the Super Bowl?  Please!!!

It was all plan JJ, just in time for this DJ mess and you know it.  Hell!!  You've been busting out with your chest open since the 1990 MTV music awards ever since.  JJ you are 40 years old now, your sex goddess days, when you were in your 20's are over!!!  Stop with the sex pot act, get some class and taste back.  Or for that matter, you seriously need to mature your image and sound.",negative
"You know the band is having an identity crisis when they are trying to sound like bands 1/3rd their age.

This album blows. It might not be as bad as the horrid ""Brave New World"" but it's still craptacular.

And you know they are grasping at staws when Billy Bob Thorton makes a guest appearance on the album.

What flummoxes me is what, pray tell, the great Brian Wilson (of ""Pet Sounds""/""Smile"" fame) doing rubbing shoulders with Stynx?

Inquiring minds want to know.",negative
"Linkin Park were really big when I was a teenager. of-course, I had their album (Hybrid Theory). I have just given it another spin after all these years. It's clear that the main problem with their music is that it is formulaic and very repetitive. But their weakest point is their persona. They do enough whining, whingeing and complaining that you may have thought they were homeless war veterans who had all the family murdered and had lost their body parts in the fighting. But that is not the case; this angst feels fake and put-on, probably because that was the fashion at the time, perhaps because of the success Kurt Cobain had with making a career out of his torrid childhood.

Here is a song-by-song run down after listening to this after ten years

1. Papercuts  2/10  - bad
2. One step closer 1/10 - awful, such over-the-top angst
3. With you 6/10 - actually, not bad
4. Points of authority 3/10 - not so bad, like the r'n'b sounds, but mostly it's poor quality music
5. Crawling 3/10 - tonnes of fake angst, might be good otherwise, the keyboards are nice
6. Runaway 3/10 - the lyrics aren't so bad, but sounds like a reworking of the previous songs. What? Ripping themselves off after only a few songs? And the screamed bridge is really bad.
7. By myself 2/10 - Gor-bij. What supid lyrics.
8. In the end  2.5/10  - not so much a bad song as sounding so much like the previous songs it raises no interest.
9. A place for my head 3/10 - The opening riff is really good, the chorus is not bad, but the 'you try to take the best of me go away!!!!!!' bit really grates
10. Forgotten 7.5/10 - A wondrous melody and innovative lyrics (really! ""A little piece of paper with a picture drawn Floats on down the street till the wind is gone The memory now is like the picture was then When the paper's crumpled up it can't be perfect again"" come on, that's beautiful!) If it weren't for the over-the-top bridge I'd give it ten.
11. A cure for the itch 6.5/10 - filler, but not bad
12. Pushing me away 3/10  - the intro is good, but once you get to the chorus...

There you go, worth picking up for 'With You', 'Forgotten' and 'A cure for the itch'. This album is worth about 3/10, not THAT bad but it's bad... Rating * 1/2",negative
"disappointed overall. had a few drinks and went looking around - wow!!  i need this!!  oh well, wrong again.  don't bother.",negative
"You've got to ask yourself why have some given this 5 stars? The only reason is familiarity to EV's past work. As a concept it just doesn't work. This is quite a stone destined to float to the bottom of the pool.

Avoid this one like the plague. Don't even consider sampling it. It's THAT horrible.",negative
Oh no!!  Can't get into this one.  Not a fan of contemporary/traditional jazz.  Hopefully his next CD will go back to the smooth jazz that he played that made me into a fan of his.,negative
a good poet he was.but a average rapper.he was a better actor than anything else.his music doesn't move me like public enemy or rakim.i find him to be way overrated.a few alright songs on this two-disc set but alot  of filler.he ain't no legend to me.self-destructive more likely.this album  is pure garbage.,negative
"And whaddya know? It's from a reality show. We didn't see THAT coming did we? But then, where else are the morons of Britain going to hear music? If it's not sung in front of a crowd of ignorant, banner waving single-mothers and a panel of ""judges"" then its simply not music to them.

Sorry, I'm getting ahead of myself, aren't I? Let me introduce this latest reality show goof (and, indeed, the reality show itself). Because we have a NEW show from which the bowels of the music business can now have a movement. ""Britain's Got Talent"" - which turned out to be ""Britain's got lots of stage school dancing brats, talentless weirdo's and.. Paul Potts.""

Yes, Paul Potts - a man who's ""moving"" life story had one of the judges in tears. What was so moving about it I've yet to discover; he was married, he had a full time job and he was healthy. Seems to me he was better off than a hell of a lot of people, but the tears came because of the fact that Paul Potts looks like a shaved walrus. Annnnd, um.. THAT was his moving story. Still, gotta love the fact they've got Paul facing away from the camera for the front cover. Is it to look moody? Is it look mysterious? No - its because his teeth look like plasticine.

So - he was the winner of Britain's Got Talent - and what was the (supposed) first prize? To play in front of the Queen. That, of course, was rendered utterly pointless when, ten seconds into Paul winning, Simon Cowell (yes, this is his show too) announced ""you're going to be in the studio on Monday recording your first album."" And the Queen was never mentioned again. Because all this; the tears, the greedy, grasping, manipulative phone-ins were all for one thing - for Cowell to release yet another album of uninspired cover versions on the world.

So, its opera this time around, which I assume is to give it a more sophisticated sheen. Fat chance - it's basically The Beginners Guide To Opera, with ten of the most formulaic, done to death opera songs that the ignorant masses will have heard of from movie soundtracks. Oh, and an Italian version of ""Everybody Hurts"", the only REM song people buying this will have heard of.

OK, yeah, he's a good singer - so what? I mean, really - SO WHAT? Does he actually ADD anything to the music? Does he have any input, any genuine PASSION for music? Does he deserve a record deal? Does he deserve a NUMBER ONE record? Of course he doesn't - yet because he was on a reality show (and more to the point - a TALENT show) he was immediately guaranteed a number one record. And that, ladies and gentlemen, is the most depressing thing.

The upside? He'll be yet another 1 trick pony; dropped after one album and resigned to singing at holiday camps for the rest of his life, as the drooling, mentally deficient public who buy this sort of slop line up to buy the next drone shoved down their throats, all in the name of, gak, entertainment.

I feel sorry for whoever owns this.

The_Curmudgeon_Hates_You@yahoo.co.uk",negative
"If you can MP3 it, you can re-issue. Hey Hip-o Select, do us a favor and reissue this. People are charging outrageous prices....rating of 1 star is for price and availability....",negative
"I am an emphatic death metal fan. I've seen tons of bands live, and own hundreds of CDs in the genre--some of the best and worst. I must say that this CD falls in the latter category. It's pure trash. This is not music; it's noise. The vocals are boring and completely incoherent (as opposed to say, Cryptopsy), and to sum it up briefly, the CD is basically a large, unorganized amorphous that isn't going anywhere. There's really no technicality here. It's just play play play, and hopefully something good will come out of it. It's very similiar to Morbid Angel. The songs are just played, not felt.
Want some real death metal? Go with Suffocation's ""Pierced from within,"" Cryptopsy's ""Whisper Supremacy,"" either album by Carnal Forge, Napalm Death's ""Inside the Torn apart,"" Deicide's ""Once upon the Cross,"" or for more purity, try Vader's ""De Profundus.""
AIM - Infinity Driven",negative
"Loud and aggressive, yes;good-HECK NO!  This is an effort to cash in on wannabes and little children who wish they were living the ""hard"" life. (Ironic that the kids in the ghetto wish they were living in the suburbs, but anyway...) It all sound the same from In Da Club to P.I.M.P.-an ego stroking, look how hard I am, attempt that falls short.  Anyone can push up the bass-not everyone can write inspired lyrics. I like rap-but I give this mess two thumbs down.",negative
"This had to be one of the worst ""Ultimate House"" any-mix CD that I've ever heard.  ""Fired Up"" and ""I Like To Move It"" are not anything new.  I already have this on at least one or two other compilation CD's, so to me that doesn't count in upgrading the rating that I am giving to this particular CD.  Ironically, there is a track on this album titled ""Don't Laugh"".  I am!

I personally didn't like this album, at all.  One star is the most generous rating that I would give.  I would have preferred to give it ""0 Stars"", but this rating system doesn't allow it.",negative
"Ha!  Marketers. Ha!  A ""complete"" Gordon Lightfoot hits CD would have to include at least 100 songs as a minimum. The one star is not for Gordo, but for the silly record people.  As happens many times, business is only for the buck--to hell with everything else, like truth, beauty and honor.",negative
"Blue Racer: Say Bug, isn't Thriller an awful piece of 80s trash. Japanese Beetle: You are right Serpent Son. Blue Racer: This was once the best selling album in the US but not anymore as scandals killed Michael Jackson's career. Japanese Beetle: The only good thing about this record was Eddie Van Halen's guitar solo to Beat It which was recorded for free and because Eddie wanted to work with Quincy Jones, NOT MICHAEL JACKSON.

Blue Racer: To update the best selling albums of all time in the US it now reads:

1)Eagles - Their Greatest Hits (1971-1975)(29 million copies sold(their album still sells in huge numbers today))

2)Michael Jackson - Thriller(27 million copies sold(sales have been lackluster after his child abuse scandal ruined his image in the US)

3)Pink Floyd - The Wall(23 million copies sold in US and still selling well despite it's a double album and expensive)

4)Led Zeppelin - Led Zeppelin IV(23 million copies sold in US(still sells well today)

5)AC/DC - Back In Black(21 million copies sold in America and people still buy this album)

6)Billy Joel - Greatest Hits Vols. 1 & 2(21 million copies sold Stateside and still a consistent seller despite double album)

7)Shania Twain - Come on Over(20 million copies sold in America and best selling album by a female, take that B*tchn*y)

8)Garth Brooks - Double Live(20 million copies sold in the US and greatest selling live album of all time, although Springsteen Live 1975-85 was way better)

9)The Beatles - The Beatles (The White Album)(19 million copies sold and still sells well although Abbey Road is best selling single length record)

10) Fleetwood Mac - Rumours(19 million copies and still a consistent seller)

Japanese Beetle: Any album is better than Michael Jackson, anyone who buys this HAASAH!!!(karate chop) SAYONARA!",negative
"From '77- '79 the Clash were a great, if different, punk band. Then, they left behind their punk roots and recorded a masterpeice called ""London Calling"". To this day it is still acknowledged as one of the greatest albums of all time. This, on the other hand, is horse manure. The Clash always experimented with different styles of music, but c'mon, did we really need disco? Instead of this dreck, buy their masterpeices: ""London Calling"", ""The Clash"", and the less good but still great ""Give em Enough Rope"". Avoid this, ""Sandista"", and especially ""Cut the Crap"".",negative
"OK, first I was thinking, maybe it was just a P.O.D./Blindside/Howard Benson thing. Turning the hardest bands on the Christian market into nothing more than mainstream funk-rockers. But this time; SOMEONE HAS GONE TOO FAR!!!
After listening to a little more than 50-60% of the album, I'm sorry to say that these guys are the latest of among many bands to turn from borderline hardcore music to wimpy alternative music. And this time I simply have to put my foot down and for once thank my lucky stars that this is one CD I decided to download before pre-ordering. Despite 2-3 songs reminicent of the Project 86 of old, it is simply not enough to make up for the other 14-15 songs on the album.
To be completely honest, I seriously thought that these guys would be above (what seems to be) completely compromising their style of music to appeal to a bigger listening market. But if even the mighty Project 86 can fall victim, it's seem like it's only a matter of time before more big groups could take the dive. Who's next? Zao? Training For Utopia? Chevelle? I'm sorry to bring this topic back into the limelight, but I just had to put my foot down this time and voice my extreme disappointment.
I suppose the only thing I can justify this rapid takeover of my favorite bands is a Kirk Franklin-like change in music that caused many of his fans to turn on him for changing from worship to a more R&B artist. If that is what is going on here, and these groups think that they can reach a bigger audience with the message of Christ, then in that , they all have my blessing. But do they really have to sacrifice so much of their sound to achieve that? New fans may find this sound acceptable, but for long-time listeners like myself who have established a certain expectation of what a Blindside/Project 86/P.O.D. album should sound like, I find that there is very little to enjoy...",negative
"I rarely do write up reviews on Amazon and I felt it was my obligation to tell anyone who happens to read this review to tell them that this cd is lousy.  Wow, where do I begin, I have been a GBV fan for 10+ years and have seen Bob and his boys in concerts many of times.  There are so many cult classic GBV songs that come to my mind when I think of Pollard and this cd makes me wonder if the ability to produce one more gem may never happen again.  This cd makes EMO look good, it has no melody, no witty stream of conscious lyris, no Who-esque ""Sell Out"" riffs...there is nothing possitive to say.  It is total rubbish.",negative
"This is not painful to listen to because I'm a boy band fan, but rather because I enjoy listening to quality metal. The only redeeming quality of this album is it's innovative style. If only that creative energy had been put into making a more compelling album. I've no problem with downtuned guitars, Jazz guitarists have made good use of them for quite a while now, but when downtuning is used to cover up the musicians' inabilities, it's no longer ok. The lyrics are overly fixated on teenage angst which is probably why the nu metal genre has gained such amazing popularity with the mallgoing teen demographic, garnering the genre the not-so-flattering title mallcore. In any case, this is a good album for angry teenagers, and little else.",negative
"What can I say that hasn't been said already... Poor sound quality, noisy pressings, distortion... etc.. The music is fantastic, The remasters themselves are top notch, but the vinyl quality is another story. Who did Capitol think they were selling to? People who buy vinyl LISTEN TO IT! We are not collectors, we are AUDIOPHILES and want the music to sound the best it can. If you cut corners, we will HEAR IT! I can't help but feel this is a big F. U. from capitol. Now I am back to buying the OLDER pressings that SOUND BETTER! Avoid this set...",negative
"I was hoping for something like the quality of singing from the movie Elf, but not even close. This was a major disappointment!",negative
"Van has done many great songs in his many years of recording, but he missed the boat on this one. Sure there are some great songs here and his voice sounds good, but the problem is he did not do anything to these songs to make them his own. I know there are a lot of covers here but a touch of bluegrass, some horns, a little slide guitar, just something to add a personal touch to the songs. Dolly Parton pulled it off with ""The Grass Is Blue"" Leon Russell did with ""Hank Wilson's Back"" but Van just missed it I am sorry to say.",negative
"There are one or two good tracks on this CD but all in all pretty dissapointing. I would rather go for Sphongle, Ott or any of those masters.",negative
"It's Hallarious That Theese Clowns Are Still Lasting,Once That ""Lean With It,Rock With It"" dance is played out by later this year or next year,and once J.D. Stops Supporting Theese N*ggaz,they'll Fall off,this album didn't even go platinum. Spend your money wisely and download the Singles for 0.99 at Rhapsody or Napster.",negative
"They should have named this Stonehenge, at least that would have been funny.
This isn't.
At least they could have dwarves dance around the stage for the live show.
That would be funny.
This isn't.
The Darkness were talented and intentionally funny.
Priest are talented and unintentionally cringe worthy on this effort.
It's a bad concept album as concept albums go.
It's a bad Priest album judged against their other works.
It's also a bad album judged on it's own merit.
It fails at everything it set out to do.
Judas Priest ran into the same trap that many bands run into when they try to make a concept album: THEY FORGOT ABOUT THE SONGS!!!
None of these songs stand up very well alone in my book, there are none that make me want to play them individually as they don't stand on their own.
The narrative drives the songs into the ground.
The lyrics could have been less desciptive, letting the music and songwriting tell the story.
Iron Maiden were guilty of this on their last release. They had the gall to play it in it's entirety live too!
Great concept albums, think Queensryches MindCrime, Savatages' Wake of Magellan and Dead Winter Dead, The Whos' Quadrophenia, or Floyds The Wall are examples of this being done the right way.
I love Priest.
I love OLD Priest when they were more diverse, Last Rose of Summer, Epitaph, Dreamer Deciever, so I was looking forward to Priest trying new things,but this effort fails.
There is little of interest here.
The interludes are meaningless and boring.
The subject matter isn't intersting.
But none of that would matter if the SONGS were good.
The songs would draw you in.
Wheres my copy of Wake of Magellan?
I need to purge this CD!
It's forgettable, but I need to purge!
One star for Halfords vocals, nice range and still strong after so many years.",negative
Do people actually listen to this crap?,negative
"I don't know what wrong with cd,
besides reverting to boring speedmetal.
I guess they couldn't go anywhere else?

 Pretty much most of songs aren't nothing write home
about .  Deal With the Devil reminds me
of 80's and who going to the most daring and scary.
With word devil in it. Pure tripe, I heard it before.

There best was Pull. Winger Iv didn't work either.
It was really forced.

Kip Winger is a much better solo artist than doing winger now of days.

I still favor Extreme, they are a class act.",negative
Wow this is this bad. Not one shred of originality. Everything very predictable. Everything from the vocals to the lame songwriting has been done a million times before and better.  So this is what's considered good music these days? If you are into recycled music this is for you.,negative
"It is beyond comprehension on how these pubescent children even received a record deal. First of all I would like to mention how not one boy in this group can sing but in their attempts you hear nothing but cracks. In the song 'It Happens Every time' within the first forty second you hear one of the guy's voice crack. The way this group is advertised is beyond acceptable, they are basically examples of child porn. The sad thing is, is that when this group grows up they will probably be the next Backstreet Boys. The music industry really needs to stop with all of these juvenile singers such as Dream Street, Play, Aaron Carter, and Lil' Bow Wow. The only type of person that would listen to Dream Street are children which is really not fair because children are to naive to know what is really good for them anyways leading to the fact that Dream Street is a scam. Even worse, is when you hear an 18 year old girl say that these mongrels are cute. If you know what is good for you and the sake of mankind you will not purchase this album.",negative
"Yet another Bob Marley ""Greatest Hits"" CD, and one that makes the big mistake of substituting the band version of ""Redemption Song"" for the acoustic solo version.  Almost all artists' Greatest Hits anthologies seem doomed to have at least one blunder of inclusion or omission, but given the poignancy of this particular omission (the haunting solo version was the last cut on the last Marley album released during his lifetime), this CD must be written off as just another corpse dig by The Man.  Completely unnecessary.  For those shopping in the Bob Marley express lane, stick with ""Legend.""",negative
"Depressing trend heavy metal album is void of all talent and amusement. The sell hit, ""Mudshovel"" (which is often confused as the name of a band itself) has a catchy chorus, but the rest of the album fails to  deliver anything but negetive ambitions. The band itself fails to be  anything different than the KoRn/Limp Bizkit bands that pollute our record  stores. Just say ""No"" to Staind.",negative
"Really cool looking medieval cover , however this album never gets going as in flow of a album. Its erratic and just does not really go anywhere. Songs on here sounds like some sort of soundtrack all on their on own.. bizarre like . The songs themselves are not rememberable on here.  Seven year wait..not good.  They dropped the ball and sadly their worst.",negative
"Illud Divinum Insanus is not only the worst Morbid Angel album, but perhaps the greatest disappointment in the death metal genre. This isn't a bad album for the techno influence alone. Actually I like industrial influences in metal. I like bands that incorporate those elements. I think it can work really well in death metal. But I don't like this.

I could list all the bands that experimented at some point in their career. I could write down each one and list the reasons why their album from their 'new era' was a solid piece of work, but I won't. It would be a waste of time. I have had to deal with equally horrible albums by other bands, but there is a difference between my hearing St. Anger, Operation: Mindcrime 2, Crush, or The World Needs a Hero. I had long given up on those bands, and these discs only added more nails to their coffin. Illud Divinum Insanus is the first Morbid Angel disc that stinks from start to finish and severs any ties with the band's core sound.

Maybe this disc wouldn't sound so bad if it wasn't a Morbid Angel record. It's just that their fans have obviously expected more from them being Morbid Angel with the return of a key member. However, the songs presented on this disc are terribly disappointing and as far removed from death metal as possible. And the songs that are supposed to be heavy are nothing but passable death metal. I literally cringe at the cliche riffing, the extremely formulaic writing, and the awful techno influences.

The 'normal' tracks on the album sound like leftovers from their Domination sessions in that they exude a groovy vibe tied with the industrial elements found on Gateways and Heretic perhaps. The compositions are designed in a terribly predictable manner. There are so many stop-start sections in the songs it is not even funny. Each passage is filled with stop-and-go style riffing which sounds bland, weak, and lifeless itself. Moreover, they are littered with Vincent's squawking, which could make any prior fan feel suicidal.

The other tracks are worse. They are like a cross between Marilyn Manson and Rob Zombie -- in some of them the guitars are either entirely absent or inaudible. Clearly, the ultra-clean and bassy production does not help. On first listen, your whole attention will inadvertently be drawn to the boring 'thump, thump, thump' tone that permeates the pieces. The guitar sound is lost in the background, and the few times you hear it, it sounds puny and watery. What's worse, repeat listens only serve to bring out worse parts and more irritating details.

When I first heard the lyrics, I thought this must be a joke and this cannot be the real album. Then, when I heard the line ""This is your one warning,"" I truly felt embarrassed for them. The track ""I Am Morbid"" should have been called ""I Am Bored (Because I Can't Write Songs)."" There is no build-up or tension in ANY of the songs. They all just plod along and end at random points without concluding with anything worth hearing. This is the reason why the track ""Nevermore"" stands out and sounds like a masterpiece -- because all the other songs are so poorly written and produced. Actually, ""Nevermore"" is a below average song itself -- and why does it sound exacly like another song on the CD, ""Existo Vulgore?""

If this had been released as a side project, it could have been excused. But releasing it under the Morbid Angel moniker and promoting it as the next big thing cause David Vincent is back in the band was a huge mistake. What's going to happen now? The band (and some fanbois) will defend the CD heartily and blame others for not 'getting' it. This will go on for quite some time, maybe until they've toured on it a great deal. Then, they will admit to Illud Divinum Insanus being an experiment that did not quite work, and we all should await their return-to-roots masterpiece. Yeah, right.

Even as I type this, I am sickened. I never knew a death metal band could let its fans down like this.",negative
"En la poca actual, cada vez ms exigente de cambios e innovaciones, es dificil encontrar a Luis Miguel viviendo de la inercia de sus lbumes de la dcada del 90...Nos devolvio el bolero, pero de igual manera hizo que nos cansaramos de l, al grabar tantos CD'S en el mismo estilo...muchos (entre los cuales me incluyo) despues del 3ro dejamos de comprar sus discos, ya que se volvieron una repeticin, tanto los de pop como los de Boleros.
Luis Miguel ha dejado de sorprender musicalmente, de indagar, de buscar nuevos estilos, sonidos, letras...en fin de experimentar...
Ojal se decida a ser mas arriesgado musicalmente, a pesar de no ser un msico en si, sino un cantante.
Este disco, definitivamente solo para fans.",negative
"I have to agree with many of the other comments here....I purchased the ""old"" Halcyon Deluxe CD a few days after it came out. Now they release the same album with a second CD full of new songs for even more money.  Though I like the songs....I refuse to repurchase this CD to get the EP tacked on to the original CD I've already purchased. The record company should release this as both a deluxe and separate CD.",negative
"There is NOTHING on here as catchy as his older classics like ""Heaven"" or ""Everything I Do I Do It For You.""

My favorite thing he did was on the MTV Christmas Special when he kept singing, ""We're gonna have an Amon Christmas.""

This time cuts like a knife straight from the heart.  The production reminds me of the albums that came out in the summer of 69...dry and earthy, but nothing really catchy.

He must have a good plastic surgeon though, he looks so young!",negative
"Really? An unlistenable audience recording is ""remastered to superior sonic quality""? Really?

The first half of this circulates as a bootleg from an FM broadcast, but I wouldn't expect the morons at Cleopatra to know that... it might disturb the dollar signs from their eyes.

This is exactly what the music industry is about, distilled into one sham CD for all to see and hear. Cleopatra is legendary for this type of hack job and if I'd have known it was them I'd have never touched it.

DO NOT BUY THIS, please. It is an unconscionable ripoff. I hope the people that made it wake up with their pants on fire, because they are soulless, mendacious liars.",negative
"I *AM* the Charlie Brown of Lenny Kravitz fans in that I keep buying his cd's, believing the hype and his claims in interviews that he has returned to form, back to the more ""old school"" stylings of his earlier albums, and I continue to have the football yanked from me before I'm anywhere close to kicking it as I buy cd after cd from Kravitz that are all VERY mediocre.

I really liked Lenny's first four albums, and for my money, his 5th album from 1998 -- cleverly titled '5' -- as a sonic step forward and a collection of (mostly) solid songs.  So even though that one was very different from his first 4 albums, I had no problem with it and in fact have it as one of my favorites (along with ""Are You Gonna Go My Way"" and ""Mama Said"").

But the mainstream success of that album and even bigger success of the single he did for the Austin Powers soundtrack (his cover of the Guess Who's ""American Woman"") seemed to have sent the wrong message to Kravitz, that if he stuck to a more modern and pop-sounding direction, he'd sell more albums.  And maybe he has, but nothing he's done since 1998 has been what I'd call a solid album.  Some, such as ""Baptism"", have their moments, but ""Black and White America"" is easily the worst he's done up to this point.

For years, Kravitz has been panned for ""overly simplistic"" lyrics, a criticism I never agreed with, but one listen of the title track and I see what they mean.  ""Come On And Get It"" is the blatant attempt at rock radio, but like past tracks such as ""Dig In"" and ""Where Are We Running"", this one leaves me cold. Radio needs a single, ok, I get it, but these types of tracks do nothing for me.

Throw in collaborations with Drake and Jay-Z and there's just not much here for us fans that liked Kravitz from the beginning.  I actually like the r&b stylings from earlier Kravitz releases and do appreciate that genre, but he hasn't done it very well at all since his first few albums and his rock stuff just keeps getting more and more generic.

All-Music's description of this as ""aural candy"" is completely accurate, although I think they meant it as a compliment.  Not so with me as I just do not find much substance here at all.  The only thing good about this cd for me is that it relieves me of having to question whether or not I should buy his next one.

Sorry Lenny, but I'm no longer going your way.",negative
"just because you play all the instruments doesn't mean you play them well.  i can play drums well enough to be in nirvana but that doesn't mean i can play them well.  when music and fashion are mentioned in the same sentence, you know you are talking about a poser, not a musician.  real musicians are too busy studying theory and writing music to worry about trivial things such as fashion.  someone went so far as to say that she would name her firstborn child avril.  hears hoping that the child is a boy....  oh, and what she does cannot be called playing 'guitar' based on my knowledge of the instrument.

and to the person titled 'avril lavigne's #1 fan, it is obvious you must be a girl of no more than 4 years old who has never picked up an instrument in your entire life if you think she is the best guitar player ever.  a blind LEPER with one arm could play her songs with about two hours of practice.  next time you feel like you have something important or groundbreaking to say, try to wait until you're not in diapers anymore, and at least have graduated to the new Huggies training pants. Next thing I guess we'll hear about is how she's better than Mozart or Chopin.  Geeeez........................",negative
"Recall Karajans prophecy: We shall be overwhelmed with things that are tenth-rate. That day is at hand.

Even by the lowly standards of the Penal Colonies, a question comes to mind: is this the worst performance of Don Giovanni in existence? And I suggest this with due respect to Norrington whose K 527 on EMI continues to irradiate down the years like Plutonium-238. Headed by a Don Giovanni who is no threat to anyone, the fly-weight breathless cast invites scorn and compassion in equal measure. Unless Im mistaken, the same guy is singing Leporello and the Don himself  and the comment is applicable to the ladies. Across both genders, the Tooth Fairy would have made more of an impression if given a chance. Come the Supper Scene, one hopes in vain that the remainder of the cast joins the Don in his one-way ticket to the Underworld.

Recall how Furtwngler grudgingly acknowledged that Karajan was a master of legato  the most difficult facet to being a conductor. Its not hard to guess how Uncle Wilhelm would respond to Teodor Currentzis and his lumpy, line-less conducting. Yep, hed join the Party in order to get his hands on a Luger or two and then hunt down this miscreant!

Rather than waste your money here, buy shares in Enron or Lehman Brothers; invest in BETA video machines or Laser Discs. The choice is yours.",negative
"2pac's fans are like a cult. They blame people for being ignorant and bigoted yet they present themselves just as narrow-minded as the ones they accuse. If Tupac's music is even questioned, his blind legion of fans will swarm immediately defending their dead icon while taking someone's individual opinion as a personal assault. Thus, it never occurred to you fans that it might be essential to practice what you preach? How many of you are actually permissive enough to sit down and have the patience to indulge into an album like Tool's ""Aenima""? How many of you have the tolerance to endure a metal masterpiece such as Slayer's ""Reign In Blood""? How about just having some appreciation for the amazing production in a classic piano piece like Chopin's ""Polonaise""? If anything, rap fans are the most narrow-minded people I have ever encountered in my entire life. I am 18 and just finished high school where rap was the most popular genre of music that everyone listened to. I would always receive a condescending smirk followed by a head shaking from one of my classmates when they ask me what I was listening to in my CD player and the answer was not hip hop or r&b. Ironically, I consider myself as a rap fan. I thoroughly enjoy NWA, Public Enemy and Wu-Tang Clan and even new age hip hop artists such as Outkast have the ability to bring talent on the table.

Similar to poets and artists, many musicians will receive more sales and fame once they die. People are oblivious to claim this as false. Van Gough, an artist who failed to sell one painting in his entire lifetime only achieved success after death. Even a mediocre band by the name of Nirvana reached cult-like status after the demise of Kurt Cobain. Thus, the same can be said for the Notorious BIG and 2pac. BIG's ""Life After Death"" sold 10 million albums worldwide and is claimed as the best selling rap album of all time. Sure the guy can rap, but would he have achieved the same status if he was alive? I highly doubt it. Similar to BIG, Tupac has become a legend after his death. (Watch out Martin Luther King and Malcolm X) But ever since 1996, his releases after death have been nothing but money making propaganda. (Take this CD for example) His thug life gangster image has been portrayed over and over, presently paving the way to success for phoney up and comers like 50 cent. Is this what music is about? Image?

Greatest hits? More like the greatest reason why music has been going to sh*t",negative
The songs and performance are simply not good.  I love Harrission with the fab 4 and a lot of his solo work just not this disc.,negative
"It's good to support the underground alternative bands and I bought this album based on many ads I saw in alternative music magazines. I have to say that a ""sensual"" voice is not enough to make great music. The singer tries to much to sound sensual sometimes its almost ridiculous but anyway, the big problem with this album are the compositions. There is no melody, all the album sounds very monotony, just a voice with no direction around very basic sounding guitars and drums. Overall there is a total lack of musicality. I wouldn't even use the album as background music, the music is very predictable, boring, unremarkable. What a waste really. It's funny, even in the underground scene a band can be over advertised. Caveat emptor.",negative
"I only bought this CD for the last 3 or 4 tracks (mostly from Alpert's out-of-print ""Keep Your Eye On Me"" LP which I bought on vinyl when it was first released over 10 yrs ago).  Those tracks are also out of print everywhere else. Problem was, when I got the CD home and popped it into the computer while I was working on something else, the iMac DID NOT READ THIS DISC--and still doesn't!!  It plays great in my car's CD player, but that's not where I work.  Therefore, the reason for buying this CD in the first place yet remains.  The CD sounds great in the car, but comes up empty on several attempts at playing it in the iMac.  I've been told that if the iMac can't read a disc, it's a bootleg; and although I'm not ready to believe that (as the packaging and the disc looks righteous from top to bottom), the fact remains that I cannot listen to this disc on the Mac.  Major problem. Hence, I hate it.",negative
"This collection is essential to any 60s, mono singles, music lover. One of the best ever. So it galls me that I have now ordered 2 copies from 2 different dealers that both proved defective. If you get a copy where one song sticks, return this to your dealer. Do not put up with it because it's only one song and you can download that one or something. I have informed concordmusicgroup of their manufacturing problem. I have never heard of concordmusicgroup, but I assume Fantasy has outsourced to them. It is really sad that all these beautiful packages with amazing sounding music are going to end up in a landfill. I am going to keep on trying until I get a good set. Unbelievable....AND EVEN MORE UNBELIVEABLE....I just got my third defective copy. Concordmusicgroup told me their CDs are not all made at the same plant. I have ordered one from the midwest, east coast, and now down south and they were all defective....",negative
There's nothing here but a bunch of disjointed tracks mixed together. The only outstanding track is: Dark Matter(Original)/West London Deep which I listen to over & over. The rest is a strain to listen to.,negative
"Wow. Just ... wow. Really Elton? I have nothing against disco, but this is just bad, no wait ... pathetic. I'm actually reviewing the vinyl version that I still own. I remember paying all of .99 cents for a brand new copy (a cutout, of course) from the bargain bin some years ago. I had heard from a handful of people that this album was pretty awful, but I didn't realize just HOW awful until I gave it a listen. I really only bought it just so I could say I have it in my collection, but even at .99 cents, in retrospect I probably paid .98 cents too much. Oh yeah, it's THAT bad. SO bad in fact, that I think I was actually embarrased for him at the time. Although, it's been long enough, so I have to believe that Elton has a good chuckle now and then if and when he thinks about this ""messterpiece"". Anyway, as I recall, I got through about half of side one and couldn't torture myself any longer. You know, life's too short to listen to bad music. I quickly skipped around dropping the needle sporadically throughout the remainer of this waste of time just prior to tearing it away from my turntable before promptly sticking it back into it's cardboard coffin. Needless to say it has not seen the light of day since.",negative
"Every singer, even the great Chaka Khan has a bad day. Who decided to record her with her voice in this shape? The list of songs was so good and I wanted a good live album so I gave it a go, I can't even make it through the album. And be forewarned there is a repackaging of this with a shorter set. It is simply called Chaka Khan and there is no indication that it's live. The cover is white, ITunes has it.",negative
"The only reason i gave this cd 1 star was because i couldn't give it 0 stars, believe me i would have. This album is no better than horrible. The lyricts don't flow don't make sense and they have no meaning. I don't like mainstream but if you do there are still many so called mc's that are better than ""x"". Oh yeah and the beats aren't even good on the whole, this cd gets no props.",negative
"I know Neil likes it there...so do a large number of his fans.

I'm not one of them...I prefer the sheen of Harvest, Comes a Time, Silver and Gold, Prairie Wind and releases of that ilk.

But, the sound of this album reminds me of his grungier efforts...Mirror Ball, Time Fades Away, Landing on Water, Are You Passionate?, Sleeps with Angels.

If you like Neil in the ditch, you'll probably like this.",negative
"Wow Im not sure what I just listened to, but it wasn't the Kaiser Chiefs right??

I respect bands for trying something different rather than staying in their comfort zone on each album. The Kaiser Chiefs changed up their sound a little for their 2014 effort: Education, Education, Education & War. That album ended up being my favorite album of theirs, and my favorite album overall that year. Sometimes experimenting doesnt yield good results though. Im not sure what the Kaiser Chiefs were going for on their new album, Stay Together, but it sounds like they were attempting to do their best Duran Duran impression (but the 2016 version of Duran Duran instead of the classic Duran Duran).

All of these songs are up-beat, poppy, atmospheric keyboard driven songs which in itself would not normally be a complaint of mine. The problem is that they also all blend together without any real distinction, edge, or strong hooks. Listening to the album, I found myself referring to the track list at least three or four times to see if the album was almost done thats not a good thing.

Taken out of context, there are probably a couple songs on here that I could get used to and maybe eventually even like. Why Do You Do It To Me caught my ear as a potentially good song. However, even the best song on Stay Together would easily be the worst song on any other Kaiser Chiefs album.

My intentions with this album are to just forget that it exists.",negative
It's too bad that angry teenage girls that want to vent out their anger have such few all female bands to turn to as their ambassadors. I would love for the record industry to sign some all female bands with ACTUAL TALENT. Instead of Babes in Toyland we have bands like Kittie and The Donnas putting out lame records with little or no thought or talent put into them. Any talented all female bands out there looking to get their big break should take note from bands like Kittie. The standard has been lowered once again...Make your move.,negative
"This is just crap, starting on the simple fact that THEY CAN'T EVEN SING!!! have you ever listened to a most arranged voice? I think the producers just chose 4 ""good looking"" (they didn't to a good job) guys to show their teen faces and do nothing else...

This techno-crap mixing just makes your head explote, with those noisy and lousy baby voices!!!!!!

If you want to try something to kill yourself, just download one of this songs, don't buy this, even if you're about to die!!",negative
Madonna's heavy Flirting with Techno has gots to go.another Album of this is too much to handle.a Album of it is one thing but to still be pushing this tired Sound out is a mess.this Song is rather flat&leaves me feeling empty as much of Her Work Since about 95. I've liked some songs here&there but nothing has really grabbed me fully.,negative
well i give it a review cause i like billy corgan but i cant stand the music of this awful band..and that flirting between billy and that nasty thing playing the bass is awful...well i don't recommend and i think its a shame any one would want to buy this album...such a shame,negative
"I have this cd in my collection and I look at it and just pass it by.
I only played it one time, you heard me, one time. It never even peaked my interest to play it again. I hate every track on the album including that track ""So Gone"" everyone seems to love.
When Monica comes out with a decent CD let me know.
Later...",negative
"But I just can't really listen to this album. A friend of mine left the CD at my apartment and i thought...""What the hell. I'll give it a spin for the hell of it."" And ya know what? I had to take the CD out by the time it got to track 6(Rollin[Air Raid Vehicle])! I'll make this short: If you want to take a look at something by Limp Bizkit, borrow an album first just in case you get disapointed. And if you do, start with their debut, Three Dollar Bill Ya'll, that album (to my suprise) I found half way decent. So yeah there's my outlook on ""Chocolate Starfish and the Hot Dog Flavored Water"" and to the fans, hope you enjoy it.

P.S.- I'd like to give thanks to the guy who finally said something about that Brandon Welts ""Psycho"" guy! He was getting on my f***in' nerves! Thats it Cya",negative
"Dont be fooled by the Osbourne money making machine, this half-assed reissue has nothing to do with giving fans a better version of a classic album, it has to do with screwing Bob Daisley and Lee Kerslake out of royalties that are rightfully theirs. I honestly don't know what the hell is happening to Ozzy these days. Ever since ""The Osbournes"" he's been gaining legions of fairweather fans, alienating true fans and now screwing musicians over too! Its sad and pathetic. These people are rich as hell, but they're still so damn greedy that their own money isn't enough, they want Bob Daisley and Lee Kerslake's money too?? I won't help $haron or O$$y with their cynical schemes, and I ask that you don't either. Dont let The Osbournes make a sucker out of you with this disgraceful CD. Stick with the original, it sounds better anyway.",negative
"Too short = 76 minutes (not complete concert as 2 cd set) + Too expensive ( same price as Led Zep, new 2 DVD), don't buy, if you like Yes, buy Yessong in cd only",negative
"Mr. Cooper is spot on with his review.... I love Barney Kessel's guitar playing, but these recordings bury him in god awful VERY DATED and CHEEEEZY arrangements. This could be the soundtrack for some awful B-movie or TV show from the 60's (think Get Smart) trying to sound ""hip"". I too had hoped it would be Kessel lending his sizable talents to some Bossa Nova tunes and the Breakfast at Tiffany's tunes. Sadly it is an opportunity for hi to shine on that excellent catalogue of tunes horribly wasted. This must be the worst thing he ever put out under his own name. Surely he did some session work but may have been this bad, but at east his name did not become associated with that. Here his good name and well deserved reputation, as one of the best Jazz guitar players ever, are traded upon to sell a real piece of dreck.

The one possible exception is if you are among those who like to collect the ""lounge Lizard"" recordings, which seems to be a camp based fad a few years ago, this is right up your alley.

NOTE--- system does not allow 0 or minus stars so I had to select 1 star...otherwise 0. Thumbs would be down, if they were not plugging my ears.",negative
"I belhave this is won of the most of the worst CD's I haver purchassed... it's not that soundful... the tracks are just agnorint... anhd I feel like the singar chiack must get surgery for her voice... I wouldnt like this band if they were better... becaz its implossiblte to inprovise a bend this bad... I am sarious... Evenecents is just terrible I bought this cd along iwth a a simpler... which cost 5$ alone and I really felt ashamed for the emont of casch I wasted... I felt so sorry... this Cd wasn't made for purchase... this bends ""Maken of the Bend"" should be on Jackass: the movie! I really don't want to recoomend this too you but if you bye it, I feel for you.
I thought that Linkin Park's singer sounds alot like the singer of Evanescentes... but I was wrong... Linkin park isn't good either.
I bye aloth of my CD here on Amazon and I was dissappointed with this bad thing... It wasj ust like junk in the rainbow... colorful yet crappy... so disress... I felt sorry about the ones who buy this... so without any more gabring I think I will tell you not to reccomend this to you because it is just too much money to hear some stupid girl sing about wiping away all of her teers... and by gudging... she cries too much... she jest kneads to get Zoloft or something... poor girl :( I wish I could feel sorry... but I don't recommend it",negative
"An appalling recording that should have never been released or sold on Amazon.
The many renowned artists and acclaimed orchestra are almost indiscernible such is the terrible sound quality.
For me it was a complete waste of money.",negative
I thought this cd had poor quality compared to other Sabbath releases.,negative
"This album is really disappointing.

First of all, the album concept is completely cliche. It's almost as if the band members couldn't think of anything better so all decided to pick a stupid album concept out of a hat. It definitely is off-setting.

Second of all, Floor's vocals couldn't be more ridiculous. She sings almost the exact same note throughout the whole damn CD. It's like shes trying to make us aware that she's a ""wonderful"" soprano and that she's extremely gifted to be able to do the note(s) she does. Theres no strength or beauty in her voice, just ego. The listener is unable to find any emotionally connection with in voice.

Third of all, the CD pictures are laughable. It's pretty hard to take the concept of a broken home story seriously when all the band members are dressed in black and turquoise leotards and posing in the most humurous positions possible in every other page of the CD booklet. I swear they just don't want to be taken seriously on this one.

Overall, the whole thing was just ridiculous. The songs weren't good by any means, Floor fell short, the concept was horrible, and the artworks were worth a few laughs.

Don't get this album. You'll regret it.",negative
"this is admittedly an interesting idea for a musical. political assassination in america has been ripe for the theatrical pickins since johnny wilkes did his big scene ...& sondheim is the oddball who taught gangs to camp it up  & a barber to sing arias as he kills his patrons, so perfect match, no? well, no. first off, theres not one memorable tune in the whole show. most of the songs come off really awkward & stilted. also, listen to the stereotypically bad southern, italian, & new york accents, if you can. any points sondheim tries to make about fame, self-image, & the damning of the american dream are made redundant by a hopeless storyline & libretto. the booklet makes it sound like this show was just too far advanced for johnny-...-theatre-goer to handle, whereas for once the public was right in ignoring this gersh. all the reviewers who praise this are wrong, plain & simple, like most of the reviewers.",negative
"This much like Sailing The Sea Of Cheese was a bug let down even though I wasn't expectng much from either album! Once Again the only thing that shines is Les Claypools bass playing! And its good, oh is it ever good, but out of the 15 songs 2 are good. The first good song being track 1 and the only reason it is good is because it is total silence! the second being 'My Name Is Mud' that is actualy really a pretty good song, but other then that this album lacks everything a good, no make that everything a decent album needs! This band had no writing skill, no arangment skill, the only skill it had was to play the bass! Dont waste your money on this junk!!!",negative
"It was bad enough when Duran Duran staged their `comeback' and things only grew worse when Motley Crue did the same, but nothing in this world could have prepared me for the return of Billy Idol. Do you think this guy learned anything in the two decades that passed without us having to be subjected to his music (Yes, that's a rhetorical question.)? With artists like Billy Idol presiding over the `80s, it's no wonder that the decade has a bad reputation. If you were a huge fan of `classic' tunes like ""White Wedding,"" ""Eyes Without a Face"" or the ultra-annoying staple wedding-song version of ""Mony Mony"", then a) you and I have extraordinarily different taste in music, and b) you'll probably love Devil's Playground. Personally, I think it's really, really bad.

 How in the world can Billy Idol still attempt to sound like a sneering teenager, when we know that the geezer is in his 40's? Devil's Playground plays like a freeze-dried version of ""Rebel Yell,"" with the same fist-pumping bravado and the same canned rock-and-roll riffs, but without the freshness and immediacy of hearing it as something new. ""Super Overdrive"" or ""Scream"" aren't bad per se, but sound almost exactly like it's still 1983, and I don't consider that to be a good thing. ""Plastic Jesus"", though, is so bad that it actually makes me wince. Sample lyrics - ""When I'm in a traffic jam, he don't care if I say `damn', I can let all my curses roll..."" I'm not making this up. Almost as ludicrous is ""Yellin' At the Christmas Tree,"" a pseudo-punk holiday novelty that will make you long for February. I won't even discuss his attempt at a folksy love song (""Cherie"" needs to be heard to be believed) or even more ridiculous, a love song dedicated to his motorcycle called ""Summer Running"".

 If you are (or were) a fan of Billy Idol, it's time to recognize that his hits haven't aged very well. I suppose it's time for Billy Idol to recognize this as well. At best, Billy Idol was a guilty pleasure in the `80s. In 2005, he's embarrassing. C- Tom Ryan",negative
"I would first like to say that I do not agree with calling James Blunt's voice ""angelic"". It is anything but. It reminds me of a car's gears grinding; a curious blend of the lovely sound of the a car starting, and the atrocious grating of metal against metal. A truly angelic voice can be heard from Tom Chaplin of Keane. Anyway, I saw the music video for a song called 'You're Beautiful'. At first I thought, 'Dear God, man, put on a shirt!' Is it me or does 'You're Beautiful' win the Most Lackluster Love Song of 2006? I mean, I listened to the lyrics. He plays his own guitar, and it has to be the single most boring acoustic composition next to Ryan Cabrera. You want acoustic guitar complimenting melancholy voices singing about love? Try Pieces of You by Jewel Kilcher. In my opinion, she should be the only person in the world even allowed to touch an acoustic guitar, so back off Mr. Bland! Sorry, Blunt. Stay away from this album, unless you are too busy staring at the half nude singing lamely on the TV.",negative
A very bland CD sung by a VERY average voice. I've heard better voices in the different churches I've attended.,negative
"... I can't take all these rave reviews.  This is the same ""go thru the motions"" Bruce songwriting that he's been doing for years.  Bruce is a legend and is great, but if you think this album has anything new, I totally disagree.  It's the same ole 3-4 chord, ""oh yeah baby"", rockin' bruce as always.  pass.  dylan had a lot of dull years too, don't cry.",negative
"I don't know how these guys still have fans because they could be quiet possibly the worst band I have ever heard.  They bring shame to rap, hip-hop, rock and any other kind of music they sample in to make themselves look good, and Fred Durst is the biggest sissy alive.  Pick this one up if you love TRL, N'Stink or any of that other commercial mindless junk.",negative
I bought this knowing that mos had changed his style but I had no idea that it had come to this. this CD SUCKS most of the songs are just run on tracks that are just way to long and don't really go any where musicly i mean the song structure is absolutely terrible and jesus it wouldnt be so bad if we had some of mos's dope lyrical skill that he displayed on the last album to listen to but there is not one hot lyrical line on this joint not one. the dope lines from his previous efforts have been replaced by trite repetitive R&B and mos wailing about failed relationships with the occasional Hiphop track thrown in. I would rather swim through a quater mile of bird crap before I would ever listen to this album again. I have a pretty good Idea now of what listening to music in hell will be like. 0 STARS,negative
If this isn't worst Dead album then In the Dark is.,negative
"I realize everyone is thrilled to have Whitney back, as am I... but in all that excitement it seems that people are content to settle for anything she delivers. This album is lackluster and far from the superior tracks she has given us in the past. This album is not memorable and her ballads do not tug at your heartstrings. Nothing is memorable. Is is pleasant to listen to? Sure. Is it up to the high standards previously set by her? Definitely not. This album will not be a classic and I personally expected so much more. Her voice is far from what it once was. She now sounds husky and glottal and she has lost that rich soulful smooth sound that once sent chills down your spine. All in all, her voice is still an amazing instrument. This album just doesn't showcase her voice or her talent to it's maximum capability. This album lacks maturity. These songs sound more like something Jennifer Hudson or Beyonce would sing... not Whitney. Once she teams up with the songwriters of the likes of Anita Baker, Gladys Knight, Patti Labelle, Jill Scott, etc... then we'll have the 5 star album we've all been waiting for.",negative
"uh, excuse me... Tommy, JY, Chuck... Dennis?

HELLOOOOOO????????

What the hell is  ** UP **  ! ? ! ? !? !

Why, after all these years, is STYX the only major band one can think of that has not given it's fans remasters of it's classic catalog? Do you realize that you're sticking out like a sore thumb among legions of classic rock and roll bands?

I know, I know... Tommy and JY are not getting along with Dennis. Well you know what? GET OVER IT! Why punish your fans for it? Why be so damn selfish?

Maybe you guys can't mend fences long enough for a re-union tour but why won't you put aside your personal and legal differences long enough to shake hands, sit in a room together and work out an arrangement with A&M/Universal to get this catalog re-released? Quite honestly, I don't know why your ego's keep getting in the way of letting a REAL reunion happen either, but lets just stick to the remaster thing.

You can't say A&M wasn't willing to do it. They re-issued remastered catalogs of Supertramp, Cat Stevens, and even Peter Frampton, including his early albums that never sold. The Styx A&M catalog hasn't been touched since the eighties when the original CDs were released, sounding flat and tinny. Yes, Styx Gold sounds amazing, and all the more reason to do the complete job. Obviously, if the time was taken to do so much of the catalog for Gold then all the albums have probably been done in full anyway. If nothing else even happens with the band it's time for REMASTERS to happen. I have supported the band long and hard over the years, paid to see you a dozen times, and bought every piece of merchandise you have EVER released. I now feel completely justified in saying that you owe this to me personally and equally to every fan. Is there a lawsuit holding this up?, perhaps Dennis' suit against the band not too long ago? SETTLE IT. We fans have earned the right to hear those original albums in all their sparkling remastered glory because we made the band what it is with our long support over 40 years.

I asked you earlier why be so selfish? Ironic, since band and fans alike know darn well that releasing the remastered in deluxe editions and ultra editions with bonus, unreleased, old live material, etc., etc., would be a goldmine for the four surviving original members. AND the fans want it desperately... so what's your good reason? No one camp can get away with blaming it on the other. Could it actually be that you're so uncaring about what the fans are clamoring for? Do you really NOT care? Because I can't come up with any other reason. Whats going on..................

..................What the hell is  ** UP **  ! ? ! ? ! ? !

Fans... do you think it's time for an organized campaign to demand our remasters? If so, answer this review and we'll connect.",negative
"Ever try that Zebra stripe gum?  After just a few chews, the flavor is gone and it's time to find a trash can.  Toss this CD in with the Zebra stripe gum, candy corn, and Peeps.",negative
crap except for Mike Bloomfield,negative
"I totally agree with everyone else on this website-blog interest group, this is a terrible album. Rolling Stone, clueless and in the dark, and usually off all the time, hailed conor ""bright eyes"" oberst as akin to bob dylan and his spirit and songwriting ability. That's the worst misuse of the Bob Dylan name, I have ever heard. This guy surely does NOT have the so-called ""goods.""

Cry Baby!! That's what he is! Get on with life and for godsakes put down your friggin' guitar. That effeminate, weak little boy does nothing but sing Nick Drake covers lack the mysterious maturity, which made Drake a legend. Critics of music, like critics of everything else, like it when people cry. Something about how sick they are inside. Oberst pittles himself pitifuly many a time on tape, and thus those arrogant know-nothings love him.

Another big problem with this album is the artistic(morelikeautistic) overdub in the begginings of songs and in the middle of them. It's artsy-fartsy, annoying, and simply, the sign of a bad songwriter with too much arrogance.

Plus, if you can edit in overdub, then you can edit in better sound, 20-bit, the whole shebang. Why do some of these songs sound like John Lennnon's Plastic-Ono-Band, especially his 'My Mummy's Dead'. The things about that album, and John, is that John had a LOT of talent. That made the bad sound exscusable because it was revolutionary to put all that emotion and your guitar on a dingy tape in the big-sound inflected seventies(which was ironically put into place with the advent of the Sgt. Pepper's Lonely Hearts Club Band model). The Big Picture-song is an example of this.

He was also within that post-Beatle ""Primal Scream Therapy"" with would explain his outreache of crying/singing form.

Conor, on the other hand, has no excuse for his uncontrollable pre-pubescent emotions with he throttles within his voice with conviction and stupidity. Wild abandon of the norm is only right when used with talented, real artists.

I must also speak for real lyracists everywhere by saying that conor cannot write any good songs. Rather than sounding like a male, or a real poet, he sounds and writes like a little girl's diary scribblings. Whiny, whiny, whiny, WHINY!

""It will just go black, it will just go back, to the way, it was before""

Did he come to save, did he come at all, and if I dried he feet, with my dirty hair, would he make me clean again

That is taken from the song, 'Don't know When But A Day's Gonna Come'. These lines use high-school like rythming; black, back. They also are empty, and almost completely without any depth. They are so meaningless that they really signify an empty gesture, just like all the other little songwriters out there who write pseudo-sensitive lyrics just to seem real, rather than the coporate slaves that they are.

The worst thing about this song, in particular, is that it copies THE Doors sound, and Sam Cooke's title and song, A Change's Gonna Come. Sure, borrow songs sometimes, that's fine; especially within folk music, heck, Bob Dylan borrowed all the time. But only when you make the song new, and in this case, within the confines of your time, your culture.

A much more successful example of borrowing this very song would be Notorious B.I.G.'s Things Done Changed. Biggy's version personalized it in a new way, like where Cooke's is futuristic, Biggy's is sad and present timed. It deals with the past while grinding insult into the new generation.

On the other hand, Conor's steals this infamous song's title(Cooke's version is often held as one of the best songs ever, coming in a week after cooke was fatally shot in a hotel, in the peak of the civil Right's movement, in response to Bob Dylan's 'Blowin' in the Wind'), and tries to make money with its history and prescense on what is supposed to be a nice, quaint, little indie label.

By the way, Conor steals the exact riff of Don't Know when But A day's gonna' come' From R.E.M.'s Drive, on Automatic For the People. R.E.M.'s version is better also.

More line: They say they don't know when but a day's gonna come, when there won't be a moon and there won't be a sun. Now men with purple hearts carry silver guns-blah blah blah, he talks about his father... and we're all bored to tears.  These lyrics are so immature, especially for a guy who is 25 now, and who has been passing demos around since he was thirteen. Disgusting, and this guy has been allowed to keep making albums-that's wrong. I guess what they say is true, talent is pushed aside for someone with a name in the business. Sad, too.

In final summary, this album sounds like it was made by a fith grader with a microphone and recording equipment who simply took his parent's albums and put different lyrics to his favorite songs. Conor ""Bright Eyes"" Oberst should be sued like Verve was for Bittersweet symphony.

[DISCLAIMER: Verve should NOT have been sued for Bittersweet Symphony. They were a real, living, breathing, talented new band who might've made some great albums, but we don't know, do we? The Rolling Stones are responsible for killing a new band, and must never be forgiven. They're also sellouts, they're the real ""grapes of wrath"" personified, and 500 buks for a ticket is highway robbery of their fans]",negative
"""Rise"" is a textbook case of former members of a group using the name of their now-defunct band to cash in on that name.  If some members of Bad Brains wanted to record an album without founding members ( of course most notably HR ) they have every right to.  It's when they use that beloved band's NAME to promote the product that fraud has been perpetrated on their fans.  After Ian Curtis' suicide the surviving band members continued to record with the NEW name New Order.  That is simple ethics. If they recorded under the name Joy Division without Ian Curtis that would have been less than righteous.

Besides the questionable morality here, the music on this album just is not very good.  At all.  Stay away.  There are many great ""real"" Bad Brains albums out there to enjoy.  To name a few, try ""Bad Brains"", ""Banned In D.C."", ""I Against I"" or ""Black Dot"".",negative
"When eminem first stepped onto the hip-hop scene back in 96' he's skill back then you could say was a bit below average to down right laughable when you listen to his early material like ""foolish pride"",""poo bear"" allegedly of 88' or 93' and ""yellow brick road"" and you'll see what i'm talking about. However as time has progressed eminem's skill has improved a little bit releasing classic albums like the ""infinite"", ""slim shady"" lp, ""marshall mathers"" lp and last but not least the ""eminem show"" of 2002 which i will definitely say is his last great album before fell off and sold out all together.
In 2009 eminem releases a new album the ""recovery"" which was a pop album disguised as a hip-hop album, and while this album did have a few good songs like ""25 to life"" and ""seduction"" this album overall was trash...this album would be best described as an old saying of how the mighty have fallen, and his lyrics today have really degraded but to blunt eminem has never had much vocal game to begin with his skill was quite limited when he was good during the ""slim shady"" era all he had going for him was finesse, delivery, speed, word play and that was it then in the 2010's precisely in 2013 eminem skill is no where to be seen. I would figure for a so called greatest rapper of all time to show these new cats in the game how it's done but no he sells out instead by collaborating with acts he long ago himself would have written diss tracks about drake, minaj, j.cole, kanye and wayne to name a few. I guess ICP was right about eminem all a long but what is worse in the hip-hop community is when a rapper like eminem is considered the greatest rapper of all time by mindless posers of the hip-hop community let alone a legend, Real legend's in hip-hop go above and beyond the call of duty and eminem hasn't stood for anything at all or for that matter written or rapped about an anything relevant and as of lately it seems the eminem fanbase really make you hate eminem more by making this rapper even more overrated than he is right now...this here is truly a garbage rapper that needs to retire.",negative
"I had the albums ""Nickelcreek and ""This Side"" on an mp3 disc that I recently listened to, and it reminded me how much I like this group.  I wanted more.  So I ordered ""Why Should The Fire Die"".  VERY disappointing.  It's not at all pleasant to my ears.  It brings to mind the worst of the real weird stuff the Beatles occasionally came up with.  If Alison Krause's involvement made that much difference, then they need Alison back!  I can only hope that this album is a total flop for Nickelcreek so they'll go back to making that fantastic music they're known for.  After this album, who knows, maybe the fire will indeed die.",negative
"I never liked No Doubt in the first place, and Hollaback Girl does nothing but move my further away from them. This s#!@ isn't bananas, it's just plain ol' s#!@.",negative
"C'mon folks.  Five stars?  Five?!
This album seriously lacks any element of raw creativity or innovation.
What we have here is a mediocre cross-pollination of Primal Scream circa 1997 and unimaginative electronica.
Bottom line: There isn't anything on this album which hasn't been done before, one thousand times (and one thousand times better).
I'm embarrassed to play this album in front of anyone and will be selling it shortly.
Remember when Domino used to release great records by great bands like Sebadoh and The Pastels?
What happened?
Go ahead -- click the ""no"" button -- you know, the ""this review was NOT helpful"" button.",negative
"First I want to say, the album is 5 stars but the vinyl quality is zero stars. I went through 6 copies trying to find one that wasn't off-center or excessively noisy. Once again Universal has done a lousy job bringing a classic album to vinyl. The fact that the pressing is way off center gives the music a terrible warped sound. Plus the vinyl is very noisy even after a good cleaning. Regardless of what some of the record companies think, people do care about quality and not just something to throw on their crappy crosley record player. I own 2 decent turntables and I won't settle for a half baked effort just to own a specific title on vinyl. Get it together people because in the long run you're only going to hurt yourselves! Focus on the quality because it matters! For this album, stick with the CD until Universal/Mercury steps up their game!",negative
"When I think of Mobb Deep, I think of ""Queens get the money long time no cash/We caught up in the hustle where the guns go BLAST!!! What happened to the REAL Mobb Deep. You know, ""Drop A Gem"" ""Give Up The Goods"". Those were classics. Even Prodigy's ""HNIC"" album was a heads up. But since Hova dissed them boys in 2001, they haven't been the same. Then they joined G-Unit! For what? Mobb Deep was a threat when 2Pac was alive. They didn't need Curtis. This album aint even G-Unit certification and some dudes on the album was yelling out ""G-Unit""! Also, if Havoc is gonna diss the South, at least make a album from a Queens rapper, New York material. The beats sound like he from the West Coast. The only decent banger on the album is ""Be There"". Kind of embarrassing from a possible legend.",negative
"Everyone has its own likes and dislikes, equally respectable; my likes don't include Rammstein, as u can foresee. First, their attitude: they act as a sort of Mansonesque band on stage, which, sincerely, don't seem very original now. They just copy old Skinny Puppy's shows (in fact, I think their show artistic manager is the same; Second, their music: they think they have invented metal-industrial or something like that... wow, have u ever listened to OOMPH's records???? Rammstein is just a copy of this band, sorry, but that's the way it is, and their songs are metal in its structure, but they add some synths here & there and hocus-pocus, here we are the gods of industrial... and everyone buys their records and hallucinates with this band. One said that, I repeat: everyone has its likes, I am very critical to this band, but I respect everyone who likes it, obviously. BUT I HATE RAMMSTEIN!!!!!!",negative
"Just awful, grating, repetitive music. Dull beyond belief, I mean this stuff can put you in a coma - not even New Age music approaches the soporiphic potency of this stuff. The alternating arperggios is something a kindergartener can learn to play on the recorder. Some polyrhythms get interesting occasionally, but my overall impression of this piece is that I felt thoroughly nauseated half way through it. Only for Philip Glass fans.",negative
I love guttermouth. This cd is where they died. they sould just give it  up.,negative
WHAT THE HELLS GOING ON HERE. TALK ABOUT CHANGIING WITH THE TIMES. THERE OLD STUFF STILL CARRIES ON TO THIS DAY.,negative
they have better stuff what about horse lattitudes,negative
Excellent backing band spoilt by a self-indulgent singer who preferred to show off her vocal techniques rather than strive to be musically tasteful. In a word: repulsive.,negative
"A lot of critical things have been said about this album (see sampling below), but I think the most accurate and important one is this: ""On much of the album, Maroon 5 barely sound like a band at all.""

That's because Maroon 5 no longer really exists. They are no longer creating their own music. They recognized that all of the current hit music falls under categories like ""disco-flavored dance-floor filler"" or ""dance-pop glitz,"" and they knew to sell songs they'd need to hire outside help. Who'd they hire? Look up names like Max Martin, Ryan Tedder, Shellback, and Benny Blanco--these people are the new ""Maroon 5,"" and they are also Pink and Katy Perry and Kelly Clarkson and Usher and Britney Spears and Taio Cruz and Adele and OneRepublic and Gym Class Heroes and Sean Paul and Avril Lavigne and Justin Bieber and Ke$ha and Flo Rida and Pitbull. I'm not making this up--it is a fact that almost all of the music we hear on the radio is created by the same few guys whose names you probably haven't heard.

I think it would be fair to say that the Billboard 100 has never been in such a sad, homogenous state, and I think it would also be fair to say that the release of this album confirms that modern hit music is vapid and soulless--it is little more than brand names selling catchy hooks created by anonymous dance-pop gurus.

Adam Levine himself admits that Overexposed ""is definitely our poppiest album yet,"" and he admits that he has a ""love/hate relationship with it."" Maybe he'll get back to doing what he loves if we stop buying dance-pop glitz.

---

Other things that have been said about this album:

* ""Every song sounds as if it was custom made to play behind the montage of someone's 'journey' in a TV talent show."" (The Independent)
* ""It seems more like a collaboration between Swedish hitmakers and AutoTune than between Levine and members of his band."" (The Washington Post)
* ""Even with various superstar producers on board, including Max Martin and Ryan Tedder, the album is stridently homogenous."" (Boston Globe)
* ""Overexposed is a hit-seeking missile that doesn't just slaughter Maroon 5's reputation for sincerity, it festoons its corpse with glitter."" (The Washington Post)",negative
"Thin & whiny voice, slow tempo material, amateur backing tracks, poor musical ability, & most of all VERY VERY BORING. If you are depressed you are warned not to listen to this, it may be fatal for you!

File this under extreme dud.

Don't believe the hype, a true contender for the 2012 ""Emperors New Clothes"" award.",negative
"After seeing the 666 DVD and movie i REALLY had high hopes for Maiden to really put some umph into this next record. Well unfortunately that did not happen. Instead we got a mixed bag of mid-tempo, slow, boring uninspired music from guys who sound like maiden lite. The fierce energy of there last tour was amazing and better than anything they did in there younger days, there was so much energy it wore ME out just watching it. Well going back to the studio must bore them because it just sounds like they have ran out of any decent ideas at all. Even The Alchemist, a speedier song cannot capture anything of old, the chorus stinks and Nicko(my biggest drumming influence) sounds like he's 80 not almost 60. I mean come on, Stallone is kicking butt in movies now, and lots of old veteran rockers are still out there putting out fresh tunes that sound way better than this. Bruce is almost 52, thats it, thats ALL, the rest are a little above, Nicko being the oldest. But look at a guy like Buddy Rich who was way up in his 60's and better than EVER! My god has failed :(. The beginning of the album really makes you think Maiden has something up there sleeve with the long but pretty cool intro satellite 51, the you expect a full onslaught of Aces High or even a Caught Somewhere In Time song, with galloping rythmes and bruces great killer singing. Instead you get a washed down boring straight beat with mundane riffs and Bruce sounding like his sitting around the studio just practicing some singing and lyrics.

So in summation i'll just say that ever song sounds the same, ends the same, feels the same and just makes you wanna go stick your face on the back of a tale pipe, and suck it. Bruce should go back to his solo albums which were stellar! It sounded more like Maiden than Maiden did. While they were dishing out the Crap Factor(with Blaze Buttley), and Virtual Boredom, bruce was putting out Accident of Birth and the top rated metal album of 1998, The Chemical Wedding. Also there were some b sides like Silver Wings, and Broken that just rocked the crap out of everyone and sounded liked they came from Powerslave and Caught Somewhere In Time. So unless you can deliver in the studio guys, just let Bruce go do his own thing again, and do side projects or retire. Another album like this and there won't be any fans left, or the Record Company will say guys, enjoy the Golden Years. Bye.",negative
gimme a real cd instead of a crappy sounding mp3 and i will give a real review. mp3s are garbage.,negative
horribly produced and poorly orchestrated. This should have never been offered to the public. I suggest that Purumayo forget offering cds.,negative
"I have no idea how this Comp. is supposed to be Trance. This is a far cry from Trance, even house style. Listen to the sound clips before you buy. Its just plain ole tired house music. If you are looking for House with more a ""Techno"" feel, so to say, then try the Webster Hall ""Tranzworld"" Series. I believe a box set is avaiable for the series. Even though it starts at the mid 90's, and works its way up through the years, its still a great comp. and house music really hasn't changed a hullva lot since that time period. (at least I don't hear much diffrence expect it has seem to get more ""poppy""",negative
"Boy, this guy sure is a flop.  Talk about a total flash-in-the-pan...One minute he's on top of the world, the next minute he's ""livin' la vida broka!!!""  I've heard this record, and it totally lacks soul and flair.  Maybe this loser should get back with his boyz from Menudo - at least they had good songs!!
The only worthwhile tune on this record is ""Nobody Wants to be Lonely,"" and even that is a little disappointing since it doesn't have goddess Christina Aguilera on it.
Oh well.  This joker was bound to land with a dull thud sooner or later.  For real Mexican rock, check out Frank Black or Los Huevos.
ADIOS AMIGOS!!!!!!!!!!!",negative
"This is introduction to trance, not good music at all. Instead of this album buy oakenfolds oslo compliation. Its the only good music he has done!",negative
"Yo La Tengo is one of the most overrated, underachieving bands in the increasingly lost morass of ""indie rock.""  For years now they have gotten by somehow, making music that is primarily a lame pastiche of their rock-critic influences, and out of all those albums they've produced only one that's honestly worth listening to.
This isn't it.  This is more of the same drony, Neu-meets-the-Velvets-on-Nyquil junk that they've been anesthetizing people with for years, with not a single interesting thing about it.  The tunes stay within a five-note range, the lyrics are entirely colorless and forgettable, the instrumentation is the same old buzz/twang/drone they've been using for years. The songs blur into one another, and it's impossible to tell them apart, not only from each other, but from the songs on their previous albums.  Calling this CD ""monochromatic"" might be too interesting a word to use for something this boring and numbing.
Why do people continue to assert that YLT is a ""great band""?  Beats me.  There's no proof of it here.
Incidentally, for those curious, the one great record that YLT has done is ""Fakebook,"" and they didn't write any of the songs on that one.  There is a lesson in that.",negative
"they should of have released ""Welcome To The Jungle"" 6 cd box set would of have been great. it has Elvis recording and joking around in the jungle room at Graceland and 4 live tracks from different concerts in 1977 and 1 from 1974. this set comes with 118 tracks. the songs from this Moody Blue disc is in the Welcome To The Jungle Sessions.",negative
"I purchased this because I thought it was the movie, and was disappointed to discover it's just a music CD with the same artwork as the movie!",negative
"Knocking idols off the pedestal may sound like fun when you're a disrespecting teen without a care in the world, laughing at the void and drilling the blade across the vein like a ship fist-bumping a barge, but at my midlife-crisis age, let me tell you, it gets a bit tiresome. Doesn't mean it's not necessary. Work is work, whether you're being paid for it or not. And every idol eventually tumbles to the ground. I mean, pin a cocktail waitress on the Tiger donkey.

But don't we pay people to clean up our messes before they get aired in public spaces? Don't we have friends to questions our romper room antics? Did Sam Rockwell really just screw up his career in ""Snow Angels?"" Did I just see that!?! I'm sorry, I'm supposed to be reviewing this thing for people who have no attentions spans who are in between places that they have to be, but my mind keeps wandering. As Kermit the Frog used to say, ""Time's fun when you're having flies,"" but I have indigestion from watching a tofu-eating contest. My body is a gassy sleeve played like a not-quite-workable accordion, grunting and lip-smacking, glassy-eyed when you are looking at me in that condescending manner. I used to like feedback until I experienced criticism first-hand.

I've got the formaldehyde, but you're the one who's a mortician. On top of which, I've been cruising heaven's angels. We're retarded, I mean retired. Speaking of quiting our jobs and going fishing, me and the dog have invested in a bait and switch shop named after you. Sometimes I wonder why you are whispering into the mirror at 5 a.m., but then I'm wearing out your g-strings.

Yours Truly, the co-mutter.",negative
"Sony should be ashamed that PCs are infected shortly after playing this CD.

Amazon should stop selling this CD immediately given the known damage that it causes to computers.",negative
"Before I begin, I think this genre of music is timeless and that it can be as exciting and interesting today as it was in the day it was written.  The problem with this CD is that John Stevens has no concept of style, phrasing, arc or growth.  His execution of these songs is flat and trite, and he has no noticeable handle on his voice.  It was obvious when he was on American Idol what genre he preferred and what he wanted to go for, but it's painfully evident here that he doesn't have the enthusiasm or pipes to do it (maybe in several years, and with a lot of voice lessons...).  Nothing against the guy, I'm sure he's quite nice, he's just not fooling anyone (except, I guess, the easily deluded, or fangirl type who fall for anyone who sings on American Idol).

At least they were able to synth him onto the notes.  That's an improvement from his performances on the show.

If you want to hear what contemporary and modern stylizings on big band and jazz is supposed to sound like, check out the excellent Michael Buble, or even Harry Connick Jr.",negative
"Talk about trying to get recognize anyway they can. Their first two albums were a joke and then you have this one?? What were they thinking? Instead of releasing a cover album they should have worked a little harder at making an album that was somewhat listenable. Their debut was just something the record company wanted to sell to the ""girls"" to make them scream for another boy band. HEAR was just something that made your ears bleed when you did hear. This is just a joke. This band should never reunite with one another. Enjoy what your doing now cause all the girls that bought your music before probly aren't alive right now. All I can say about this band is: ""Thank you so much for killing something that everyone liked, Music"".",negative
"Following Live 8 i have to wonder if Live Aid justifies the euphoria that followed it. Most people if honest would say that on the whole musically it was pretty bland and as for achieving its aims-well that's debatable. What it did manage to do was make Bob Geldof whom no matter how honourable his motive were done quite nicely out of it thank you. Before this his career was on the skids and now he is a household name, knighted by the monarchy and very,very rich. The same with U2 pushed them into the statosphere and made Bono think he is some sort of latter day prophet. Same with Queen pushed them into mega-stardom. So do musicians have a conscience or was it the chance to get maximum worldwide publicity, push their latest album all for fifteen minutes of stage time. Sounds pretty good to me. One can't help wonder that they could all give there royalties for the past year and wipe out the third world debt without coming on stage and screaming 'give me your money'. There was a shot(deleted of course) where backstage the good and the great were dining on expensive food and wine whilst up on stage was a backdrop of the starving. Another example of there hyprocrisy. Madonna singing 'imagine' on her latest tour '..imagine-no prosessions..yeah right! I can't help but think for all there posturing there was an eye on global exposure and a chance to feel good about themselves when they went back to their mansion and who would dispute that McCartneys version of 'let it be' was stomach churning? Face it the only musician (Peter Green ex-fleetwood mac) who wanted to give everything away to charity got certified. Proves a point.",negative
"The song everyCowfolk thinks is ""Maybe God's a Woman , Too"" (5 Stars!) is actually called ""BIG DREAM""...check the credits at the end of the flick.
And it is a complete mistake NOT having the specific songs from this great movie on the so-called ""soundtrack"". So I too will pass on this collection of decent songs because I want the songs FROM THE MOVIE. duh. ""I Don't Care if it Rains or Freezes as Long as I've Got My Plastic Jesus Sittin on the Dashboard of My Car"" is not on the ""Cool Hand Luke"" soundtrack either. Go figure.",negative
"Yeah, don't blow any money on this one at all. It's not a good idea. But I'm sure you knew that already. For the uninitiated, Dylan and the Dead is a live album, pairing Bob Dylan with the Grateful Dead. But here's the problem: Dylan was way past his peak when this album came out - he released this atrocious thing right after&nbsp;<a data-hook=""product-link-linked"" class=""a-link-normal"" href=""/Empire-Burlesque/dp/B00000264S/ref=cm_cr_arp_d_rvw_txt?ie=UTF8"">Empire Burlesque</a>,<a data-hook=""product-link-linked"" class=""a-link-normal"" href=""/Knocked-Out-Loaded/dp/B00000267V/ref=cm_cr_arp_d_rvw_txt?ie=UTF8"">Knocked Out Loaded</a>, and&nbsp;<a data-hook=""product-link-linked"" class=""a-link-normal"" href=""/Down-in-the-Groove/dp/B0000026DE/ref=cm_cr_arp_d_rvw_txt?ie=UTF8"">Down in the Groove</a>, if you needed proof - and while I don't know much about the Dead (though I dig the Dynamic Duo of&nbsp;<a data-hook=""product-link-linked"" class=""a-link-normal"" href=""/Workingman-s-Dead/dp/B00007LTIK/ref=cm_cr_arp_d_rvw_txt?ie=UTF8"">Workingman's Dead</a>&nbsp;and&nbsp;<a data-hook=""product-link-linked"" class=""a-link-normal"" href=""/American-Beauty/dp/B00007LTIL/ref=cm_cr_arp_d_rvw_txt?ie=UTF8"">American Beauty</a>&nbsp;just fine), I'm just gonna guess that they, too, were kinda washed-up by 1988.

No pun intended, but everyone sounds dead on this release. Bob Dylan's voice sounds absolutely terrible. No emotion, no personality, nothing. He just sounds bored with himself. The Dead display zero energy, and don't really provide anything interesting, outside of a few nice-ish guitar parts on the occasional song. As such, the classics get butchered. Ever heard a bad version of ""Knocking on Heaven's Door,"" ""I Want You,"" or ""All Along the Watchtower?"" Try the ones found on this album. They're awful. ""Knocking on Heaven's Door"" especially suffers from lagtime. It doesn't have anything resembling a vocal melody, even in the faintest. Dylan lags way behind the Dead, mumbling his way through one of the all-time classics. Dylan makes ""All Along the Watchtower"" sound like the absolutely brilliant Hendrix version, and while that worked on&nbsp;<a data-hook=""product-link-linked"" class=""a-link-normal"" href=""/Before-The-Flood-Live-With-The-Band-1974/dp/B0000025OU/ref=cm_cr_arp_d_rvw_txt?ie=UTF8"">Before The Flood [Live With The Band, 1974</a>], it fails epically for Dylan here.

And why did he decide to drag out ""Joey"" on this tour? It was a bad enough song in the first place, with Dylan's whining all over it, but it sounds even more wretched here, because at least the original had a fairly interesting arrangement, with the violin fills and accordion and all. There's nothing even remotely interesting about this take on ""Joey.""

The ironic thing is he does one of his very worst songs pretty well. I've never been a fan of ""Gotta Serve Somebody"" - in fact, I just about hate it - but by taking out the electric piano and backup singers, he manages to make it somewhat decent. Some of the decent guitar parts I mentioned in passing earlier really come out here. They also come out on ""Slow Train."" Of course, neither of these songs are anywhere near as good as even the weaker material on some of Dylan's best live albums, but whatever.

But neither of those small highlights makes Dylan and the Dead worth a purchase. This is just another failure from Dylan's weakest period. Gerf. Awful, awful stuff. Skip it. If you must buy it, buy it for the cover. What is it with bad albums that have cool covers, anyway? At least it's not a bad album with a bad cover a la Knocked Out Loaded.",negative
"This CD makes me laugh. This is some of the worst music i've ever heard. When I heard Duality, I was sure that this CD would fail. Let's see how much this CD sucks:

Lyrics: Generic ""I hate my mommy"" garbage.
Vocals: I've heard dying cats sing better.
Guitars: Power chord heaven, with 1 half-assed, out of place solo in 1 song to cover up the lack of talent
Bass: I wasn't aware of any bass whatsoever
Drums: OVERRATED
DJ: DJ!? Don't make me laugh!
Samples: Stupid pinhead. Jordan Rudess of Dream Theater could kill this guy.
Percussion: Their idea of percussion is 2 guys smashing things with baseball bats.

Stupid CD from a dumbass band. Slayer & Dream Theater could kill these guys.

To the guy who said he's making me think twice, not really. Slipknot is still false metal.",negative
"The music is fine but the programming lists are problematic, being very innacurate.",negative
skips real bad,negative
"Ian Curtis plunges into the depths of post-existential, post-structural connotative ruminations on the implications of our ""thrown-ness"" (as Heidegger put it) into this world, into its light, its darkness, and the transluscent twilight of the ambiguity we confront as we try to choose between good and evil with nothing to guide us beyond the pull of our compulsive pusilanimity.  Curtis's inept baritone proves the perfect counterpoise for Joy Division's disinterested, motoric rhythms and the barely competent guitar of whatsisname.  All in all, an album for the ages.  The early middle ages, to be precise, during the last few years of Pepin the Short's reign.

More than any band I can think of, Joy Division makes it plain that it's virtually impossible to underestimate the intelligence, or overestimate the gullibility, of Western Man.  There's no arguing about individual taste, or one's ability to perceive the paradox of beauty in ugliness, or any subjective point of view when it comes to this band.  Joy Division is objectively crap.  Musically, lyrically, conceptually, aesthetically, even the production blows.  In 35 years of obsessive record collecting, I've never seen any band even come close to Joy Division when it comes to pulling the wool over peoples' eyes.  Come to think of it, why do you think you never see Ian Curtis and Karl Rove photographed together?",negative
"Stay away from Edduie Jobson's alleged ""remasters"" of the three UK albums, ""UK,"" ""Danger Money"" and ""Night After Night."" All three sound horrible! They are muddy with all the high frequencies rolled off. Save your money and look for the Editions EG versions. They sound MUCH better.",negative
"with Mase you get a cleaner more focused version this time aorund.however,you still get the same word by the minute side kick of Puffy on the mic. same ole samples&Loops that have you playing name that tune than suffering through dude's very slow,slow pacing on the Mic.depending on where you stand on slow time flowing Rapppers Mase is responsible for alot of cats that came there after using this type of flow.but in truth 5 years back to now nothing really has changed.wish the Brother the best,but Musically it's the same Mess from mase but with a Switch up.",negative
"This EP contains 8 tracks over 22 minutes.  Three of the eight tracks are commercials. The other five tracks are wack. This group has no production and no lyrical quality.  The essence of being a good rap group is phat beats. This group has NO BEATS. Their verbal intros are so wack, so ..., its .... This is a very amateurish group. At best, they should be booked at a senior citizens center. I don't know who have been writing these other positive reviews but I wouldn't doubt that it is the members of J-5, their boys and their girlfriends.
When I bought this CD, ... didn't allow us the ability to listen to some tracks. If you can listen to any tracks before buying do so. You will see that I am right.",negative
This needs to be corrected because what Amazon is showing is not Saturday Night Fever.  Look at the album picture and then the reviews.  Nothing matches.,negative
"This is perhaps the eptiome of souless commercial corporate rock.  Tom Shultz, guitarist/producer extradinaire has managed to scrub every last bit of life out of this bleak, shiny and bland recording.  The album sounds like robots played it, from the cliche guitar licks to the Mr. Roboto voice of Brad Delp.  Its all so ""perfect"" and just dead sounding.  This band helped inaugurate the awful awful mid 70s to early 80s era of souless corporate bands like Journey, REO Turdwagon and the all time masters of musical mediocrity: Foreigner, uggghhh!

Bands like Boston and disco are just the type of commercial crap that drove me to abandon radio forever and start listening to punk, progressive rock, 60's garage and psychedelica, jazz, classical, etc.  I first heard this band in highlschool when I was in 11th grade and thought it was OK.  But that was highschool, Im an adult now, I've listened to an incredible variety of music and realize just how bad this stuff is.  Boston are mindless top 40 mush designed for mass consumption and it doesn't work for me even as nostalgia.  Its the aural equivalent of cotton candy:  looks and tastes good, but has no nutritive value at all, just empty calories. If I never hear ""More Than A Feeling"" again it would be a 1000 years too soon.  Negative 10 stars.",negative
"Ive been a life long Clapton fan and have seen him many times.
He is great to see live. But the solo stuff he has recorded for
the last ten years has been really hard for me to enjoy. Most
recordings have had one or two songs I like, this CD has 4 songs
I like. The things I had grown to enjoy in his earlier music, the passion and
fire are for the most part long gone from these solo recordings. Its no different
on this one, allot of very boring elevator music that we would have said
our parents liked to listen to. The sad thing is I know he still has it in him,
but for whatever reason he has picked allot of tired old songs. Maybe he's trying
to please these ""Tears in Heaven"" & "" Change the World "" fans and forgot about us
who were with him from the begining.",negative
no review just stars,negative
"I received the same CD twice. Yes, I'm that luck! My Florence + The Machine was sealed and everything, but when I opened I became so disappointed. I've paid for an especial edition and instead I received the regular edition twice! So wrong!
:(",negative
"Has anyone noticed that these guys are a boy band? they were put together by a record label to cash in on the ""nu-metal"" trend. if you're going to wallow in teen angst, at least pick something sincere, like NIN's Downward Spiral. It's much darker than the synthpop fantasy land spun by these guys.",negative
"If you're a hardcore Dokken fan then i'll say pick it up. Other than that, average at best. I always thought these clown's were over rated, even back in the day.",negative
"My Christmas wish is for Chicago to stop making Christmas albums.
Don't get me wrong.  I used to LOVE Chicago.  I spent years and years listening to them and loving them.  For the past few years, starting around Chicago 30, I keep buying them out of loyalty even though there songs were pretty shallow and meaningless.  They are a VERY talented group of musicians, but the writing and choice of songs is not that great.  But Chicago 33, the 3rd Christmas album, is just painful.  Absolutely painful.  Chicago 25 had some original takes on classics and that is one of my favorite albums, Christmas or otherwise. But there is nothing very original here, just pain.  Please, please, it's time to retire.  Or at least promise not to make any more Christmas albums.
PS-No offense to Lou, but he's no Bill.",negative
"The reason I am giving this one star is because the hit, huge hit if I might add ""All I Really Want"" was left off. I remember buying this in the 90's and that song was all over the radio. It's also a great song. I don't understand why in the world they left it off. It's her best song. It's funny how you can go to i-tunes and type in Jagged Little Pill and all the kids download the five singles from this album, but not ""All I Really Want"" showing you they weren't around at the time to see how big that song was. They only look at this collection and take the five songs from Jagged Little Pill and download them.",negative
A major disappointment. I heard her song from the soundtrack from the movie Hugo and bought her cd on the strength of that but her cd isn't like that song style and it was all over the place. I sold the cd,negative
"An absolute waste.

If I weren't a fan/collector of anything Beatle related, I wouldn't have considered purchasing this.  Now that I have, I regret it.",negative
This stuff just sucks.....this is what is wrong with the music business today.....in 5 years people will say...Chelle who ????,negative
IT'S ONLY OKAY AND I THOUGHT THESE 2 WOULD PUT OUT SOMETHING A LITTLE BETTER.,negative
"I will admit I have only heard this album once so far, I listened to it on my way to work this morning.  But holy cow I really hope this album is a grower becuase for me it was a borderline painful experience getting through the whole album.  Interpol have been one of my favorite bands since they started and I love all their previous albums.  Yes even ""Our love to admire"" which I feel is unfairly criticizez.  I also loved Paul Banks solo album as well. But my initial feeling of this album is that it was very hard for me to enjoy.  As far as I could tell this album is completely lacking catchy choruses (just really repetative ones) or enjoyable guitar arrangements of any sort.  Now I am far from the type that wants things radio friendly, but sounded like maybe the most un-catchy batch of songs I have heard in a while.  I guess it is kind of the aquivalent of like an abstract Sci-fi film that doesn't make any sense, and is not very enjoyable, just somewhat interesting because it is so wierd and different from anything else.  Obviously Interpol have always been kind of cold and distant sounding, because that is the type of music this band makes (ex. Joy Division), but to me all their previous albums still had a pulse and a heartbeat.  This one to me sounds dead on arrival.  No emotion or feeling what so ever.  And there are a couple of tracks that I thought were going to give me an aneurysm...specifically the song ""Always Malaise"", which in my opinion is one of the worst songs I've heard in a while.  Maybe I am being too harsh here, but I'm not just trying to be a hater.  But I was really looking forward to this album, and to only like maybe three songs out of the 10 is quite dissapointing.  Then again maybe I should look at this in a Kid A kind of way and realize it is not meant to be enjoyed like a traditional album and try to appreciate it for what it is.  Like I said in the beginning, I hope this is a grower.  Here is the quick four star rating breakdown of how I feel about these songs:

1) Success = 4/4 (pretty good, sounds like old interpol and is more like what I wanted the whole album to sound like.

2) Memory Serves = 3/4 (Decent, but starting to drift into the tone deaf wasteland of the rest of the album)

3) Summer Well = 1/4 (I could find no enjoyment in this song whatsover)

4) Lights = 4/4 (Easily the best album on here, even if the guitar riff is extremely repetative.  But sounds like the Interpol of old)

5) Barricade = 2/4 (Somewhat decent first single, but could not really find anything that makes it stand out as being Interpol)

6) Always Malaise = 0/4 (One of the worst songs ever.  Eventually turns into the equivalent of nails on a chalkboard)

7) Safe Without = 1/4 (starts out okay, then goes downhill like the rest)

8) Try it on = 3/4 (The other song that I actually liked on here)

9) All of the ways = 2/4 (Decent but overall boring)

10) The Undoing = 1/4 (boring from the get-go)",negative
no comment,negative
"As much as I love Benatar, this CD is not worth the plastic it was burned onto.  The ironic thing is that it was her only No. 1 album.  It sounds very amateur (asides from a cracking version of the Beatles' Helter Skelter).  Fire & Ice may have won a grammy, but all I can think is that the charts were lean on quality songs that year.  Anyone who knows me knows of my undying love for Pat & Neil.  This album is not testimony as to why.........",negative
Really Awful. Based on this offering I'm not even certain that any members of this band can actually play their instruments even basically. Horrendous.,negative
"I was shocked at how bad this was -- I love Patton and think ""Werewolves and Lollipops"" is one of the greatest comedy albums of all time, so I figured this would at least be worth having even if it couldn't meet that lofty standard. But instead it seems like a shameless attempt by someone to cash in on his success by recycling random bits and pieces of subpar early material -- very little of his usual wit, intelligence, and story-telling ability are on his display, it's mostly just juvenile shock tactics. Not sure who authorized this release or if Patton had anything to do with it, but ugh, avoid it like the plague and get ""Werewolves"" or ""Finest Hour"" instead.",negative
I bought this one last year when it came out and I hoped it was not the start of a new trend with Armin which I don't like.  Low and behold I listened to 2016 ASOT last week and it sounded worse than this one.  What is going on with Armin??  2 years in a row he releases 2 terrible ASOT compilations.  I look forward to this compilation all year and its been disappointing.  I miss the old days of 2010 and 2011 where he really put the effort into those albums.  The songs the past 2 years have been too short and have no feeling or emotion behind them.  Time for Armin to really focus on this series or just discontinue it if he is going to put out this garbage.  Get your act together Armin!,negative
"I can't believe I bought this.  A rock compilation from the people at MTV, whose musical vocabulary doesn't reach past NSYNC or Backstreet Boys?  Not a good combination.  I also do not believe that this compilation is worth calling ""The first 1000 years.""  First 1000 years?  More like the last ten years!  First, music wasn't around 1000 years ago, but rather MTV decided to put it, because the super-duper millenium was coming to an end.  And MTV, if you're going to make a compilation of the best rock songs of all time, leave Beck, Garbage, and INXS off of it.  What happened to Hendrix, Led Zeppelin, The Doors, The Who, Metallica, or even Nirvana?  Are they not what you call the best rock of the past 1000 years?  You might as well put Michael Jackson on this comp.  I'm guessing that MTV wanted to make this compilation aimed at the younger generation, like everything else that MTV does.  Songs by Metallica and Nirvana would scare away the pre-pubescent teenyboppers that surround MTV Studios everyday.  The bottom line: DO NOT, I repeat, DO NOT purchase this album.  It's just another way for MTV to make money, and thats why this compilation, and MTV for that matter, is horrible.",negative
"THE MUSIC ON THIS DVD IS GOOD. THE VIDEO PORTION WILL GIVE YOU MOTION SICKNESS. THE VIDEO EDITING IS TERRIBLE.

IT'S SO CHOPPY THAT EACH SCENEIS ABOUT 1 TO 2 SECONDS.IT STILL AMAZES ME THAT IN THIS DAY AND AGE WE STILL HAVE A TON OF VIDEO EDITORS THAT THINK THAT 50 DIFFERENT CAMERA ANGLES EVEY MINUTE MAKES FOR A WATCHABLE SHOW. IF YOU LIKE THAT KIND OF CONCERT FILMING, THEN THIS SHOW IS FOR YOU.",negative
"No. Seriously people. This has to be a joke, A ""best of"" Shaq??? Oh please God have mercy of us.",negative
"First of all, I respect Her talent because a lot of artist can not play piano.  On the Album.  This CD is garbage period.  She tries to hard to be different, and just makes a mess of it.  She seems to be experimenting with a sound that is horrible.  ""You don't know my name"" is the only good track.  This album is just not consistent track after track. Oh, one more thing, her record company really needs to find her some good song writers and producers,because she don't understand the art of songwriting.  I'm not hating, just stating my honest opinion.  Save your money.",negative
"NOT IMPRESSED.

I was expecting a lot from this legendary band but this albums sounds like a cheap copy of the Who. I highly DO NOT recommend this album. If you want to hear a raw garage band type of album without any crisp guitaring or vocals, get this. Vedder sounds the same. Have you heard spin the black circle? This whole album sounds like that, but a lot more worse. Where are the solos, Mike McCrady?

If I could give this a ZERO, I would.

- Andy",negative
"*Puts in -The Jester Race-, computer plays ""Moonshield""*

*sighs* ""Ahhh...this is nice""

I remember doing the same thing with Linkin Park. Though I never made the mistake of buying any of their records (I was almost going to with this one), I remember the days where I would play one of their songs right on my computer. I would then end up going out with my parents and turning on the radio to either 104.9 or 107.7 (Seattle peeps know what I'm talking about) and I would end up hearing the same, if not another, Linkin Park song. I felt like I was popular and that I was listening to good music.

Then In Flames hit me, and I grew into them. I then searched more of them and soon enough Metal began to consume me. I really distanced myself from this and began to despise it with each passing day. Now...now I just pity it. If I remember correctly, the power of the band relied on the vocals, not the guitarists; playing their power chords end on end.

There is much more out there in the world than this. People who still like this are still stuck with MTV, there is no denying it.  I mean c'mon, collaborating with that leech Jay-Z was our sign to move on.",negative
"I keep the song on Mute,but watching J-Lo's take on ""Flashdance"" is nice on the eyes. She can't sing Herself out of a paperbag but the video is worth the pain of hearing her voice.",negative
"We all know there are a bunch of terrible nu-metal cds to come out from 1998-2003.  Thankfully, it's pretty much died out.  Although I never really cared for Drowning Pool because most of the stuff was generic as hell, the songwriting wasn't completely terrible, but this cd is god-awful.  It's sad that they kept the same name and got some chump to fill in.  It's funny that they have to put a hot chic on their album cover to try and push more units.  The band, if anything spiraled down even further with the new singer, maybe I'm biased because nu-metal almost single handedly ruined me on heavy music, but still, he's terrible.  The one band that got thrown in the nu-metal mixing bowl that totally didn't deserve it was Mushroomhead.  Those guys are amazing musicians that were (and still are) doing something very unique.  So, for all of you parachute pants wearing pony nob hot topic kids, remember nu-metal is dead, and it's not coming back hopefully for a long time, check out some up and coming labels for hardcore/punk/metal such as ferret, facedown, and abacus.",negative
"Watching TVONE's ""Unsung"" on Gil, I was most intrigued by the fact that Hitmaker, Clive Davis, selected him as one of the first 3 artists he signed to Arista in 1975. Clive has always been a big supporter of Patti smith so maybe this wasn't as much as a leap as it seems considering the hard line commercialism he has been best known for in the last several decades. I have always been interested in heron, but, now I understand why subliminally I have never bought or owned any of his records. The clue lies in one track he recorded here that is truly despicable. And extremely disappointing. I am now thankful I do not own any of his albums though I had direct access to have his entire Arista catalog at will. Funny how life plays out however. Mr. Scott heron died a very sad death. Though it seems his publicist(s) or people handling his obituary struggle to conceal just what took him out. He left behind children that were clearly incapable of a healthy parent/child relationship with Gil because drugs consumed his very existence for most of the latter part of his life. Is it irony or karma that had the final word? We may never know. But I do know I am thankful that I do not own any of his discography. For that, I am deeply grateful. I cannot even say r.i.p. because as a line from a famous movie states, so succinctly, ""frankly my dear, I don't give a damn"".",negative
"The audio for this was completely remastered. and some will think that remastered is a good thing. it. is. NOT.
the Sound was so digital and the guitars were way to our in front. Compared to the original recording it is.. THERE IS NO COMPARISON.
there should be clearly stated that this is remastered and there should be a poll taken. Remastered or original recording... I would have to guess that most people would vote ORIGINAL!!!!",negative
"I just wanted the song.....Stars are Blind........instead I got

a mixture of horrible music, and a part where Paris sings part of the song, but the mix is so bad, I'm sorry I wasted my money.

I bought the CD.  I suppose I should have bought the DVD then I would have heard the song I wanted to hear, but I'd still get the same mix music that is on the CD.  Save your money!!  I like Paris, and her song, but I don't advise anyone to buy the CD.",negative
Hugely disappointing CD from Madonna.  Contains 1 good song 'I'm Addicted'.  The rest is so generic and makes her lack of range so obvious.,negative
"Nirvana is one of the most overrated band of all-time and all the songs on here sound so dated that it sounds funny. Nirvana's songs didn't stand the test of time in my opinion. If Kurt Cobain had lived Nirvana would be completely forgotten by now. I liked them in the '90s, but all the '90s grunge bands just seem pathetic anymore.",negative
"EVEN LOSTPROPHETS has the balls to make okay-descent, or at least boring, music. This actually makes Weapons a tolerable album, and it makes the horribly trashy out-of-place song ""Weapons"" by Lostprophets tolerable compared to ANY TRACK this piece of smelly diarrhea broth molted gutter floth mucus infested garbage, and I don't need to put a review of any more of their records to tell you the truth, because those albums are EXACTLY just as bad as this pile of messy diarrhea clutter, and I though Lostprophets, The Used, and Thursday were horrible enough. Those bands have the balls to at least be descent and okay in appearance. Not this messy clutter filled with gutter. Alongside the horribly high-pitched screaming and extremely horrible yelling that lasts as long as fifteen million millenniums, this band has extremely huge boat loads of bad lyric placement, and hell-bent much worse than ""Jesus Walks"" by Lostprophets, ""Who Says You Cant Go Home"" by Bon Jovi, and ""Just Got Started Loving You"" by James Otto, who are all artists who at least have quality and the balls to not mess up on any other song, except for Lostprophets who actually have one awesome song. This bands music is satanic and obnoxiously rude and extremely offensive to punk rock. I tried so hard not to hate this band, but after I heard that DIARRHEA BROTH track ""Death Sex"", I had to check out everything else of this band's to see if my thoughts, already fenced as horrible, were actually fact. THEYRE TRULY A TERRIBLE BAND. I'm just glad they're not a post-hardcore, emo-screamo band, and even THEY have the balls to make at least descent music. This just makes me have to be careful when checking out ANY OTHER BAND. I'm also glad I never knew about this horrible band until now, so of course I don't have even worse piles of fecal matter in my CD collection, buying Lostprophets without knowing THEY were terrible is enough. I found this band while looking at Alkaline Trio on my Spotify account. ALKALINE TRIO IS EXCELLENT, in fact, They hold one of the best albums of 2013, one place in which this band will NEVER IN A GOOGLE LIFETIMES EVER accomplish. This band is offensive to me not only musically, but personally. I felt like using so much profanity and also felt like flipping off this band, especially Brody Dalle, whom I also wanted to either throw off a cliff or throw rocks at, when I heard this. If you want GOOD punk rock and GOOD underground bands, IGNORE THIS PILE OF GUSHED MOSH OF BULCH AND DIARRHEA and focus on The Material, Diffuser, This Time Next Year, Alkaline Trio, Banner Pilot, Tonight Alive, Simple Plan, All Time Low, MxPx, Blink-182, Darling Parade,  Neck Deep, Off With Their Heads, New Found Glory, Midtown, Maxeen, Paramore, A Day To Remember, Sleeping With Sirens, Jimmy Eat World, and any other punk rock band except this PILE OF GUTTER PLASTED TOXIC FECAL MATTER LIQUID TRASH.  The Distillers, you have been brought to the gates of hell to stay eternally. THIS DESERVES NO PRAISE, IF YOU REVIEW THIS, PUT A 1 STAR, IN FACT, IGNORE THIS ALBUM AT ALL COSTS, because lets face it, THIS BAND SUCKS!!! CURSE THIS BAND AND ROT THIS ALBUM TO PIECES.",negative
Terrible product. Nothing to do with the music its the mastering. This CD is mastered so loud its clipping and distorting constantly. Absolutely horrible mastering of this CD. I don't know why everyone thinks loud is better. There are zero dynamics on this disc and the volume is cranked so high that its a trebly fuzzed out mess - not sound. Worst CD production I have ever heard. I have a coume knob on my amplifier - I can dial in all the volume I need. This CD is the worst offender of distorted clipped mastering I have ever heard. Unlistenable. What an amateur mastering job.,negative
"I really liked Ellie's first album. I listen to it often, Halcyon however was not to my liking. Halcyon did not have the upbeat energy that Lights had. The songs were ""darker"" and the melodies nowhere near as catchy. But I can see how someone would prefer Halcyon over Lights. Notice how I said Halcyon was not to my liking. I never said it was a bad album. Which brings us to Delirium, this album is absolutely soul less corporate trash. There are only 3 songs here that are good tunes, good enough to be in the Lights album. The rest of the album pretty much sounds the same, most of the songs feel like extensions of the previous one. Really disappointed with Ellie's new album. Played this CD once, and that is the last time I play it. The album cover is so raunchy, what is it supposed to be? I can think of only one thing.",negative
"There was a time when I supported & defended Diana Ross no matter what she did. I even rode with her through the RCA years. I have purchased every CD/album she has ever done and I must say I am now to the point of finally giving up. Miss Ross obviously expects us to lower our standards and expectations of what a singer should be, which I refuse to do since I know the talent is there somewhere. She has drifted to the point of being in the no talent M Carey club and expects this to be enough. Who would have thought after waiting all this time she would give us something like this. All of the little pop favorites just don't seem to do it. What a terrible selection of songs, especially ""Crazy Little Thing Called Love"" which I think they may have forgotten to put on her ""Eaten Alive"" album.

Well, maybe in another 7 years.",negative
"Thought this might be great after listening to Superlove but this album is just another wash of tuneless drivel. It's vaguely 80s sounding but without any of the life or energy of the music from that era. It's boring, bland, lifeless, not catchy in the slightest and pretty damn unlistenable. Most of the songs sound like they're starting from the middle and barely reach past a forgettable mid-tempo lull. Thankfully, I was able to stream it all or I would have wasted good money.

Comparisons have been made to Adele but she doesn't have near the talent.",negative
"Nirvana is one of the most overrated band of all-time and all the songs on here sound so dated that it sounds funny. Nirvana's songs didn't stand the test of time in my opinion. If Kurt Cobain had lived Nirvana would be completely forgotten by now. I liked them in the '90s, but all the '90s grunge bands just seem pathetic anymore.",negative
"Wow. These guys are so hyped, and even though they are part of the Finn. Goth scene(which annoys me to DEATH) I figured being a musician I had to check out at least the keyboards and guitar.

They are amazing, but what is up with this singer. Come on dude take some lessons and become a musician, you are pathetic. This album is good and thrash-y, but the vocals just completly ruined it for me, they would be better as an instrumental band.

Now some will say ""Oh, dude your a poser, you can't handle it, it's to heavy for you."" Well your so wrong. This is not to heavy for me. But it is sad that someone with such talent had to go and find a singer like this. These guys could really give classic shredders(Where to begin, Zakk, Randy, Eddie...) something to get into, but again the vocals in todays metal are exactly the opposite. There are almost none. Now Shadows Fall has it down perfect, YELLING like a man not SCREAMING like a five year old girl. Slipknot(Yes I consider them THRASH metal, not death metal or nu-metal) who actually has a good singer with pipes that could save his life, makes better music for it.(Too bad the guitarists couldn't hold up a candle to this) For those who do not share this opinion, I'm sorry to bash on you hardcore fans. I know what it is like to have my favorite band be demorilized. So in the end, good stuff, but if they had a real singer(Again where to begin, DLR, Ozzy...) this would be top of the line, Rap/Hip-Hop era ending record breaking,album selling top of the line balls to the wall no sellout metal. If you don't agree tell me what you think, I'm interested.",negative
"He thinks he is all that he needs to go and learn music,,,he sucks and the cd does too,,,The one to get ids Brandy that new joint is straight fire...not this clown",negative
It sucks i thought it would sound different than staic X but instead it just sounds like a more lame commercial version of it.,negative
"Beware all 2-channel audiophile enthusiasts!  Even though the back cover and booklet of the ELP Brain Salad Surgery DVD-A note a 2 channel mix is available, a 2 channel mix is not available on the disc.  The menu offers a 5.1 audio option, and for the video portion, a 2 channel mix.",negative
