reviewText,label
"I loved the Monkees and think that Michael Nesmith, as a solo artist, is superb!  Besides his wonderful voice he is quirky, clever and so much fun to listen to.",positive
Frank is in fantastic voice on this CD. Especially enjoyed the song: With Every Breath I Take!  Only CD I could find this song on.,positive
"This is a great product. It's totally Roger Waters, but with the kind of biting, contemporary (even though nearly
20 years old) lyrics that we saw in The Wall and The Final Cut. And with a handful of live cuts to boot. Songs such as ""Flickering Flame"" and ""Each Small Candle"" are as good as anything he's written. Certainly a must have for the Roger Waters fan.",positive
"With their major label debut, the Avett Bros. should hopefully be receiving even more attention than before, and well deserved it will be.  The new album, I and Love and You, contains all of the good things that the Brothers represent, musically.  There are satisfying harmonies, some great playing of instruments (primarily acoustic), and most of all, a very good baker's dozen of new tunes.  Style-wise, the band's music is often considered New Folk, or Americana, or another roots-based category.  For me, I prefer to just put them in a ""favorite songs"" category and leave it at that.  So we do get a fair share of 6-string, banjo, piano, and even the occasional tuba, but the instrumentation is in service of the good songs.  (It's not all acoustic.  A few cuts such as ""Kick Drum Heart"" and ""Slight Figure of Speech"" have a more standard rock sound.)  Perhaps one fear Avett fans had about the jump to a major was that they would be paired up with a producer who would water down their music, but Rick Rubin did a terrific job with I and Love and You.  In this day of so many overproduced recordings, it's nice to hear a pure and clean version of the Avett Brothers that allows all of their joy in the music to come out.",positive
love it,positive
"I have this on vinyl, but I needed it for the car and for work.  Heather is amazing.",positive
"I love Judy Collins and her music.  Her first Christmas album here was released in 1994.  The arrangements with which these songs are recorded is SUPERB!  The title track is a song Judy wrote herself and is simply stunning.  Most of the other songs here are light, pretty, calming, and classfully done.  The exceptions are ""Joy To The World"" and ""Good King Wenceslas"" which are more uptempo and full in their song structure.  Judy's classic ""Amazing Grace"" closes out the album in a different arrangement than the original. It's the perfect CD to insert into your player when the lights in your home are turned off and the Christmas tree, candles, and other decorations are lite up on a peaceful winter's night.  A classy Christmas CD indeed from a classy lady, and heartily recommended.",positive
Many great memories.,positive
"You probably know by now if you like RUSH, but you might not yet realize how much. The audio quality of this remastered vinyl is nothing short of astonishing. The space, clarity, separation, and complete lack of background noise is enthralling. Frankly, this blows away all of the other high-quality LPs I own. The vinyl itself is heavy, impeccably packaged, and comes with an awesome sticker.

I've submitted this review for Fly By Night, the first in this series of reissues, but the same is true of at least 2112, Farewell To Kings, Hemispheres, Permanent Waves, and Moving Pictures.",positive
"This was the first S&G album I ever heard and I think it's probably their best work. Simon's lyrics have rarely been more crisp, and the haunting refrain of loneliness touches every song on this album. The bonus tracks are largely filler compared with the rest of the album, but this is quintessential folk rock at its apex.",positive
"Nichole Nordeman has released an extra project that is a live, acoustic arrangement of some of her best songs.  The funny things is, while not changing a word or chord, they sound even more personal and honest with fewer instruments.
The song selection seems a little heavy on her latest release, with half the songs coming from it (""Holy,"" ""I Am,"" ""Legacy,"" and ""My Offering"").  I'm especially glad to have the version of ""Holy"" she played at this year's Dove Awards.  Probably the biggest misstep on here is the new version of ""Is it Any Wonder.""  I've never been a fan of that song, and this does nothing to change me mind.  Also included are ""To Know You,"" ""Fool for You,"" and one new song, ""Time After Time.""
If you've never heard this gifted artist, this CD is a good introduction to Nichole's work.  Long time fans will also enjoy having these slightly different versions of favorite songs.",positive
"Let's accept the fact...

They are signed to Decaydance/Fueled By Ramen, an ""indie"" label

They got signed without playing a single show

They got hyped by their comrades in Fall Out Boy

But...

This is still a great CD! Is it geared to teens? yes. can everyone enjoy it? yes. This album is a ""safe"" album concerning, lyrics, but the lyrics are great! they are fun and poetic, and just make the song. Musically however this is testing boundries, accordians? synths? when the last time you heard that in a rock album? This is not a hardcore album, anyone who thinks it is should be shot, Panic! At the Disco made a solid album that is fun to listen to. Which doesn't to be appreciated anymore...

Introduction-2.5/5 Does it's job gets you ready to hear some Panic! At the Disco, not to good not to bad.

The only Difference-4/5 Great opener! gives you a good idea of what your're about to hear, the techno break after the second chorus is so awsome.

London Beckoned-3.5 A little repetitive. If they had turned the Synth up a little, i think it would sound better.

Nails for Breakfast-4/5 This song will grow on you, at firt i didn't think it was so great, but it really is catchy, the chorus is irresistable! Nice blend of techno over all

Camisado-3/5 The Chorus saves this song, other then that the relativley forgetable

Time to Dance-5/5 The perfect blend of rock and techno, this is the first P!ATD song i ver heard and i am very impressed.

Lying is....-4/5 Nice lyrics, solid chorus, i don't care so much for the music as much on this one, but it's pretty cool, just a little bit of a let down after the amazing time to dance.

Intermission-4.5/5 In the intermission, the song changes from techno, to classical piano echoing exactly what happens in the album.

But It's Better...-4.5/5 Great opener for second half of the album, gives you P!ATD second sound

I write in...-5/5 First single, saw the video, bought album that simple

I constantly thank god...-3.5 Sweet lyrics, music nice, nothing special.

There's a reason...-5/5 Amazing, A swing song! this is what musical experimentation should be.

Build God...-4.5/5 Nice Instumentation, i even hea a little bit Queens in here...great!

So, it's solid! Believe me...I'm know Pop-radio listening teen, but i'm not completely indie either, either way, IT DOESN""T MATTER, THIS ALBUM IS GREAT GET IT!",positive
"I've had this recording, in one form or another, since the early 80's and I've listened to it more times than I can count. It's good to see Paul's still going strong. This is one of his best! Great songs and plenty of hooks.",positive
"For all the music you gave us, for all the great guitar and for all the songs you had yet to sing for us...Chris, you will be missed by your fans.  May you rest in peace.",positive
I love this song and it arrived early.,positive
"Yes it`s true, in this album we notice a change in their sound. Sometimes "" Some Cities"" sounds like it was composed for a movie soundtrack,but those songs are really good ones,well written, well played. This album is mellower than their predecessors and it grows on you after repetitive listens. My personal favourites are One of these days, Walk on fire and Almost forgot myself. Some reviewers expected some kind of ""Lost Souls III"" because it`s their masterpiece but i think every band must evolve, put out new ideas with every next album,and the Doves have flied the right direction. One objection, Jez should NEVER sing, his gives his best playing guitar, Shadows of salford should`nt be in the tracklist.",positive
fast and efficient,positive
A classic of modern jam based psychedelic surf music.,positive
"Can't remember if it was new or used, but all is good. Good condition and good music.",positive
Loving this cd.,positive
"More of a techno-tune fantasy than the bubbly candy land music of Willy Wonka, Danny Elfman's fantastic and original score for Tim Burton's Charlie & The Chocolate Factory is possibly one of the best soundtracks ever from the legendary composer. I've been a huge fan of Elfman, everything from Simpsons to Sleepy Hollow. Hints of Edward Scissorhands and Mars Attacks prevail throughout the running time. Starting off with the up tone antics of 'Wonka's Welcome Song' and the 'Augustus Gloop' and 'Violet Beuregarde' theme tunes, the highlight is track 7: Wonka's First Shop. Equally impressive is 'The Indian Palace' and the charming 'Wheels in Motion'. This is the soundtrack that Danny Elfman was born to compose, combining some previous scores while infusing it's own unique blend of quirky fun. CTCF is one of those soundtracks that make you want to watch the movie even more, and this is a great accompanying soundtrack. Charlie's Birthday Bar and The Golden Ticket/Factory combined with the effortless wit and sparkle of Chocolate Explorers and Loompa Land; this is the soundtrack that all enthusiasts must own. While not as memorable as the classic Bricusse and Newley 1971 oompa-loompa original, given time it will be remembered as one of the best soundtracks ever. This is a must for Elfman and Burton fans, and a great addition to my already extensive Elfman collection.",positive
Thank you!,positive
"This band had some great people in it, and this album shows off just how good they all were. There is something hilarious about the classification of this band now, as they are sometimes referred to as ""goth"". This band certainly was, but this is not your later goth stuff. This is goth that would kick the sh#% out of future weepy goth bands with a sense of humor about the dark and evil tones that Anton LeVay would be proud of. A Great Album.",positive
All Timbaland hits in one CD.  Awesome!,positive
Excellent music & songs!,positive
"This is one of my favorite cd. I love the vocals of Amel Larrieux. This was the start of my love affair with neo soul music and Amel. Amel has two solo releases that are just beautiful music inside and out. I think alot of people fell for Groove Theory when they heard Tell Me. I pulled it out last weekend for a house party and everyone stood up and danced. The crowd was like ""Oh yeah, hey, I remember this joint"". It was so good to hear it again. Ten years later and that songs still rocks. Must have for any collection.",positive
"I received this at no cost as we bought tickets to his concert on 4/17/15 in Indy at Bankers Life Fieldhouse (home of the Indiana Pacers)

We've been a big fans of Neil's since the mid 1970's - this album sounds like some of his earlier work which is not surprising since many of the song ideas (and some were even partially written decades ago) are very old. He is in very good voice (unlike Barry Manilow who's new album shows off his voice in decline somewhat). Many of the songs have his earlier sound meaning the sound is not as 'thick' as many of his best known songs as known for.

I really liked 'Melody Road', 'First Time, 'Something Blue', 'In Better Days' and 'Marry Me Now' but all the songs are at the very least interesting to listen to.

I would rate this a very strong 8.25 to 8.75 out of 10 - strongly recommended!",positive
Like the cd alot,positive
"I think I could cry, because living as far away from New York City as possible is bad for me. I never got the chance to see the probable wonder that was Tick Tick Boom onstage. Being a fan of Jonathan Larson's Rent, I came across Tick Tick Boom. I read that it had similarities to Rent, but was it's own show. And how right it was. Tick Tick Boom has the same spirit and vibe that Rent has, but their two entirely different shows. The three member cast (Jerry Dixon, Amy Spanger, & Raul Esparza) all are gifted with beautiful voices. All the songs in the show are great, but highlights for me are Green Green Dress, No More, the hilarious and fun to sing Therapy, and the powerful Louder than Words. Also, and I'm glad this is on the disc, but a major highlight is Jonathan Larson himself singing Boho Days. Tick Tick Boom showcases Jonathan Larson's talent and love for music, and I will always be a fan.",positive
"Dimension Hatross is a masterpiece by the Quebecois quartet that I never get tired listening to. This is Voivod's best album and was way ahead of it's time when released in 1988. I love the conceptual storyline the album follows and Piggy has so many memorable riffs song after song, it's just ridiculous. After releasing their follow-up album Nothingface, I remember a tour in 1990 that Voivod headlined with Soundgarden and Faith No More opening up for them. How awesome is that? In 2002, Jason Newsted leaves Metallica to join Voivod. That's the type of respect Voivod has garnered in the underground scene and Dimension Hatross is the album that separated them from the pack in the late 80's.",positive
Every song on this album ticks all the boxes. It's on non-stop rotation in my car at the moment even replacing my beloved JJJ!,positive
"This solo project(which should've been released, who knows what it might have done), this record places Karen's voice in different settings from Pop\rock, disco,& country and there was a very 'happy' sound in Karen's voice, listen to 'Lovelines', 'If I Had You'. I love this lady's voice and I miss it!",positive
"Just want to add my 5-stars to the discussion. These are great and beautifully played renditions. Are they perfect? Maybe not, but I don't look for perfection, just honesty, committment, sincerity, and a sense that the artists involved are trying to show these works in a way that is individual and interesting. That is all here in spades. As for the sound, I think it's a very good analog sound; that is to say, glare in the treble, not very strong in the bass frequencies with amazing detail and impact. Just like most LPs sounded like then. Personally, I think it's wonderful. So, put the bass up and enjoy! The packaging is a drawback, but I don't delete stars for that.",positive
"IMHO, one of the best Alice Cooper Albums of all time. There isn't a song on here that I don't like!",positive
"loved it, it was a great price and came very quickly. You all always got what I want and need... thanks",positive
"Truly a unique, energetic, inspired, and fun record. The band pans this, many fans pan it. Well if you can think for yourself I suggest you buy this. It is pricey, but well worth it. It is rare, and beautiful, in the collecting and musical  sense. Find this and buy it. You won't be disappointed. Not one weak song on here, just pure unadulterated passionate punk music. Robby on vocals, the original singer, who made their early music great. Along with ""jed"" this record stands the test of time as being one of the best examples of what quality low fi music is all about, and the blueprint for the start of a great rock band... Unfortunately, after ""jed"" this band slipped into mediocrity in my opinion. They started allowing Johnny to do most of the vocals and song writing  and in effect ruined the indie punk spirit that was once there. Sure they sold alot of records with their new style and still do . they wow the young girls, but they sold out their musical vision plain and simple. Do not buy anything after ""jed"" if you are like me, a true music fan. This has to be one of the best indie/punk records of all time...",positive
"What can I say if you're a Joe Cocker fan ~ just purchase this great CD!
Arrived in perfect condition as packaged very well. (Always worry about CD's in
the mail!)
JJ",positive
"Let's get the bad out of the way here...as others have noted, this collection does not include any SACDs. Whomever is responsible for this should be sacked and shame on Warner or anyone else responsible. I would not have purchased this if I'd known this in advance. When I look at my account at the item shipped, it still shows that I was shipped SACDs. This is false advertising.

Now the good...if you have a hybrid player and an amp that supports SACD, more than likely you can also play the DTS 96/24 5.1 mix. Again, when I bought this, it did not mention the 96/24 aspect.

Trust me, once you've heard this mix, you'll forget all about the SACD. It might be better, it might not, but for most ears, it really would not make a difference, and with the DVD version, you get the extra live footage. You also get the Lamb live slide show while it plays, along with stills and some grainy live video from that tour. That is a wonderful treat.

But beyond the extras, it is the sound of the original recordings. The Dolby Digital is fine, but for my ears, the DTS 96/24 is exceptional. I hear everything I'm used to hearing, though with far greater definition and I also hear things I never heard before. This is especially true of backing vocals, percussion, nylon guitar and subtleties that were either too far back or simply lost in the wash. There is also the added bonus of no distortion on the mellotron, which was always there on the vinyl, except, perhaps for the first listen.

I would suggest not buying this box if you cannot take advantage of the DTS 96/24 5.1 sound. I won't even bother with the stereo mixes. If you've got the gear, this is a great thing to own. It blows every other version you've heard away.",positive
well lets forget about the movie .even though dennis leary has some good one lineres.this is one of the best albums that mixes rap with any style of music that is in todays medium as far as i can see. you got rap meets metal(well we know that formula)rap meets grunge(well thats some what dated but cool)rap meet hard core (how it should be done )rap meets indi(only done the best way)rap meets progessive(you won't belive your ears)rap meets trip hop(just amazing)rap meets polically correct(how can it be)so to put it the many formulas of this style is here for you[r] listening pleasure....,positive
"This is Humble Pie's third album ""Humble Pie"". I've had the LP for many decades. I finally bought the CD version. No extra songs though. Peter Frampton and Steve Marriot both play heavy lead guitars on much of it. Almost as good as their fourth album, ""Rock On"".",positive
"I grew up on the album...it is and will always be one of my favorites of all time. Every song is a gem...nuff' said. Buy it, enjoy!!",positive
"If you love Copland (and I do) the CD is a must. I especially love ""Grovers Corners.""",positive
"Phenominal, especially on a Saturday...cleaning, moving around the house and grooving all at the same time. She can't fail and you won't either if you purchase this. I love it.",positive
always was my favorite,positive
One of my favorite cds of alltime every song is amazing Sean Peck is one of the greatest metal singers just as good as Rob Halford i don't understand why they're not as famous as they should be..,positive
"If you want to know Motown sound, this is it.  Of course, the company keeps on thriving after 1960s, but everythimg started here.
The show is full of now unforgettable sound; from the starting act of Junior Walker's ""Shotgun,"" the exciting music does not stop. Super-cool ""My Girl"" follows and look at how The Temptations sing. There is The Supremes, Martha and the Vandellas, the Four Tops, singing with the dancing girls who, using a little gimmick, suddenly disappear from the stage (!); there is Smokey Robinson and the Miracles (singing the song late George Harrsion sang in ""With the Beatles"") and of course, Marvin Gaye. You know many songs, and even if you don't, the sound is so irresitible that you will find your feet  stamping to the sound.
And the greatest merit of watching this show is, I think, you can see the artists really sing (without lip-sync).  The inclusion of The Blossoms seems strange, but it is a good thing to watch one of the most underrated group perform ""Dancing in the Street"" with Darling Love as lead vocal.  Love, now remembered by some as a regular in ""Lethal Weapon"" series (as wife of Danny Glover's character), is actually one of the best singers the music industry neglected, and you will recognize that fact with this video. Don't you ever think that old, black-and-white TV program cannot excite you.  It's, to me, much better than 10 hours of MTV! Don't miss it!",positive
read reviews & sample online to ensure YOU like it,positive
Great stuff,positive
"Duran Duran reunited after 17+ years of being apart. Wembley Arena. 100,000 screaming fans. Five musicians at the top of their game, at the height of their powers after amazing, groundbreaking careers. First-class sound, crystal-clear picture, unvelievable special features. Commentary by the artists regarding each song. A bonus CD of the concert. Glasses included for watching a 3-d video. A booklet with great pictures commemorating the night.

Overall, a remarkable DVD. A landmark musical event. This concert is essential viewing for any music fan.

Five stars!",positive
great cd with great audio quality for older music,positive
Great garage music. Been wanting this for some time. Billy Gibbons and his band deliver rocking garage and psyche tunes for your listening pleasure.,positive
Great stuff - have all other Boz Scaggs music but not this and wow - great surprise the more blues and jazz interpretations of great songs are just like being at a live concert.,positive
Yeah its true appetite for destruction is iron nails of rocknroll. Album released in late 80's and in these days there were glam kids all around. Gnr kicked their ass so bad. All kids guitar players were putting their mothers make up while slash was kicking their ass with his raw and angry emotions. This albums is in the same level with Led zeppelin 4-Aerosmith Rocks-Rolling Stones Exile on main street or Acdc Highway to Hell. Steven adlers drumming is so dynamic. Duff's bass is beating like heart of th devil. Most of the songs are written by izzy stradlin and axl rose. And slash's joe perry type of playing is adding nice texture to album. Just buy the album you won't regret i promise.,positive
"Barbara was a less dramatic singer than label mate Aretha Franklin, but she was a top quality soul singer with a wonderful, clear, soprano voice. She had three big American hits, these being Hello stranger, Baby I'm yours and Make me your baby. Although Hello stranger was the biggest hit, Baby I'm yours has spawned more cover versions and is probably the most familiar song.
Someday we're gonna love again failed to chart, but the Searchers covered it and had a British hit with it. Another chart failure, Don't forget about me, was covered by Dusty Springfield who had a minor American hit with it. The Shirelles influenced Barbara strongly, even to the extent that My mama told me (the second track here) owes a lot to the Shirelles song Mama said.
Barbara Lewis is one of many singers who have largely been forgotten. This collection proves that she had the talent to be a major star. If you enjoy sixties soul music and you want to look beyond the famous names, this is for you.",positive
"Kathy Griffin is one of the funniest and most daring comedians you will ever experience. Her mockery of celebrities is as legendary as her catchphrase ""Where my gays at?"" and her self-proclaimed D-list status.

For Your Consideration is the first - believe it or not - audio only release of her career. She has released a stand-up comedy DVD before, but never a CD. This is difficult to fathom, given how long she has been in the industry, and you may wonder why she would only choose to record one now. Well, things soon become clear as soon as you see the cover of the CD. On it, Griffin is seen standing behind a podium, next to the Grammy Award that she has just won.

That's right, her only reason for recording the CD - apart from to give her fans a little something extra - is to try and garner a Grammy Award nomination for Best Spoken Word or Best Comedy Album or then again, both; to add to the Emmy she won last year for her excellent reality series, My Life on the D-List. This may seem overly ambitious, but having listened to the CD, it seems that she definitely has a chance of receiving a nomination.

The CD was recorded in Tracy, Calfornia, the hometown of her assistant, Tiffany, and it is absolutely hilarious. In it, Griffin pokes fun at numerous celebrities, including various new ones that she has not spoken about before - although all the while going after her usual targets - and also discusses her continued status as a D-list celebrity as well as her Mother and how she is coping after the death of Griffin's Father.

For Your Consideration is already a huge hit in the U.S, having entered at number 1 on the Billboard Comedy Chart and number 85 - the highest debut since Joan Rivers' ""What Becomes a Semi-Legend Most?"" in 1983 - on the Billboard 200, which is almost exclusively a music chart.

If you have never heard of Kathy Griffin, then this is an excellent introduction to the flame haired Hellraiser. However, if you have heard of her - and especially if you are a big fan - then this CD is perfect for you. It features Griffin at her very best: hysterically funny and biting, mercilessly attacking even the most powerful of public figures - including Oprah Winfrey, Steven Spielberg, Celine Dion, Barbara Walters and many more - and laughing in the process.

She discusses her ""rebanning"" from The View, which occurred after she made a seemingly innocent joke about the show's host Barbara Walters during one of her stand-up specials; her Mother's obsession with wine and saving money, her views on Oprah Winfrey ruling the world as well as the Osmonds - whom she claims were never, ever cool - and her now ex-boyfriend, Steve Wozniak, the founder of Apple Computers.

For Your Consideration is a fantastic little gem that should not be missed by anyone! If there is any justice in the world, Griffin will indeed get herself a Grammy nomination will hopefully walk away with the prize as well. She certainly deserves it.",positive
Thank you!:),positive
"Gotta Love this woman.  She is fantastic.  The amount of energy she puts out is contagious.  Her clothing and make-up, superb.  She pulls you in from the first note and keeps you riveted to the last and then leaves you waiting for more.  You should give this a try, I think you will be pleasantly surprised.",positive
"I heard ""Missing You"" on the radio.  The original on the album, and the entire album for that matter, has much more of a folk sound.  That said, I liked it ever better.  Sweet lyrics and a beautiful voice.  The final track on the album is the radio version of ""Missing You.""
Buy this album.",positive
"I always enjoy hearing how an artist breaks away from his or her traditional ""expected style.""  In this recording  Sting brings the rustic,  rough, and boisterous sounds of a shipping community in England - going back to visit his roots. I've enjoyed listening to his creative work.",positive
"Mitch Easter's best album.  And considering this guy's previous output, that's really saying something.  It's sad that this album has thus far been mostly unnoticed because Dynamico is an incredible pop/rock album chock full of killer guitars and Easter's signature sound.  Highly recommended.",positive
"The absolute best.  Soloists and orchestra are superb.  Stake your operatic life on this one.  Del Monaco IS Otello and von Karajan's orchestra is stupendous.  If you're not blown away by this recording for the ages, switch to listening to operettaa",positive
"Awesome album, great price . . .",positive
What can I say?  It's the Kinks!,positive
"Following the release of Tattoo, most fans would have perhaps been a little nervous about the impending ""A Different Kind of Truth"". It's been a long time since anybody has heard any new music from the Van Halen camp, and despite the fact that David Lee Roth had returned to the fold, there really wasn't much talk about the new material at all, apart from the odd live performance where they showcased the odd ""new"" song.  Even though the aforementioned Tattoo didn't break any new musical boundaries, it did prove one thing, that Eddie has definitely still got it and in my opinion, playing better than ever. We all remember the ill-fated Van Halen 3 effort. I saw the band live with Gary Cherone and for the most part, Eddie seemed sloppy and past it all. I was really dissapointed. Fast forward to 2012 and what we have here is a very different kind of Van Halen indeed. The music is heavy, fresh and very classic Van Halen. Some will critisize the fact that the band have re-hashed old songs but you know what, who cares? Comparing this material to the Sammy era is not worth the effort, the band has been totally re-born and it's in many ways different to even the original DLR fronted years. As a Van Halen fan from day dot, this is trully a breath of fresh air. As suggested by other reviewers, this album is fun and just cool sounding. You get so engrossed with what's happening musically that lyrically, it's almost insignificant. It all melds into one angry sounding beast. I'm going to have a stab here and suggest that ""Honeybabysweetydoll"" is one of the toughest sounding songs these boys have ever penned. Perhaps the most sobering thought is the mere fact that one Edward Van Halen has just reminded us all why he has been and always will be one of the most revered and influential guitarists of all time, and the single reason why many axe heroes we know today bothered to pick up the guitar in the first place. Welcome back Eddie, it's been too long between drinks......bottoms up boys.",positive
"As with each Tool album, this is a musical journey that is up to the listener to interpret based on their own individuality.  The review format doesn't really serve well for any of Tool's material since they are so different in how they approach creating their music and the artwork that compliments their music.  I love Tool, but that is my personal preference.  How I interpret the music is different than anyone else and it changes each time I listen to one of their albums.  Enjoy the musical ride that they give you...",positive
"Good lord, what a great artist!  Love his work.  Buy it already!",positive
"When I first listened through this album, I found it insufferably boring.  I only really liked a few of the songs.  I was surprised, because I liked all the other albums I bought of hers, the album got great reviews, and was declared by many of her fans as her best album.  I would have given this album one star after I listened to it the first time.  But after listening to it 5 times, looking extensively through the lyrics, and looking through her fansite for quotes so I could find out what the heck the songs were about, it became one of my favorites.

I think the only real reason I hated the first few times is because I didn't know what she meant in the songs (which is ironic, because I loved Boys for Pele the first listen.)  Therefore, I will attempt to roughly explain what each of the songs is about, sorry if I get any of this wrong.

Pretty Good Year- I'm honestly not too sure what this song is about.  Basically, she got a letter from a 20 year old fan named Greg in England, and he said his life sucked, and he doesn't know what girls want from him.  And I guess Tori is telling him ""Hey, suck it up, your life isn't that bad.""  I don't entirely get the song, but I loved the piano playing, and the way she went off at the end into ""Hey! What's it gonna take till my baby's alright?""  And then tones it down with ""Still, pretty good year""  4/5

God- I don't need to explain this one, you'll get it.  One of the only songs I liked the first time I listened to it.  5/5

Bells For Her-  A little boring and longer than necessary, but she sings it much better and with more passion on her Venus live cd.  The song is about still being in love with the person who broke up with you, feeling helpless, and not knowing what will happen, if you'll still stay friends, etc.  The whole song is summed up by the beautiful refrain ""Can't stop what's coming Can't stop what is on its way""  4/5, but 5/5 for her Venus live version

Past the Mission- This was my favorite song the first time I listened to Under the Pink.  I'm still not sure what it's about.  I think it's about her trying to get past her rape and salvage missing pieces of herself, but it has an upbeat tempo because she's finally over the pain and can ""smell the roses.""  There's also some vague Mary Magdalene reference here, because Mary Magdalene is supposed to be the rose, but even after all I've read about her I don't get the reference.  5/5

Baker Baker- This song is not about a baker.  At all.  Absolutely hated this one the first listen, but after reading the lyrics and her autobiograpy and comprehending it, it's one of my favorites.  Basically, she always makes herself into a victim because of her rape, and is realizing that staying in a constant ""I'm an abused, damaged woman and will never be complete again"" mind state is not at all helpful to her.  She's afraid to let anyone into her heart, and acts cold toward the one she loves, and he leaves because he can't handle it ""I ran from him in all kinds of ways  Guess it's his turn this time.""  I love this song now because it gave me a new perspective on victim mentality.  Though why she opens the song with ""Baker Baker"" is still beyond me, I have no idea what cake has to do with the situation.  5/5

The Wrong Band- This one is quirky and fun, but I said ""what the heck"" the first time I listened to it. The song is about a prostitute Tori met in Washington who got involved with a governor, then fled to Japan because she 'knew too much' and her life was threatened.  This song would've been better as a B-side, Honey probably would've fit on the album better. Not because this is a bad song though. 4/5

The Waitress- This is one you can really get into if you're in a dark kind of mood.  It's about Tori working with a waitress who acts kind around all the customers, but is really a bitter you-know-what.  Best lyrics of any song on the cd ""I want to kill this waitress.  But I believe in peace.  I believe in peace, bitch.""  5/5

The Cornflake Girl- I wanted to hear this song, because I heard it's the ultimate Tori song and she plays it at almost every concert.  After listening to it, I didn't get what all the hype was about.  I found it quite boring, and couldn't get into (probably because I didn't get the meaning).  But after listening to it several times, it's one of my favorites.  This song is about many different things, but at core the song is about mothers in Africa who let their daughters' genitals be mutilated.  Instead of being a stereotypical feminist and saying men are all awful, Tori proclaims with this song that woman are often the worst offenders of woman's rights, and she wonders how any woman can treat another woman so awfully or betray other women like that (hence the title ""Under the Pink"".)  The raisin girls, who Tori identifies with, are much harder to find in the cornflake box full of the Cornflake girls.  The improv at the beginning of her Venus live version clarifies the betrayal meaning of the song ""you swear to christ she won't You bet your life she won't Trust in her you do But she does it again and again.""  The piano playing in this song is her best ever, and this song is an A+ in my book.  5/5

Icicle- I skipped over this song after about 2 minutes of piano playing at the beginning, then I listened to it 4 times and still didn't like it.  Then I actually read the lyrics, and yelled, ""OMG, is she really singing this?""  It's my favorite song on the album now, because of the radical idea it portrays.  Tori was raised by a Methodist minister, and her grandmother was strictly religious, and the song is about her pleasuring herself in her bed while her father does a church service downstairs. The piano playing at the beginning is a story of its own: a compilation of church hymns, followed by a dischordant, chaotic sound for when her grandmother finds out she's been masturbating.  I think the song is called icicle because of the phallus imagery. 5/5

Cloud on My Tongue- I was bored by this one at first too, but it frequents my iPod now because it's so beautiful.  I don't know what it's about, the best clue I got was that it's about traveling all over the world and not getting anywhere (though I have no idea why there is a cloud on her tongue.)  The whole song is summed up by ""Circles and circles and circles again The girl's in circles and circles Got to stop spinning"" 5/5

Space Dog- Probably the best and most cryptic song on the album.  Your guess is as good as mine when it comes to what it's about.  I guess it's about a dog in space.  5/5

Yes Anastasia- Tori's epic for princess Anastasia, who Tori believed to be Anna Anderson.  It has a nice melody, but I still find it uninteresting.  At 9:33, the song is way too long, and it doesn't get any better after the second minute.  3/5

So give this album a chance, and if you don't like it, take a chance to read the lyrics a few times and the quotes on her fansite and try to digest it.  It's not the kind of album you can just jump into, you need to take some time with it.  The song meanings were not as clear as Little Earthquakes, yet the music was not as mystical and ethereal as Boys for Pele, so the cd was a little more boring than the other 2 at first. I would recommend the other 2 for people new to Tori's music, but if you already somewhat understand her music, this is a 5 star album.",positive
"All I can say is I liked it. JT is a long time favorite of mine.  Again, I liked it.",positive
One of the best duets.  A lost art now.,positive
"Fredrik Thordendale's time to shine and we are all mesmerized by the light. Dare I say I have listened to this more than any Meshuggah album? Yes, I dare say it. This has been a highly praised work already and there isn't much I can say on this forum that others haven't already said. My two cents: 1) I concur that this is one of the greatest metal albums of all time. 2) This is also one of my top 5 albums of all time.

What separates it from others?

Thordendales demonic crackling vocals aren't obnoxious or corny (I've never found the ""demon vocs"" that some metal bands use to be anything but a pathetic attempt to sound scary and an always successful go at annoying my ear cavities) but rather, Thordendales vocs are entertaining in some almost dry way and lyrically the vocs are deeper than the grand canyon.

Guitar-wise: if you ever wanted him to go off on one of his signature quirky maniacal leads for longer... well... prepare to be wowed with the Defects. The unbroken math-riffs of course get the blood pumping like a high speed train and  stay put just long enough to weave the ""song"" into the next chapter and not jerk you around. It's almost too good to be true that this record exists.

Last but definitely not least: Morgan gren is a top notch drummer who groves in a very original and meticulous way, unlike the ""double bass double bass"" thumping one expects from this type of music.
He's a real jazz drummer doing something totally outside the box for a jazz artist and what takes place with Morgan on this record is absolutely magical.

Metallic bliss. Nuff Said.",positive
"Some of my favorite progressive rock and metal bands came out with new albums this year. Dream Theater had Black Clouds & Silver Linings, dredg had The Pariah, the Parrot & The Delusion, O.S.I. had Blood, Porcupine Tree had The Incident, etc.

I've listened to all those albums, and I like all of them. However, I heard this album and this band for the first time a couple weeks ago on my friends internet radio show, and THIS ALBUM IS BETTER THAN ALL OF THOSE PUT TOGETHER.

If you like progressive music, or heavy music, or metal that just has a little bit extra along with it, THIS IS THE ALBUM TO GET.

I usually don't write reviews like this, but 2 weeks in and I'm still extremely excited by this album.

It's got melody. It's got heaviness. It's got prog. It's got awesome lyrics and good vocals. It is the best metal album of 2009, period.",positive
"It really gives old fashioned Christmas theme with Linda's incredible voice, a match made in heaven.",positive
"Just getting into the stones myself after being fed up with most of the new music out there. After checking out the Beatles and Pink Floyd the next logical place to look was the Rolling Stones. While it is hard to say which album is better from the magical period('68-'72) I think my ""favorite"" is sticky fingers. An all-time great album in too many ways to even name! My personal favorite songs are Sway, Dead Flowers, and Moonlight Mile. This album is the opposite of an album like Dark Side of the Moon which is why I think I love it so much. Buy this album now.

Also yes the remastering isn't very good but it was the only copy they had at the store.",positive
"I love this CD, but I'll admit that's it's not PJ's best. This disc has the hits, has the memorable songs...basically has everything. But it lacks the flow of such PJ classics as Vs. and No Code. For instance, going from Nothingman to Whipping wasn't the best choice. Or going from Not For You to Tremor Christ. It just doesn't seem like they cared too much about the song order. With that being said, I shall also mention that there's two songs I felt shouldn't have been included on here. Those two songs being Aye Davanita and Hey Foxymophandlemama, That's Me. PJ is, in my book, the masters of closing out a CD. I need not mention Ten's closer Release, or Vs. closer Indifference. Going out with Foxymophandlemama seems like they took the easy way out. I know following up a song such as Immortality isn't easy, but they should've put forth more effort than this. Oh well.

As I said, this CD has the memorable songs, Not For You, Tremor Christ, Corduroy, and Immortality. But they start as unconventionally as you possibly can with Last Exit. This should've been the last song in my book. It's a great song though. Tremor Christ, one of the songs that introduced me to PJ, is included as well. This ranks among my favorite songs by them. It's not heavy, it has a very consistent tone straight through to the end of the song, which is when it climaxes. Satan's Bed is a nice song, one of the songs that doesn't seem like it fits, but it's worth the awkwardness at first. Immortality is probably the best songs on here. With sensitive lyrics that could strike a chord with anyone, and having some killer guitar cuts by Mike, you cannot go wrong.

Basically, it's a CD of hits and misses, but in the end it's still a five-star effort in my opinion. While I still love Ed's voice, this is the last disc he seemed to really be trying on. A few of my favorite songs are Last Exit, Not For You, Tremor Christ, Corduroy, and Immortality. I bought this CD used at a local CD shop, but listening to it now, I would most definitely buy it at the retail price any time. ""Worth every penny"" is a saying that seems to ring true to this release.",positive
"For anyone who is a fairly new fan of Amon Amarth and is wondering where a good starting point might be in their discography, I'd recommend Versus the World.  First off, Amon Amarth hasn't really changed all THAT much since their early days, but there are some stylistic differences that mark a boundary between their first three albums and this one.  With Versus the World, they dropped most of their black metal leanings, opting to emphasize more melodic death metal musically and less high-pitched shrieking vocally.  Not that they were ever considered a black metal band, but you can hear influences from that genre much more on their first three releases.  In addition, this is the album where they began to stretch out into more traditional heavy metal territory, at times sounding like Swedish death metal's answer to Judas Priest, or even AC/DC.  It's a telling moment in their career here on album four, as they later wrote original songs in the style of both those bands for the bonus disc to their 2013 album, Deceiver of the Gods.  Being able to expand and call on influences outside of death/black metal showed the confidence they'd gained at that point, knowing they could work more accessible music into their sound without compromising on the ferocity.  Versus the World is an incredibly powerful album, rolling along from one song to the next in a blaze of metal glory.  While the album isn't as speedy as the previous ones, it's every bit as heavy.  Even on songs where they do get fast, like For the Stabwounds in Our Back, they don't stay rip-roaring throughout, offering dynamics more effectively that they had before.  They also upped their musicianship on this album, with songs like Across the Rainbow Bridge and ...and Soon the World Will Cease to Be that have some technical-sounding, Gojira-like guitar parts.  Underneath it all, you'll still hear the driving double-bass, speed-picking Amon Amarth steam engine, but their inclusion of greater melody and technicality, as well as more broad-based heavy metal, makes Versus the World the first album where you hear them transforming into the band they are today.  It's easily one of their key releases.",positive
"First off, I want to say that I got my copy of Songs from the Silver Screen from Target, not Amazon. I first saw the incomparable Jackie Evancho on America's Got Talent.  She was a breath of fresh air on that show, such pure talent coming from someone so young, 10 years old.  I fell in love with her beautiful soprano voice.  I have all her prior albums.  I saw her PBS special for Songs from the Silver Screen.  This young lady is so talented!  I loved every minute of the show!  She had me crying throughout the entire show!  The CD is just mesmerizing.  Her voice has matured a little bit.  So strong in every song, and so much emotion!  Jackie, congratulations on yet another masterpiece!  I look forward to your next album!",positive
the title song is the best version period...,positive
Perfect !,positive
"First off I'll be up front. I haven't even heard of the earlier projects of any of the members of Circa Survive. But I'm as qualified as any to review their album since I've been fans of almost any genre of music (excluding most country) and I've played more then six instuments since I was in fourth grade (I'm twenty one now). Don't take me wrong, I'm not gloating. When I listen to Circa Survive I listen to every musician both individually and simultaneously, and try to be as analytical as my limits allow me. Juturna is one amazing album from start to finish. Forget all the people who will shun this band because the ""singer sounds like a girl."" Anthony Green has an amazing voice, there is no doubt about it. Half the people who will criticize him couldn't hit half of the notes he does, nor could most of the bands they listen to. It is so gratifying to here such a talented singer in a band, without the band being so popular they only show up to your city's arena. Fortunately, the singer is backed up by a musical equivalent...members of This Day Forward, Saosin, etc. (mentioned by plenty of preceding reviews). The intricate weaving of the guitarists (including bass) is accentuated with a slew of effects. At first listen the bass might trick the listener into thinking the music is pretty simple. Listening closer to the guitarists riffs is as rewarding as it is entertaining. A lot of the lyrical content seems to refer to Eternal Sunshine of the Spotless Mind, especially the obvious ""Meet me in Montauk"" acoustic-closer. Songs like ""Holding Someone's Hair Back"", ""Act Appalled"", ""Glorious Nosebleed"", ""Always Getting What You Want"" (the best song on the album, in my opinion), ""Wish Resign"", and any of the other songs will remind you why exactly you took my word to buy this album. There is even a secret song after the last song that is as classic as the rest of the album. So stop losing I.Q. points by reading my writing and go buy this excellent outing.",positive
"I'm not a fan of country. My favorite bands range from art rock types like Television and Talk Talk to highly-produced indie pop like Of Montreal and Broken Social Scene.
This is not a country album, not really. The country twang appears once in a while, and the voices are certainly Texan. But the music itself in a style that is more rock - the production is superb. Lyrics are a huge improvement from other Dixie Chicks albums - very little sap in this record.
Much of this record is about the Bush-bashing incident, and surprisingly they are able to write thoughtful lyrics about the incident that don't seem contrived or over-dramatic. This isn't by any means a protest album, if anything it's a free speech album.
Artistically, musically, lyrically, this blows any prior Dixie Chicks album out of the water. Real country fans might prefer their popular debut, but for a rock fan like myself, nothing in the country vein satisfies the palate like this record.",positive
If you are a fan of Howlin Wolf or the movement of Memphis/Delta blues to Chicago this is must for your collection.  It brings together the early years of the Wolf's recording career including singles not easily found on other compilations of Chicago blues if at all.,positive
Another great older CD that rock candy decided to remaster and actually give us the whole CD this time. Kudos to rock candy for doing an awesome job their remasters are top-notch! You will not be sorry with this one!,positive
"This is a great album.  The second track has become one of my favorite all-time songs.  It's rare to find an album where I like every song, but for this album, I do!",positive
very good thank you...,positive
"Steps is one of the hottest groups in the UK, where their records sell like hotcakes!  This is their amazing hits album, which has a cover of the Bee Gees ""Tragedy.""  Well, it'd be a ""tragedy"" if you skipped this CD, because Steps are among the best.  Buy now!",positive
"At the time Rock'n'Roll came out, I was not excited about it; in fact, anything but.  I thought Lennon's career had taken some heavy hits.  In the previous two years he'd followed up the respectable Imagine LP with the god-awful Sometime in NYC, he emabarrassed himself repeatedly during his lost weekend, managed to put out two more workmanlike, mediocre LPs and, finally, released Rock'n'Roll before 'retiring' for five years to be with his son.

So I bought it, just like I bought everything that every ex-Beatle released.  I didn't have great expectations, but, still, it WAS John Lennon so I did have some goosebumps when I put it on the turntable.  I listened to it all the way through, but it was a job.  It sounded to me like it was recorded in someone's garage with a hand held mic.  So I put it on the shelf, and pretty much left it there.

Over the years, I've gone back to it once or twice, and the production wasn't quite as bad as I thought (but pretty close).  What was a revelation was the Rock'n'Roll outtakes that were included on Anthology.  Man, the sound was up front and glorious!  It made me realise that most of the problem with Rock'n'Roll was the mix...that the performances underneath were pretty damned inspired.  Then when they started remixing and remastering Lennon's catalog, I got really excited.  I imagined that they would make the whole LP sound as good as those Anthology outtakes.....

....well, that was wishful thinking.  The sound on the studio tracks on Anthology, ALL the studio tracks on anthology, was just stunning.  And I realize they couldn't have changed the ""sound"" of Rock'n'Roll that much.  It just wouldn't have sounded like the same album.  So, to be fair, what we get is a pretty good comprimise.  Not as sonically stunning as the RnR outtakes on Anthology, but MUCH better than the original mix.

So, Rock'n'Roll finally takes its rightful place in the Lennon cannon.  It's John doing the songs that he loved in his formative years, the songs that inspired him to start the Beatles and revolutionize popular music.  And the sound is a great improvement.  For those reasons, this is now a 5-star album.",positive
"I have never been a big Prince fan over the years. I liked some of his songs here and there but I never sat down and listened to a whole album of his. But after being in a music drought lately and yearning something fresh, I heard the positive buzz this album was getting and gave it a try. I love it! The songs accomplishes the rare task of having a retro feel while sounding fresh. My favorite are the slower tunes like ""Call My Name"", ""A Million Days"" and the last 3 tracks on the album. Give it a try, you won't be disappointed!",positive
"Love this album, full of joy, harmony and emotion.  Don't understand the lyrics, but who cares?  Unique, not just-like anything else you've heard, it's a fun listen beginning to end.  After all the abject garbage being hawked by major labels in the States, this is a drink of fresh water, and cooool... !  Will watch for more!!",positive
Love her voice Love her look Love the music! This is a great album and I strongly recommend it. I think Skylar will grow into a huge star and be around for years to come delivering more great music!,positive
"I still remember that when I was a kid and saw for the first time Kate Bush in the Wuthering Heights video. It left a big impression. And the older I got, the more I appreciated her music. So this is one of her CD's that I bought to complete my collection with music of her.",positive
"This is a great album with all their hits. I especially like ""Prisoner of Love"" also. Great track. Go get it.",positive
A TIME LESS CLASSIC. SOME OF THE BEST SONGS EVER . . . AND ONE OF THE BEST LOVE-STORY MOVIES EVER TOO.,positive
"Disco Kandi's latest compilation isn't put together by master Mark Doyle, but you'd never know it!  In fact, I found this 2-disc wonder to be the highlight of the Disco Kandi series.

The first CD is groovilicious with hot disco-themed tracks that're sure to get you on your feet.  ""Ghetto Funk"" ""Feelin Love"" and ""Black Sugar"" are the stand-outs, with their big synths, crazy rhythms, and funky beats that are so unique to Hed Kandi.

Disc two is even better, and adds a hint of spring love to the air.  Definately a party mix to pull out in March or May to make you feel all twitterpated on the dance floor.  There are many stand-outs, the most amazing being ""2 Million Ways"" ""Sun Rising Up"" ""Take Me Away"" and ""Electro Shock""

Like past compilations from the Disco Kandi series, the songs aren't as focused on vocals as they are beats and sythns.  Whether that's your thang or not, give this a try.  You'll be surprised at what a hot synth and a backup choir singing ""OOooh!"" can do.  Honestly I think it expresses more emotion than words alone.

99% A+ album.  Definately proves that Hed Kandi is not a dying company.",positive
WOW !!!!. I can't believe this lady has been around for so long and I have just discovered her music. I'm tellin' ya....she pushes all the right buttons for me...lol. Beautiful voice. Great songs too !!,positive
"Much like the Crosby & Nash box sets this 4-cd collection shows a similar dip in quality levels from about 1975 or mid way through disc 3 here. But this box set highlights Stills stunning career from 1966-73 with tracks from The Buffalo Springfield, CSN, CSNY and the superb Manassas double from 1972. Whilst Crosby's had an extra cd of extras & unreleased tracks here we have about 20 of these most of which disappoint especially the much talked about Stills Hendrix collaboration of which we have barely 3 minutes. The real howler for me is that once again a box set has failed to supply the fans with the 9-minute 'Bluebird' missed off the Springfield box set not here. Maybe Graham Nash who compiled this box set thought we need to have some stuff from the 80s & 90s - no we don't. 5 stars for his songs with Buffalo Springfield, his stunning first 2 solo albums, CSN debut & the timeless Manassas record. A lavish booklet is also here, but it's strange that known as Captain Manyhands during the 60s Still has had little involvement in this box set. An essential purchase BUT if you haven't any of the above can I suggest you purchase these other records first.

Disc 1 from his Springfield early songs to Carry On in 20 odd tracks - about 2-3 years shows an incredible development of his song writing skills - how many artists can show in such maturity in such a short space of time? Incredible. These days 'artists' take that long to make one record.

By Disc 4 the acoustic brilliance has been swamped by the predominance of synthesisers and drum machines, songs like Treetop Flyer are an oasis in amongst the over produced songs, which themselves are some of the waekest Stills wrote. Songs from CSN's 'Live It Up' & 'Allies' should have been left out and heaven knows what Nash & Bernstein were thinking of with 'No Tears Left' from CSNY's shocker 'Looking Forward'. It's only when Stills is left alone on 'Welfare Blues' do we hear the real Stills. Stills Alone - indeed the best way.

I blame Graham Nash for much of the poor choices on Disc 4 -where was the quality control?

There are some odd selections 'Dear Mr Fantasy' not written by Stills and was on the CSN 1990 box set - all very odd. I think Nash believes their 80s & 90s output is valid which must account for some of the weaker selections here. What we could do with is a Manassas expanded edition.

Songwriter, guitarist, producer, arranger, multi-instrumentalist Stills seems to have passed most people by which is a great pity as he has contributed some truly great musical moments. Not the the easiest person to understand and with his own demons, Stills songs such as 'Do For The Others' about the death of Crosby's girlfriend in a motorbike accident demonstrate that lyrically and musically he kept CN & Y in the shade during his halcyon period. For me Stephen Stills represents the peak of West Coast music from 66-73, he's not had the best of health recently but still tours with CSN and his guitar playing shows what a talent he is/was. The CSN debut, Stephen Stills 1 (in the snow) & Manassas show Stills at his peak and are essential to any record (can I call it that?) collection.",positive
GREAT PRODUCT,positive
"Great piece, great value, quick delivery. Would buy from again!",positive
"I must say, now that Tweet has arrived back from her three year hiatus, the wait was well worth the while.  Coming back full grown and with a new sense of intelligence, Charlene ""Tweet"" Keys has brought us gorgeous beats accompanied by the most gorgeous voice.  Begining with the wonderfully piano-laden ""Intro"", we fans are given our thanks from Tweet.  From there, the cd only goes up.  Focused mainly on sounds of the 70s and 80s, we have a nostalgiac throw-back of a sophmore album.  ""Small Change"" is great song that may remind us of Aretha or Roberta, where songs like ""Cab Ride"" (with a twist on the ""Taxi"" theme) sound as if it came straight out of Chicago circa the 1970s.  Beautiful ballads/songs that dabble a bit in trip-hop include ""Iceberg"", ""Turn Da Lights Off"" and ""Sports, Sex and Food"", where the rest of the album is pure, fluid R&B so wonderfully nostalgiac and slick, your mind may slip over every note coming from the speakers.  In all, Tweet has come back ten-fold, and with a new heart, indicated by the touching and heartfelt duo ""Two Of Us"" with her daughter, Tashawna.  A great album for Tweet fans and those who are unfamiliar; just get it out of pure curiosity.",positive
What more can be said about this album. It's a classic for sure. This album always had good sound quality back in the day but the remastering done for the deluxe edition makes it even better and well worth the money. The bonus tracks are excellent as well as the concert material. Yes...it is kind of pricey but well worth it!,positive
Nice collection of songs.,positive
"I hope you're in the mood because this wondrous CD is an atomic blast of musical innovation and political anger. Since I only listen to 5 star, top notch material and nothing less, this final studio album from Zach and Co. is a welcome addition to my collection. To be honest, the real star of ""Battle..."" is Tom Morello who delivers one stunning performance after another. From the swirling hurricane intro to ""Testify"" (a sixties-ish heavy riff that never lets up) to the Zeppelin inspired, godzilla-sized roar that opens ""Born Of A Broken Man"", His guitar playing scales astonishing new heights! Though it's been out for almost 2 years now, this album has lost none of it's wall rattling, eardrum splitting appeal. TURN THAT S**T UP!",positive
Awesome band! Really awesome singer! I heard them on satellite radio several times. I finally looked them up and saw them perform on tv twice now. Awesome purchase!!,positive
brings back memories of great music with great lyrics,positive
"Some people prefer ""7th Son"" and ""Number Of The Beast"" but not me. This was Maiden's ""evolution"" if you will. Several of the songs like ""Aces High"" and ""2 Minutes To Midnight"" would have perfectly fit on ""Number Of The Beast"", but ""Rime Of The Ancient Mariner"" shows hints of what's to come. Several songs on ""Somewhere In Time"" sound a little more like earlier stuff, though. The only difference between ""Rime..."" and ""7th son"" is that there are no synthesizers on this. This is classic Maiden. If you are new to Maiden, this has to be your introductory album, no ifs, ands or buts. I think I already explained why above. If you like the harder rocking songs more, try the earlier stuff. If you prefer the epic songs, go for the later stuff. UP_THE_IRONS!",positive
"Excellent item, thanks.",positive
This was great...,positive
"Needless to say, this is one of Disney's best soundtracks.  The remastered version is definitely an improvement.  Why it was only released in Europe I don't know but it is worth going to the trouble to get it.  Highly recommended.",positive
"THE SMITHEREENS' B-SIDES THE BEATLES is an encore performance or homage to the band's musical heroes.  For fans of the Smithereens, a few of the songs on the record have been played live during their concerts.  But to have those songs reproduced for this studio album as well as the other classic Beatles tracks is a treat.

There is no doubt that the Smithereens have the Beatles spirit alive and kicking when they play their music, be it live or in the studio.  One can hear the raw energy in all 12 tracks that are as close to how the Beatles originally recorded them -- from the exact chord progressions and harmonies to the bluesy wailing.  Indeed, the rock and roll tracks that highlight the record, the surf-guitar-driven and early Harrison-Lennon composition, ""Cry For a Shadow,"" Larry Williams' ""Slow Down,"" and Leiber-Stoller-Barrett's ""Some Other Guy,"" were live Beatles staples during the band's Hamburg and Cavern days and the Smithereens do a superb job with much gusto.

While listening to these tracks and keeping in mind earlier Smithereens albums, ""Especially For You"" and ""Green Thoughts,"" fans will hear that distinct Beatles influence and sound.  B-SIDES is by no means a Beatles cover band album.  One can hear that it was produced with a lot of heart and soul and rock and roll.",positive
"The best example of Elvis' pre-Army Hollywood recordings. Watch the movie first, then listen to this explosive soundtrack. Good thing RCA again re-issued old albums and added more tracks to them. The original #1 gold album had 12 (not long enough), and now the re-issue has 20 (better!). ""Mean Woman Blues"" gets the soundtrack started. One that one, Elvis really pours it all on. If you love Elvis, I highly recommend it. If your a fan of his movies and the music in it, it is definetly essential.",positive
"Incredible record! This is the best recording of these pieces!
You are also going to here some of the most impressive brass playing that is ever being recording- especially the last couple minutes of the Shostakovich 7!
Incredibly recorded, this is an audiophile classical recording too!

HIGHLY RECOMMENDED!",positive
"Very good, on time and as described",positive
"I'm speaking on Andre's behalf since I only liked one song on Antwan's c.d.

01. The Love Below (Intro) (10/10) - An orchestra lead song, followed by Andre's soft vocals, about flowers.

02. Love Hater (10/10) - Just about everybody needs somebody to love. A jazz-like live track. Very lively.

03. God (Interlude) (10/10) HILARIOUS! He talks to God and God is a girl, but you never hear God talk. He says he wants a sweet b! tch. It's funny.

04. Happy Valentine's Day (10/10) - He's obviously cupid in this song saying that people don't believe in him, but they believe in Santa Claus and Ground Hogs. A slick track.

05. Spread (10/10) - A somewhat house beat, straight get to the point song. about he wants this gurl to spread her legs for him. Very deep rap verse.

06. Where Are My Panties? (9/10) - Another funny interlude. But what makes this one funny is you hear Andre and the girl thinking, not talking about what the other thinks and what they should do.

07. Prototype (10/10) - The 3rd single of the album and mY favorite track off the album. The ultimate ""I've found true love"" song.

08. She Lives In My Lap (10/10) - I love this song soooo murch but I still don't know what the hell it means. If you find out what it's about, please let me know.

09. Hey Ya (9/10) - The 1st single of his album. I had that song in my head all day, I had to get this album.

10. Roses (10/10) - The 2nd single of the album. I kid you not, the video makes me think of ""Grease"" or something. I love the video and the song. Andre did a good job with this song!

11. Good Day, Good Sir (9/10) - Another interlude featuring Mr. Bently. It's a long story what it's about but it's funny.

12. Behold A Lady (9/10) - This song is a trip. It's about where are the good girls at? The ones he describes in the song.

13. Pink & BLue (10/10) - One of the best tracks on the album. It's about being with an older woman. I love it.

14. Love In War (10/10) - Another favorite of mine. The song has one verse and it's 3:25. It's basically let's kiss, not fight. That type of song.

15. She's Alive (8/10) - Not one of my favorite tracks, but I still listen to it. It's pretty much about his life and how his mom went through raising him by hersefl.

16. Dracula's Wedding (10/10) - My girl Kelis is on this track. It's only 2:32, but I was glad they got together. It's about Andre is Dracula and he's found a lady to spend foerever with.

17. The Letter (5/10) - It's a short interlude of Andre reading a letter from this girl.

18. My Favorite Things (10/10) - House Jazz is the theme of this track. Very Good. It goes on forever though. 5:17

19. Take Off Your Cool (10/10) - Norah Jones was perfect for this track. A  mellow guitar track with harmony and vocals. This is another song that's short. 2:38

20. Vibrate (10/10) - This song is somethin' else. When he started talkking about ""We're motherf**kers because Mother Earth is dying and we contiue to f**k her to death."" I was shocked by this song but it's slick with the reverse beat vibe along with the piano.

21. A Day In The Life Of Benjamin Andre (10/10) - A long a$$ song about his life and how got to wher ehe is. He wasn't finished, so hopefully he'll finish it on the next album.

THIS ALBUM IS REALLY GOOD. PLEASE DO YOURSELF A FAVOR A GET THIS!!",positive
"The Foo Fighters are amazing. Thank God, if not for anything else, thank God for Dave Grohl coming out on his own to give us the Foo Fighters. This first album is wonderful, and I was ecstatic to hear it. I LOVE this album!",positive
"This is one of the finest ""spare time/jamming-on-the-side"" projects ever recorded. And yes, for better or worse, it changed the way pop music was recorded and marketed for the second half of the 1980's. Up until the release of this CD, pop music was relying on a lightweight, MTV-friendly formula involving synthesizers and drum machines. Once the Power Station was released, things seemed to change overnight. The CD was destined to do well based on the participation of John and Andy Taylor from Duran Duran (who really knew that Andy Taylor was a bona-fide lead guitarist before this CD came out? The man gets free rein to lay down some chops that no Duran release saw fit to include), and its success seemed to let the music industry know that it was okay to start promoting bands whose sound was guitar-oriented and recording producers began to turn up the drum tracks louder and louder (though not quite with the effect of this album...Tony Thompson is a monstrous force on ""Power Station""). This album gave Duran Duran somewhat more credibility with heavy metal fans, and heavy metal music began to sell in exponentially increased numbers after this point, resulting in the rise of hair bands that continued on through Nirvana's semenal release of ""Nevermind"". And of course Robert Palmer was so impressed with the restoration of his career from Power Station's success that he spent the next several years attempting to re-record its sound as a solo artist, achieving financial success, but not completely duplicating the energy of the Power Station. Whether or not any of this is a good thing is debatable, depending on your taste in music...but ""The Power Station"", both as a band and an album, have always been overlooked in terms of their importance during their (all-too short) time. If only Robert Palmer hadn't backed out of their Summer '85 US tour, this band may have had the impetus to continue and produce more (and perhaps even better) material. Anything they could have struck while the iron of this album was still hot would have been bound to be better than the work produced by the band's partially re-formed lineup in 1996...buy this CD and appreciate it, but avoid the follow-up like the plague.",positive
"This took me back to Kent State University weekend parties. How great this sounded then and surely sounds now. It is too bad we have lost the great Grover Washington, but he left us with good ""loving"" music.",positive
"An awarded and England best selling record of Hendrix covers. The Buddy Guy Red House one excels even the Hendrix one, to mention just one. But the one with Slash in, or the Clapton's Stone Free, are also unbeatable. The whole record is a Treasure for any Blues or Hendrix lover. Remarkable, all times record. You won't get tired of.",positive
She has a lovely voice.,positive
"Song I just heard and figured it was from a great band, turns out I was right. The CD came in a timely fashion with no harm done to it.",positive
"I have all eight of his CD's, This is the best.  Must buy, but if you already have buy Hollywood also by Manson cause it is his second best.",positive
Better than what I thought it would be.,positive
"An very goodalbum, and fine return to form by this great band.  I really didn't like the last album ""No Line On The Horizon"" and was quite disappointed with it.  So when this came out I was not hopeful...and very pleasantly surprised.  There are some really nice songs on this, starting off with an ok song (Miracle) and then getting into the really good stuff (Breaking Wave, California).  I got a sense of Ultraviolet (from Achtung Baby) when Iris came though.  Volcano is another awesome song, that really gets you moving.  Wolves, Cedarwood, and Sleep all round off an excellent set.

The extra disc is also worth it to get some extras and of course the acoustic versions of the above songs.

All in all an excellent album!!!",positive
"First off...I'm going to say something that may offend some or even most Beastie fans...This is the BEST Beastie album. Licensed to Ill was great. But for them to make something completely different from Licensed and for it to become a landmark hip-hop album, one of the all-time classics....that says it all right there.

Why is it a landmark you say?? The production. Thank God for the Dust Brothers. The Dust Brothers virtually invented the cut and paste style of production and man....Ad-Rock, Mike D and MCA just took this and destroyed it. This album has their best rhymes and is funny as hell. Now, this is not like EMPD's ""Simply Business"" where the beat is just sampled. Beats are sampled for example ""Egg Man"" which is the great Curtis Mayfield's ""Superfly"" way before Nelly discovered it. But the name dropping....Chuck Woolery is mentioned for crying out loud...to just a single note from Mountain's ""Mississippi Queen"" there is just no wasted space. This album along with the aforementioned EPMD's ""Strictly Busines"" are the 2 greatest documents of sampling before all the legal stuff kicked in. If you are even slightly curious to how sampling is supposed to be....Get this and ""Strictly Business."" You'll be a better person for it.",positive
Love Stevie Ray,positive
Johnny doing inspirational and gospel tunes most unreleased,positive
"This score is an endless weave of power and poetry lapping in- and crashing in- against the immoveable rocks as well as against the vulnerable heart of two destined lovers. This adult love story takes you everywhere two lovers want to go. The storyline and cast make this a five star film. The score blends into the storyline as natural as the waves outside crashing ashore. Most scores don't hold up without the film. This one is a symphony all by itself. You feel the mystery that must be stirring deep beneath the water's surface. You feel the mystery that stirs deep within the soul. You feel the slightest, most sensitive quivers of each heart beating and anticipating. Herrmann caught every individual thread in this tapestry of life, love, nature, passion, and death. Read the other reviews as well. Each says something of great value about this perfect score.",positive
"5 Stars = Masterpiece

Ohio's Crack the Sky put out one of the most intelligent progressive rock laced with funk albums of 1975 with their self titled debut. The musicianship just crackles on this album, & lead singer John Palumbo emotive vocals suited his sharp often humorous lyrics on subjects as diverse as racism, religion, transvestites, narcissism, misfits, & a multitude of other topics rarely heard in rock & roll at this time, & never with the insight & compassion this man obviously has. It amazes me to this day Crack the Sky never got beyond to what amounted to a huge regional band. People who have seen this band said they were a crack (no pun intended) live outfit that usually destroyed the headliner. Maybe this is why they did not become bigger, maybe it was record company disinterest? Whatever the reason(s) Crack the Sky put out several more albums, & though other than the debut, the only other album I have is ""Crack Attic: The Best of Crack the Sky"" which has suspiciously half of the debut on it, which tells me maybe the bands latter output was not as strong or shifted to a different style. In any case Crack the Sky is a band long forgotten & overlooked. Only a relative handful of people ever got the chance to enjoy this very talented intelligent band.",positive
"Recordings of music for the Christmas season will start flowing in about now, but this particular recording by strikingly handsome and gifted tenor Vittorio Grigolo is a grand overture. Not that this release of nearly every version of Ave Maria settings is only for Christmas: the music is full of rich spirit and is welcome at any time.

Grigolo is in fine voice for this very Italian (basically) repertoire and the honesty and grace with which he sings are perfectly fitting the messages of the music. There is no belting or singing to the upper balcony here, just gentle and meaningful expressions of faith. The accompaniments vary, with some works accompanied by organ and other with orchestra. The tracks are as follows:

Ave Maria - Giovanni Maria Catena
Fermarono i cieli (antica melodia napoletana) - Giovanni Maria Catena
Maria, che dolce nome  Richard Whilds
Panis Angelicus (from Mass, M. 61, Op. 12) - Csar Franck
Dolce cuor del mio Ges - Gaetano Capocci
Ave Maria - Domenico Bartolucci
Ingemisco (from Messa da Requiem) - Giuseppe Verdi
Ave Maria - Giulio Caccini
O celeste Verginella - Giovanni Maria Catena
Ave verum Corpus, KV 618 - Wolfgang Amadeus Mozart
Piet, Signore! - Louis Abraham Niedermeyer
Ave Maria (""Ellens Gesang III"", Op. 52/6, D 839 (Italian Version) - Franz Schubert
Voglio Chiamar Maria  Italian, anonymous
O bella mia speranza - Lorenzo Perosi
Exaudi Domine - Lorenzo Perosi
Serenata (Stndchen D 957/4) - Franz Schubert
Salve Regina - Gaetano Capocci
O Holy Night _ Adolphe Adame with Jackie Evancho (!)
Ave Maria (Extended Latin Version)  Franz Schubert

His compatriots for this recording include Francesca Dego, violin, 13 year old Jackie Evancho, soprano, I Pueri Cantores della Cappella Musicale Pntifica detta Sistina (Adriano Caroletti, choirmaster), Stefano Minore, concertmaster,  and Fabio Cerrone, conducting the Orchestra Roma Sinfonietta.

As Grigolo states, ""I feel Ave Maria is a tribute to all the incredible people who helped me as a boy, and to all the hours we studied and practiced in those little rooms in the chapel. This album is a dream come true for me."" Grady Harp, October 13",positive
Came exactly as it was described THAAANKS,positive
"This CD is awesome. I just wish I had the first MEGAMIX 12"" by D.ST.  It is a version of ROCKIT with other Herbie Hancock songs mixed up scratching over top of the song. If anyone knows where or has a copy please  e-mail me at agr1170@cs.com",positive
"<a data-hook=""product-link-linked"" class=""a-link-normal"" href=""/Willie-and-the-Wheel/dp/B001NKWLDA/ref=cm_cr_arp_d_rvw_txt?ie=UTF8"">Willie and the Wheel</a>&nbsp;(2009) brings Willie Nelson together with Western swing veterans Asleep At The Wheel, and the pairing is as natural as a  bowl of hot Texas-style chile and an ice-cold Lone Star beer. Good stuff!

Originally the brainchild of legendary Atlantic Records producer Jerry Wexler back in the 1970s, the project was put on hold until 2007 and finally completed just after Wexler died on September 18, 2008. Jerry Wexler is listed as the album's executive producer.

Simplified, Western swing is Dixieland jazz played by singing cowboys with fiddles, horns and pedal-steel guitars. Of course, it's a little more complex than that, but for the purpose of this review that's a pretty good description of the comfortable music that you'll find on&nbsp;<a data-hook=""product-link-linked"" class=""a-link-normal"" href=""/Willie-and-the-Wheel/dp/B001NKWLDA/ref=cm_cr_arp_d_rvw_txt?ie=UTF8"">Willie and the Wheel</a>.

Willie Nelson sings the lead vocal along with AATW's Ray Benson and Elizabeth McQueen, who at times trade vocal phrases with him. Most of the songs here are Western swing standards made famous years ago by legends such as Bob Wills And The Texas Playboys. Willie and Elizabeth duet on the bluesy I'm Sitting On Top Of The World, an album highlight and probably my favorite here.

But now she's gone, I don't worry
I'm sitting on top of the world

There doesn't seem to be a lot of worry anywhere on this album; but while the atmosphere is relaxed and sunny, the production is mindfully professional. Asleep At The Wheel know their way around when it comes to Western swing, and Willie sounds like he's right at home, too. Vince Gill and Late Night's Paul Schaffer join AATW for the album's instrumental, South.

<a data-hook=""product-link-linked"" class=""a-link-normal"" href=""/Willie-and-the-Wheel/dp/B001NKWLDA/ref=cm_cr_arp_d_rvw_txt?ie=UTF8"">Willie and the Wheel</a>&nbsp;is an easy-going, tuneful and modern journey back to the classic days of Western swing with Willie Nelson leading the way. And as usual with Willie, it's an enjoyable ride.",positive
"After 7 years Boards of Canada release the brilliant Tomorrow's Harvest. It is well worth the wait, which is what I WISH I could say about My Bloody Valentine and their release mbv which, after 22 years or so (!)  is a complete waste of their (and our) time. At least I only wasted the 45 minutes it took me to listen to it, they wasted all 22 years on it LMAO",positive
"Great quiet, relaxing CD. This was the first Yanni CD I owned.  I enjoyed it so much I purchased many more of Yannu's albums.  I even named my dog Yanni as his music was tops on my list",positive
"Since years have passed and I have matured enough to write a better review, here it goes...

This is one of the darkest and most superb soundtracks that is out there right now. Combining rock metal with electronica was pure genius. Each song has its own significant deliverance, such as revenge and restoration. Filter and the Crystal Method's ""(Can't You) Trip Like I Do"" had me hooked for months with its dance-like tone, while Orbital's remix of ""Satan"" with Kirk Hammett made my spine tingle with its creepy rhythms. ""Tiny Rubberband"" is so wierd it's incredible. ""Familiar"" and ""A Plane Scraped Its Belly on a Sooty Yellow Moon"" are so-so songs, otherwise this CD overall is a must for people who enjoy metal and techno. This gets an A+ from me.",positive
Our world was a better place when she was in it. This album reminds us of what we are missing.,positive
"The musical soundtrack and the Musical itself is 100% better than the original. The humor is suberb as it takes EVERY opportunity to emphasize the corniness but cleverness of the theme behind the original script.  I have listened to the soundtrack repeatedly and it will remain a favorite of mine for years to come.  Xanadu did not do well IN the 80's, it took being in the 2010's to realize just how freakishly foolish the 80's actually were!",positive
 THANK YOU!!!! HIGHLY RECOMMENDED!! FIVE STARS  A+++++,positive
Easily one of the top 10 albums to ever come out the South! These cats were way before their time and their influence is still felt to this day.,positive
"""Artwork"" is the debut album by Swedish AOR sensation ""Work of Art"", originally released in 2008 by Frontiers records to critical acclaim by fans of the gnere. The line up features lead singer Lars Safsund (""Lionville""), guitarist Robert Sall (""W.E.T."") and drummer Herman Furin.

Although a newcomer group by 2008, without any live performances to this day, the members of ""Work of Art"" have been in and out of the melodic rock scene since 1992 therefore it should not come as big a surprise how accomplished their debut ""Artwork"" comes out. ""Artwork"" combines the best elements of American AOR and Scandinavian melodic rock into a one of the greatest AOR debuts of the decade. The guys combine the best elements of music giants like ""Journey"", ""Toto"" and ""Styx"" subsequently crafting an admirable collection of tunes; each song has clearly defined personality while the performances support the compositions to the greatest extent. For that matter you can expect to find groovy tempos, twin guitar leads, keyboard harmonies, piano melodies even guitar shredding, depending on the requirements of each track.

It is more than evident that the trio has a clear vision of the way each song should come out but most importantly they are able to control the mood/atmosphere each composition delivers the listener. Favourite tracks include the guitar led ""Peace of mind"" the surprisingly upbeat ""Her only lie"", the keyboard driven ""Too late"", the progressive twist of ""Whenever you sleep"", the riff-based ""Lost without your love"", all of which are meant to convince event the most demanding AOR enthusiast. Last and above all, the opener ""Why Do I"" is amongst the most infectious melodic rockers ever that requires no more than a listen for one to mumble its chorus through the following days.",positive
"If you like the ""oldies"" this is the album for you.  It brings back a lot of memories of the 50's, 60's and 70's and of course the movie was fantastic!",positive
"Anyone who is a TRUE music lover, will either know, or would want to know, about the true Los Lobos.  They are so very, VERY much more than most people recognize.  They are true artists in every sense, and have a dignity (musically, and personally) that few bands have, or could even understand.

Their entire body of work is very worthwhile, and this record ranks near, or at the top, along with KIKO.",positive
"One of my favorite Bands. I never judge there individual CD,s. Testament is always awsome.",positive
"Yes, you guessed right - Amazon has the temerity to charge the absolute LIST PRICE for this item - $3.97.  When I got the CD I couldn't believe it.  I did more research and went to the website on the disk.  I was granted permission to quote - in full - from the back of the album:
""25 VIVALDI FAVORITES"".  ""EDITED FOR LEISURE LISTENING"" (see below).  ""Antonio Vivaldi, who lived in 18th Century Venice, was the greatest composer/violinist of his period who penned literally hundreds of wonderful works memorable for their charm, vitality and originality of expression.  This CD includes many of his last tunes from his vast output.""
What this translates to is that VOXCD has chosen and selected the best of Vivaldi's output, whether trumpet concerto, string symphony or soprano aria and blended them into a quite pleasurable ""Afternoon With"" or ""Evening With"" that composer.
The performers are diverse.  The sound quality is excellent.  There are selections (repeat, selections) from ""The Four Seasons"", religious music and about a dozen concertos.  This is what is meant by ""Edited"" - they have not been rewritten.  What Vox has arrived at is a 78 minutes 37 second All-Vivaldi concert that will please even the most discriminating and most incapable-of-discriminating members of your friends and family.",positive
"C-Murder is doing his own thing without the help of Master P but that isn't bad at all. I mean C can bring all that gangsta (stuff) on his own label (be on the look out for Young Gunz, New-9, Wango ...) This is his 4th album and I can't say it's his best because all his albums have different styles. Life Or Death was some kind of underground, Bossalinie a West Coast influenced cd, etc. but C-P-3.com is still worth your money. Best tracks are What You Gonna Do, Don't Make Me, I'm Not Just with Soulja Slim & the new tight white rapper T-Bo, Get Bucked, Get Crunked with Master P, Silkk & T-Bo, Ghetto Boy, Do You Wanna Ride with Slay Sean, Black Felon & Traci, Down 4 My Bit**es with the long missing Mia X and Projects with TRU members New-9 & Wango.",positive
"I bought this album on day of release without hearing it first. Had some Amazon music credits to burn so eh, why not. I pushed play after the download and the first thought as ""Chaos Lives In Everything"" began to play was ""what the h*ll did I just buy!?"" For a second I though oh crap I just bought a stupid techno remix album... but wait, this is a new song. As I continue listening to it, the album continues to grab me. By the time ""Get Up!"" is over I'm just blown away and addicted to this. This album is very different than their previous stuff, but in my opinion the band kinda needed a reboot. I personally thought Korn III was bland and boring. I so wanted to like Korn III but I can't listen to it without desiring to chew something like tinfoil to liven it up. I didn't care for Untitled as much either (although I liked Untitled far better than Korn III). This release will probably not be well received by the old school hard-core Korn fan, but for me this album has become my favorite and I listen to it daily. I cannot get enough of it. If you like ""See You on the Other Side"" than chances are high you'll like ""The Path Of Totality"".",positive
"It is a great CD, easy listening and great songs with the voice only Luther can provide. Not a song on it I didn't like",positive
"Bruckner's Mass in f, like nearly all of his music, goes beyond being spiritual in the broadest sense, to literally reaching for infinity.  This performance by Sergiu Celibidache and the Munich Philharmonic comes as  close to scaling the heights of the infinite as any performance I have ever  heard.  From the very beginning, Celi's broad phrases and resplendent  sonorities bring an almost unimaginable purity and beauty to the work.  At  77 minutes, it seems Celi should have stretched this piece to the breaking  point, but instead time seems to stand still and we are left with a  performance that I wish would never end.
 Highest recommendations.",positive
fast delivery and plays great,positive
"Another great Barry Manilow duets, also a very good CD",positive
"This album is simply one of the best I've purchased in quite some time.  In this day and age of cupcake ""rock"" and emo crap, it's refreshing for the vintage sound of TRUE rock to come back.  I've been a PJ fan since the beginning, and it's nice to see they still have the angst of old, although a matured and focused angst.  The entire album is good, but Comatose is the song that really got me rolling with this.  I'm a mellow person in general, but even my wife noticed a difference in my energy level after hearing it.  I have a feeling the arenas will ERUPT when this song is played live, but they'll be rocking anyway because....well...it's PEARL JAM.

I highly recommend this album, because it brings a taste of many different flavors to the table.  One thing I've noticed that this album has, as opposed to the others, is more variety.  Most people will give you similar patterns as to songs they liked on previous albums, but this one is all over the board.  Everyone finds something they like on it, and that's the sign of a beautiful piece of work.

Get it, or you'll regret it.",positive
Loved it fantastic....,positive
"The recording available here all by its lonesome is also available paired with a recording of Rachmaninoff's 2nd sonata, so I figure you might as well get that one:&nbsp;<a data-hook=""product-link-linked"" class=""a-link-normal"" href=""/Rachmaninov-Piano-Concerto-No-3/dp/B0001TSWJQ/ref=cm_cr_arp_d_rvw_txt?ie=UTF8"">Rachmaninov: Piano Concerto No 3</a>. However, this cover is definitely lovelier isn't it? I've heard it called ""Horowitz Blue,"" as if that's the title. Maybe only that one guy does that, I have no idea, but I like it enough to share it.

By the way, I don't know enough to offer my own opinions, but judging solely by popularity, it seems like the only real competition for this recording are:

- Argerich:&nbsp;<a data-hook=""product-link-linked"" class=""a-link-normal"" href=""/Rachmaninoff-Concerto-No-3-in-D-minor-Op-30-Tchaikovsky-Piano-Concerto-No-1-in-B-flat-minor-Op-23/dp/B0000041DF/ref=cm_cr_arp_d_rvw_txt?ie=UTF8"">Rachmaninoff: Concerto No. 3 in D minor, Op. 30 / Tchaikovsky: Piano Concerto No. 1 in B flat minor, Op. 23</a>
- Janis:&nbsp;<a data-hook=""product-link-linked"" class=""a-link-normal"" href=""/Rachmaninov-Piano-Concertos-Nos-2-3/dp/B0000057LA/ref=cm_cr_arp_d_rvw_txt?ie=UTF8"">Rachmaninov: Piano Concertos Nos. 2 & 3</a>

I have enjoyed all three but I have never tried to choose one as my favorite. Maybe someday I won't have anything better to do!

Happy listening!",positive
"I grew up on this album, by the time I could sing I had it memorized. This is the third version of the album I have had on CD and it is the best. I sat and listened to it in amazement. It sounds so awesome! This is my favorite album of all time, so I would recommend it to everyone, but if you are a fan of rock operas do not pass this one up. It's as if they are performing it right there in your house or car. Wherever you choose to listen to it, you will be amazed. It's simply awesome!!",positive
"If you are thinking about checking out King's X - get this album! You will be hooked for life. This album is outstanding in the way it combines all the things we look for in a great piece of music - great songwriting, amazing chops, beautiful harmonies and tremendous production. The lyrics present a unifying theme of personal searching, longing even, for spirituality and self-realization. And the passion! But hey, it just plain rocks too! This is one of my 10 desert island discs - I'm on my third CD. There is a reason all of the reviews of this CD are glowing.  The music is honest and heartfelt and this band is incredibly talented. Also, it remains fresh, despite being heaped into the 80s metal marketing machine when they came out. I have given this record to many friends and without fail they each become converts. Do yourself a favor: pick a nice quiet room, turn out the lights, light the candles, put this record on and LISTEN. You will be richly rewarded.",positive
I own this set and it is really a good one. It also comes with a nicely done booklet with lot's of info about the bands. Worth every penny and then some BUT....the songs listed here are NOT the ones on the Box Set. If you look at an enlargement of the back of the box you can see that this set starts off with Zeb Turner's 'Traveling Boogie'.....so unless they change the songs listed here don't go by what you see....get this Box Set anyway thou....It's Great!,positive
"When Randy Travis blew into town, Country Music finally got off of it's knees and took it's place back at the front of the line.  Thank God for Randy, Dwight, Patty, Marty, and George Strait.  This album covers those Travis numbers that topped the charts, and when you listen to this CD, you'll soon realize why they reached number 1.  Included here are ""1982"", ""Look Heart"", and ""Diggin up Bones""...all great traditional country hits.  But my personal Randy Travis favorite is his cover of Sonny James' ""It's Just a Matter of Time"".  Many compared Randy to George Jones, and he did in fact carry forward some of Jones' syle;  but there was no doubt that Randy was more influenced by Lefty Frizzel. This is a great album, well worth your money.",positive
"I first really noticed The Cardigans one day in my car. I found a channel playing a song, which I thought must be a new Sheryl Crow single. I was very surprised when the DJ announced that it was The Cardigans. I don't remember which song it was, but I knew I had to buy one of their CD's to check out a whole album. At the time the only Cardigan song I knew was ""My Favorite Game"", and I had thought they were a pure light-weight pop-act.
I chose to buy ""Long Before Daylight"", and I could not have made a better choice. Great songs, great playing, great productions, fine lyrics and a terrific versatile singer in Nina Persson. This band had really matured since ""My Favorite Game"". Anyone who likes Sheryl Crow will like this album too.
Opening with the ballad ""Communication"" the high standards are set right from the start. The up-beat ""You're the Storm"" is equally strong.
""A Good Horse"" could have been the song I mistook for Sheryl Crow.
""The acoustic ""And Then You Kissed Me"" is simply beautiful - a song that would also suit Lisa Ekdahl.
The airy ""Couldn't Care Less"" is my least favourite on the album - maybe it needs some more time.
""Please Sister"" is another highlight - a little like Roxette; when they're at their best!
The hit-single ""For What it's Worth"" is simply a catchy pop-tune; and a great one of its kind.
The hymnal quiet ballad ""Lead Me into the Night"" is another beautiful melody.
The melodic pop-rocker ""Live and Learn"" is just irresistible. One of my present favourites!
The final two tracks are both lyrically very moving. ""Feathers and Downs"" is a magnificent ballad. The final track ""03.45: No Sleep"" is a very logical choice for closing the album; describing strong feelings that may come to you on a sleepless night. Mellow and still very catchy - a highlight!
This album must be ""The Album of the Year 2003""!! At least I'll give it my vote!",positive
"Again they are the best in bluegrass.  Hard charging talent, wonderful people when you meet them in person.  Love you Guys",positive
Product as posted. Good sale.,positive
EXCELLENT OLD SCHOOL. :),positive
"INFINITA is calling my name... I think it's calling yours too. A warm, sun washed, Spanish-infused guitar collection of tunes complemented by an all-star ensemble of internationally renowned musicians. It's impossible to resist the ethnically diverse grooves that drive Lawson Rollins' new multi-cultural solo debut (available May 20th). You may know the virtuoso guitarist from his acclaimed work with the Latin group Young & Rollins. INFINITA features musicians from the Middle East, South America, Europe and the United States, including the legendary Brazilian singer Flora Purim, Persian-American producer/musician Shahin Shahida (Shahin & Sepehr), multi-platinum selling producer Dominic Camardella (Ottmar Liebert) and Grammy winning violinist Charlie Bisharat among others. This outstanding album is a richly decorated tapestry of jazz and World Music. Honestly, this project sneaks around the walls of both genres, pushing the boundaries even further. There's such great depth to all eleven tracks, don't be surprised if INFINITA takes up permanent residence in your car CD player or dominates the Most Played list on your iPod. From the loungey, ""Caf&eacute; Jobim"" featuring Purim, to the rich groove of ""In Motion,"" to the cinematic, Middle Eastern-influenced ""New World Raga,"" Lawson Rollins carves out his solo place in the eclectic world of nu music.",positive
"Very good, I just love it.",positive
"These are brilliant songs, from the blasphemous ""Snakes of Christ"", to the ballad ""Her Black Wings"", and so on, this is a dark gothic awesome cd. At this time lead singer and songwriter Glenn Danzig was obsessed with demonology and darkness. In fact, he rarely came out in the daytime. His skin was so pale it made Casper the Friendly Ghost look tanned. He has big muscles and sings with a deep Elvis Presley-esque voice in some songs and a higher pitch in others. He writes love songs so half his fan base is female, and industrial hardcore rock, which is why half his fan base is male.
David Rehak
author of ""A Young Girl's Crimes""",positive
"Forget labels, titles or formulas: progressive, hard, metal, hardccore, etc.. THis CD by Marillion is simply first-class music, a real musical journey, anchored in keyboards and in a conceptual theme. Amazing, unforgetable and standing the test of time.",positive
"I had the good fortune of being introduced to China on vinyl, my second exposure to vangelis.

This album will upset a lot of people. Firstly the title implies some literal interpretation of chinese themes - it is not. Secondly it defies any classification as to style of music: It is too lively to be ambient, it is too organic to be electronic. Thirdly, it is epic yet far too short!

This album is music charged with epic imagery, and together with the titles of the songs evokes magnitude in both timelessness and space, hence it is one of my favourite relaxing albums. It is one that for decades has constantly been in my the turntable and more recently cd player. This album does not age.

For the musical purists, the music appears at first listen to be slightly cliched, even chaotic, and not quite culturally genuine. But gradually the profound compositional depth of this work reveals itself. Vangelis has always been a master of melodies that are complex and beautiful, and is equally skilled in arranging a multilayered synthetic orchestra or a single piano.  The melodic theme of the grand opening track ""Chung Kuo"" inadvertently transforms into a solo piano piece that is a masterpiece in its own right.

""The Dragon"" is a strangely synchopated piece that altough it is played with very electronic sounds, still has a very earthy and organic feel. It shows Vangelis' mastery of unusual time signatures - something he integrates subtly throughout the album, and gives it a unique other-worldy flow.

Then there are hipnotically beautiful minimalist compositions like ""The Plum Blossom"", ""The Tao of Love"" and ""The Little Fete"". A kind of musical zen garden hidden between the more epic pieces.

The album closes with a double piece that in spite of its short duration appears to be almost infinite. ""Himalaya"" evokes a lengthy march through altitude, wind, rocky valleys and ice. It transforms into the closing track ""Summit"" that evokes the conclusion to the journey, the breathtaking view, and above all, complete inner and outer calm.

Altough the music is definitely nothing striclty chinese it evokes -through melody and use of eastern scales- a kind of monastic peace. To me this is still one of Vangelis' best works, it has stood the test of time. I cannot think of any other piece of music that is a worthy follow-on after hearing the closing notes of ""China"", except total silence, to allow the last notes to linger in the memory undisturbed...",positive
"Before the brilliant 'Black Holes And Revelations' Muse was relatively on the same page with their first 3 records. But starting on Black Holes And Revelations, the band began to really explore and incorporate new elements into their sound. Then The Resistance came along, which to a Muse fan was either a slap in the face or another very pleasing record, for myself, the latter. That record was beautiful in every aspect, impressively bringing even more new elements to the table. But now.....NOW we have The 2nd Law, showing the band expand EVEN FARTHER into new territory. Literally every song on the album is different from the others. Not even the last 2 instrumental tracks are in the same ballpark. More than any of their other albums, The 2nd Law stands out. All of their other records had a certain flow to them. This album has a different vibe. Since every song is different, (again, literally), a lack of a flow in the songs is created. This really isn't a bad thing at all, it's just very different from what we're used to from these guys. Basically what I'm getting to, is every song can effectively stand alone in it's own shoes. Also on this same point, you could mix around the track listing and nothing would really be taken away or affected. If you mixed around the track listing on any of their other albums it would ruin the flow. But this album would still be just as effective if you changed the track listing up.
I'm not going to mention highlight tracks, as I would be inclined to say all of them. But my favorite song is without a doubt, Supremacy.
The 2nd Law shows Muse entering new territory yet again, and the amount of experimentation here is more than any other of their albums combined.
For me this album is up there with Origin Of Symmetry, my favorite album of all time.",positive
"Back in ""the day"" Ray Conniff took some lovely classical music and made it swing.  This is a very enjoyable album.",positive
"Neil's most famous album, perfectly recorded at the perfect place, LA's Greek Theatre. In addition to being a long time Neil fan I'm also an audiophile and this recording is awesome.",positive
"As I previously wrote on The Root's comments, if you are into John Legend you will love his new cd collaboration!! Legend and The Roots worked together on an album that has seriously blown my mind (and ears haha).

anyway, this is where i streamed it for free: [...]

Also, check out their new music video! [...]",positive
If you don't have this CD it is a must have My son told me to get it and I don't regret it at all.,positive
"This cd is dope, even if you do not like crunk music this (...) will still be appealing to yo azz. Lord Infamous rips it on this joint, and the rest of dem don't do to bad eaither, lil flip makes some apperences on this album, and that enough is worth buying it, so if you are a three six fan, go out and get this album. (...)",positive
"i don't smoke weed,but he will make you wish you did !",positive
"This is a fantastic live album...Peabo and Roberta toured in the 80's and they captured their beautiful music on this cd.  If you like live music, then this is a must buy.",positive
"I swear Alpha Centauri is the sequel to Pink Floyd's A Saucerful of Secrets.  They sound so much alike it's not even funny right down to the psychedelic production and the atmospheric sounds and arrangements.  Why this album hasn't been further discovered, examined and appreciated by music fans the world over is a great mystery.

Also worth noting- I picked up the 1991 CD version and despite being old, the sound quality is surprisingly terrific.  I love it.  Going with this version wouldn't be a bad idea at all, especially considering it's reasonably cheap at the moment.

Tangerine Dream manages to impress me even MORE.  After Zeit, I didn't think it was possible for Tangerine Dream to floor me with an even crazier atmospheric psychedelic jam but... they sure did!  I realize Zeit came out after this, but still... I heard Zeit first so that's where my impression of the bands atmospheric abilities lies.

The 22-minute title song is quite possibly the greatest song they ever made.  It's not easy for me to just blurt out such an outrageous comment either.  You're probably thinking ""Come on!  The GREATEST thing ever?  Really dude?""  Yup, for real!  Tangerine Dream has its share of breathtakingly incredible songs in their humongous discography, but something about ""Alpha Centauri"" takes it to a whole new level of enjoyment.... and fear!  The ultimate definition of adventurous ambience.

Without further delay I should mention that it took me plenty of replays to actually get into ""Alpha Centauri"".  I had to hear it 8 times in a row to make *anything* out of it.  That's not an easy obstacle right there- devoting 2 hours and 40 minutes to ONE song, haha.  It's kind of funny looking back on it, but that's exactly what I had to do in order to appreciate it.  I knew there was something appealing about all the sparse arrangements, otherwise I wouldn't have tortured myself the way I did.

Well tonight a few more listens turned out to be the confirmation I finally needed to declare that this is, unquestionably, the ultimate psychedelic jam.  Obviously inspired by the late 60's spaced out (and drugged out) version of Pink Floyd, this manages to go one step beyond anything they ever did.  What strikes me especially hard is that the 22-minute track manages to combine two crucial elements of what I consider absolute satisfaction in music.  That being, combining pretty arrangements and spooky arrangements, and utilizing them *at the same time*.

The prettiness comes in the way of melodic and heavenly flute solos.  I love those parts of the jam the most.  The creepiness comes in the way of... everything else, haha.  Imagine the darkest moments of Zeit with pretty flutes, and you'll have this.  The organs absolutely TERRIFY me.  They are played so depressingly and used just right for the perfect effect.  WOW is it good!

The excitement doesn't end there.  The 14-minute ""Fly and Collision of Comas Sola"" is equally as impressive, this time taking melodic flute solos and playing them over an organ for most of the track.  It not only works, but reminds me of early psychedelic Pink Floyd almost instantly.  It never drags either which is quite the incredible surprise.

I highly recommend Alpha Centauri after Zeit.  It's worth it.  I think it seriously might be a strong contender for best album Tangerine Dream ever created.",positive
"Prokofiev's ""Scythian Suite"" is one of those pieces from the early Twentieth Century that, like Stravinsky's ""Rite of Spring,"" exploits contemporary fascination with the exotic and the primitive.  It is full of jungle rhythms and eerie chord progressions in the strings.  This old recording (1957), from the earliest days of stereo, captures all the excitement of the score.  The London Symphony Orchestra's playing and Antal Dorati's interpretation of the score have never been equaled, let alone surpassed.  You can play it on today's finest audio equipment and it will overwhelm you.  Though it scarcely accounts for 20 minutes of the 75-minute CD, it is reason enough to buy it.
Ditto with the Suite from ""The Love for Three Oranges.""  People are perhaps more apt today to hear the entire opera, but the suite has its own, more concentrated charms.  The famous ""Marche"" is done here as if it were being given its ultimate performance, but all the other movements are bestowed as close attention and as compelling a performance.
Slightly more problematic is the recording of the Fifth Symphony, which rounds out this CD.  In the first place, the Fifth is much less reliant on bombast than the preceding suites, and so takes a different ear to appreciate it.  The orchestra here is the Minneapolis Symphony.  They frankly sound a bit anemic, a bit thin in places, though tempo, phrasing, dynamics, and structure are all well turned out.  Some of the blame (if that's what you want to call it) may be laid on the Mercury staff, whose engineers sometimes tended to favor an honest reverb-free sound at the expense of an opulent one.  But even here there's a pay-off.  Toward the end of the final movement, you can hear ALL the detail in the most complex passages, and I, for one, never realized how downright interesting it all was!  Therefore I suggest that anyone who has any other recording of the Fifth ought to hear this unique aural document and see what they too may have been missing.",positive
Great sax! But you want to smoke before!,positive
"I really love the Grateful Dead so much. But I had to rebuy this cd..because of playing it alot it got scratched for unknown reason.

I have pretty much all of their studio albums, some live ones like closing winter(both cd and dvd), dicks picks 29 may 1977...etc.

Anyway I can't judge which song is better than other, I like all of them, I would say china doll outtake is alright, nothing special, but off of the mars from hotel is where it belongs and a great song.

This music right here rules over crappy hip hop, rap and rnb.

And I heard that the coach of NEW ENGLAND Patriots last year likes Grateful Dead..which is odd.

Because most people that loves sports, etc,. only likes hip hop or main stream todays crap music. ha ha

Weather Report suitie and eyes of the world, esp. the live version eyes of the world R the best.

Anyway I do and almost everybody likes sports but I still like music alot more than all 4 boston sport teams.

But still foot ball, hockey, etc. are really fun to watch.

I doubt people read my reviews, ha ha

I'm done talking on how this and that about music, gotta listen to some of my live Grateful Dead songs right now. Closing Winter Land 1978 Dec. 31st",positive
"The only hit UDS had in the US was, of course, Deeper Shade of Soul.  That's not even the best song on this CD.  From start to finish this is a very solid effort.",positive
"but, this will do for now.  I used to own both Slowly We Rot and Cause Of Death on cassette tape, but they've been either lost or stolen (most likely stolen.)  For now, I'll settle for this.  I really would like the original cause of the gritty sound, but I doubt I'll ever come across it.  This is more than satisfactory for any Obituary fan, as it is a greatest hits album, though as most know, Obituary wasn't a hot 100 band...so, yeah, this is a selection of what most consider to be their greatest songs, and I would basically have to agree.",positive
"Was that not her life before? No of course not, but after a string of hits JoDee Messina has hit the golden road with this Greatest Hits Cd. Wether giving a LESSON IN LEAVIN' (a great remake of the late and beautifuly talented Dottie West) telling her man BYE BYE, or flipping a coin and deciding HEADS CAROLINA, TAILS CALIFORNIA. Wether she's BRINGing ON THE RAIN, taking some DOWNTIME, WISHING in a WELL, or wanting her man to BURN for her, BECAUSE he LOVES her. Or blowing out of the storms of tornado alley, in YOU'RE NOT IN KANSAS ANYMORE. THAT'S THE WAY this JoDee Messina cd STANDS BESIDE ME.",positive
"Imagination had the jams back in the day Like Just An Illusion,Body Talk. Typical of The Tight Bands from Back in the day. Great Musicians who could Groove&Give Up The Slow Jams. Alot Of Fun&TImeless Jams.",positive
had the lp of this and I really missed it when it was stolen. it reminds me of how great the music was in the sixties. love the bonus tracks,positive
"The Queen of Soul's final studio album of the century doesn't measure up to her groundbreaking late-'60s and early-'70s output, but on its own terms it's one her best '90s efforts, in part because Franklin seems completely comfortable with the hip-hop inflected backings Young Turk producers including Puffy Combs and Lauren Hill bring to the party. Of course, Franklin's soaring voice sounds good in almost any context, but here she sounds more energized than she has in years, in particular in Hill's smokily atmospheric title song and her own elegant soul ballad ""Woman.""",positive
"This three disc CD set is the closest thing you will get to an all-encompassing set of non-rock and roll or doo wop songs of the 1950's.  It includes groups such as The Four Lads, The Four Preps, The McGuire Sisters, and other groups in addition to individual singers such as Johnny Ray, Teresa Brewer, Patti Page, Rosemary Clooney, and others.  The songs are dripping with nostalgia if you were a part of this era.  If you were not, you will still enjoy these timeless songs.  The songs are memorable, singable, and beg you to have a singalong.",positive
"Wow! What a great couple, feel peaceful when you listen to the cd, great investment.",positive
"After finally catching up with the Seven-Headed Beast in Vienna (Live in Vienna 12/1/16, released 2018), I immediately sought out more and turned to this Chicago concert, which adds Bill Rieflin on keyboards for eight.

Fripp and the band had intended to release the Vienna show, which was in preparation, and rushed this out first because they thought it caught their best performance.  I can't disagree!  Vienna is great, but Chicago is more intense.

This new incarnation of the band since 2014 -- Fripp calls it the Fourth Definitive Formation -- is unbelievable!  It's fantastic that they're playing the great material from the early days (the First Definitive Formation) and integrating it with the more recent music.

My favorite King Crimson is that early run from In the Court of the Crimson King to Red (1969-1974).  The trilogy Larks' Tongues, Starless, and Red is peerless.  So I hope this incarnation lasts long enough to tour some more -- I won't miss them again when they come back to Atlanta!

*** *** ***
The package is extraordinary.  A book binding holds both discs and a 32-page booklet full of color photos and an essay by Robert Fripp, the mastermind.",positive
typical guitar driven hard rock by one of the best bands out there.. you won't be disappointed,positive
"genesis really gave an outstanding collection of well produced,melodic,pop songs with their self titled album""genesis""..absolutely love this album!! highly recommended as one of the best of all time! ""that's all..mama..home by the sea..ect..just amazing talents.",positive
"At the time of this writing some 120 used copies of this album were up for sale here in Amazon for as little as $0.99. Why would anyone on his/her right mind get rid of this fabulous collection, I can only speculate about, because simply put, this compilation of John Lennon music has every single by the musical genius from Liverpool that became a hit in his lifespan (and even after his death).
To this day, almost 25 years after his murder, all his music seems ageless. It sounds as fresh as ever, and it still makes me sad: to realize such a talent was lost... When I listen to songs such as ""Love"", ""Woman"" (the first song I have an actual memory of having listened to over and over on the radio) and ""Beautiful Boy"" (a song I love to dedicate to my own son), I feel torn between the void that he left, and the joy and peace his songs bring to my heart as well.",positive
"A great release... I agree... there are no comparisons to Iron Maiden  whatsoever.  It's just straight ahead, well played hard rock.  No cliches'  (no keyboards either)... the playing and production are tight.  A  consistent record from beginning to end.  My standouts are the first 5  tracks, Into the Black, I'm Alive (with Gorham, which absolutely rocks...).  I got the Jap release, which has an xtra track on it (Hypocrisy)... That  too is great.  When I heard that Adrian got back together with Maiden, I  was both happy and sad.  I'd love to see Adrian get back together with  Makin and co. and put out another release.  Hopefully, after the Maiden  hype is over he will do so.  Highly recommended (this one is much, much  better than the first... although the 1st disk isn't bad either).",positive
"With SURROUNDED, Richard Buckner continues to produce music on a high plateau of inspiration and craft.  This is a superb album from a musician whose skill, inspiration, and level of accomplishment continue to grow, unbeknownst to the world at large.  The song ""Beautiful Question"" would be a massive radio hit in a minimally sensible world.  If you have not heard this, or his previous two, MEADOW (2006) and OUR BLOOD (2011), you will be amazed!

Everything on this album was performed by Buckner himself, including the electric auto-harp which is hauntingly featured on several tracks.  As he says in the CD inset, ""All racket was made by me in my room.""  The lyrics began as part of Buckner's fiction, but were extracted for songs.  The lyric sheet includes part of the larger texts, indicating the lines taken for the album.

Buckner has grown into a superb songwriter.  His recent albums are jam-packed with great songs with strong  melodies, hooks, arrangements, and oblique, evocative lyrics.  Buckner consistently conveys complex moods that I suspect most of us experience, but they are so evanescent that they never fully register.  What is common to most is dissatisfaction and yearning, a perfect expression of the Buddhist concept of dukkha (dissatisfaction).  This is basic to the human condition, and recognizing that it is impossible to eliminate (without eliminating thirst/craving -- tanha) is the beginning of peace and wisdom.

Don't miss the older, wiser Richard Buckner -- he is making music now better than in his younger, higher profile days as an alt.country singer!",positive
"This music is beautiful and has much magic. Ozawa`s performance
is awesome. Perfectly played, sung and balanced, is one of the best
recordings from Ozawa`s years as principal conductor of BSO. This
is an essential recording for every Mendelssohn collection.",positive
The best of all the archive releases from the original Allman's.  The sound quality and playing are amazing.  This is a treasure from another time.,positive
Love the music.  Thank you.,positive
Love the movie and the music,positive
Product matched the vendor's description and I was very pleased with the purchase.,positive
"Awsome mix of rap & r&b!! I said my predictions for an Off The Hook 2 last time, and, now ill write the song ratings for this this time!
1, Jermaine Dupri featuring Ludacris- Welcome To Atlanta (4/5) Not the best at all, but, nice collabo. JD always produces good songs.
2. B2K- Uh Huh (4/5) B2K's first song. Its pretty sad to see them broke up already.
3. Jagged Edge featuring Nas- I Got It 2 (5/5) I haven't heard this for a while and forgot how it goes like, but, a good hip hop turn for JE, I remember!
4. Lil Bow Wow- Take You Home (3/5) An annoying Bow Wow song. Try harder!
5. Aaliyah- More Than A Woman (5/5) Ditto.
6. Mystikal- Bouncin Back (Bumpin Me Aginst The Wall) (5/5) Mystikal! I always love to hear him rap. Awsome song by him!
7. Joe- Let's Stay Home Tonight (4/5) Pretty good song by Joe. Not his best, but soulful.
8. Jennifer Lopez featuring Ja Rule- I'm Real (Remix) (5/5) One of the most overplayed songs of 2001, but, I still luv it!
9. Nas- One Mic (4/5) OK Nas song. Half decent. Too angry, though.
10. Glenn Lewis- Don't You Forget It (5/5) This guy is absolutley a 1 hit wonder. Great song.
11. Ruff Endz- Someone To love You (5/5) Awsome! One of da best on the album! I wonder what happend to these guys? Theyre very underrated and overlooked to me. Their other hit was No More, which I also dig.
12. Keke Wyatt featuring Avant- Nothing In This World (5/5) Awsome! Beautiful song! Pretty popular in 2002.
13. City High- City High Anthem (3/5) No thanks. Boring. Shouldnt be City High's anthem at all. Horrible choice. I still hope they come back, tho.
14. India Arie- Video (5/5) Very cool song! Much better than Brown Skin, and, this was pretty big for her.
15. Angie Stone- I Wish I Didn't Miss You (2/5) Stupid, pointless, boring! Angie, you have much better songs than this piece of crap.
16. Janet featuring Missy Eliot and Carly Simon- Son Of A Gun (I Betcha Thing This Song Is About You) (Remix) (4/5) Pretty dark song from Janet. Missy does good, also. I don't think Carly Simon's in this version.
17. N.E.R.D. featuring Vita and (I forgot)- Lapdance (5/5) Rockin NERD tune. Its pretty weird, but, cool also!
18. Mr. Cheeks- Lights, Camera, Action (5/5) Was on Now 9.
19. Petey Pablo- Raise Up (All Cities Remix) (4/5) Was on Now 9.
20. Naughty By Nature featuring 3LW- Feels Good (Don't Qorry Bout A Thing) (5/5) DAMN this song is awsome and cute! So is 3LW. Naughty By Nature are old school and back from retirement, too. Hahahahahaha
Buy it!",positive
"It's been ages since I've found anything so soothing or invigorating to my stifled old spirit as Lesiem's heavenly music.  Their sound is quenching to the soul that thirsts for enlightening meditation.  Though it is somewhat within the same tradition as Enigma, I was very pleased to find it a more ingenious fusion of the worldly and the ethereal.  This is passionate music endowed with an array of instruments:  keyboards, drums, wind and string - including guitar - such lovely accompaniments to the otherworldly voices of the predominantly male choir.  Herein are soaring, uplifting solo vocals as well as enchanting Gregorian chants.  Tracks #7, ""Liberta"", and #9, ""Una Terra"" are especially beautiful.
This is music to read by, write by, work by, and meditate by.  It's a spiritual feast that seems touched by a higher power ~~~",positive
good album,positive
"Although I believe they are from Jersey what's in a name? Not when you have the solid vocal harmonies of Blue Lovett, Gerald Alston and all. The best seem to really be here: Kiss and Say Good bye - a huge commercial hit but not my favourite and all my favourites:There's No me without You, I'll Never Find Another, Shining Star, Don't Take Your Love, Just One Moment Away,It Feels So Good,  Shining Star, and their nice rendition of the Billy Joel song Everybody Has a Dream - nineteen songs in all. Very good Value for Manhattans fans.",positive
"One of Randy's 3 best studio albums, Trouble In Paradise and Sail Away being the other two. Also check out Live In London.",positive
"THIS ALBUM IS SPEECHLESS 'CAUSE ALL DA SONGS R GOOD IN HERE, NO DOUBT! U CAN LISTEN TO DIS FULLY WITHOUT SKIPPING TRACKS 'CAUSE IT'S DA BEST ALBUM THEY HAVE EVER CAME OUT WITH TO DATE. NOT EVEN FANMAIL OR 3D CAN COMPARE TO THIS BECAUSE IN THOSE ALBUMZ THEY CHANGED UP THEIR BEATZ. THE ONLY R&B CD THAT CAN COMPARE TO THIS IS THE FIRST CHANGING FACES. MY SONG IS DA RED LIGHT SPECIAL. I ALSO LIKE DIGGIN' ON U, WATERFALLS, TAKE OUR TIME, SUMTHIN' WICKED COMES, CREEP, AND KICK U'RE GAME (WHICH SOUNDS A LOT LIKE CAN'T HANG BY XSCAPE). SAFE TO SAY THESE GYRLS LOOKED TASTEFUL BACK IN '94 I MEAN I WISHED THEY WERE MY GIRLFRIENDZ. FINALLY ALL I HAVE TO SAY IS THAT REST IN PEACE LEFT EYE! I MISS U SO MUCH, CAN'T WAIT UNTIL N.I.N.A. COMES OUT! NEW JACK SWING 4 LIFE!!",positive
"Don't even think about to buy an other Don...It is more than perfect...It is the way it has to be...Other recordings are Don't Giovanni when you compare them with this recording...

  M. Can EL",positive
"Those post-Holocaust pessimists who foretold the demise of the Yiddish culture never reckoned with the invention of the music CD.  Here is yet another collection of vintage Borscht Belt, recovered from long forgotten LPs and re-released for a whole new generation of Jews to discover and enjoy.  Even if you don't understand Yiddish, (Yinglish, actually, since Mickey Katz sings in a mixture of Yiddish and English), you will find these klezmerized parodies absolutely hilarious.  Numbers like ""Yiddish Mule Train"" and ""Sixteen Tons (of hard salami)"" need no translation to be funny.  And who knows?  You might find out that you know more Yiddish than you think you do!",positive
"First, yes there actually WAS a railroad station known as Manhattan Transfer, and as it's name implied it was a station where people could transfer for trains direct in NYC.

That said, the current groups first studio album is awesome, and while it borrowers heavily from the ""swing"" era, it also contains great salutes to Do-Wop (Gloria, Hearts Desire), Beat (Java Jive), Gospel (Operator), and Pop (Sweet Talking Guy).

The songs from the swing era are all excellent with my favorites being; Tuxedo Junction, That Cat Is High, and the song that started it all off, Blue Champange.

The Man-Tran would go onto many differnt styles in the long and continuing career, but this landmark album started it all!",positive
"There are two kinds of people in this world. Evergrey Fans and those who have never heard them. If you are of the former group, don't worry The Inner Circle is another five star album in the string of five star albums. For the latter group, read on.

Sweden's Masters of Morose Metal are back again. The Inner Circle's is hot off the press and be assured, it's at least as good if not better than their best, which of course is better than anything else around. Evergrey's fifth album is another concept album. This time we hear the story of a impressionable member of an esoteric cult called The Inner Circle

Although I think this is a fantastic album, I don't really think the music is that much different from previous albums. It's still the same Evergrey sound even though the current lineup is entirely new, excepting the brilliant singer/guitarist/songwriter Tom Englund but I do think Evergrey has matured in it's approach to the music. The arrangements are now more complex and items that were only hinted at in previous releases are featured in The Inner Circle. Orchestration, background vocals and choirs, items that teased us in previous releases, are now integrally featured for a bigger more impressive sound.

I suppose comparisons to Queensryche and their fabulous 1988 album Operation Mincrime are inevitable. After all it is the standard to which all concept albums are measured and it too was about a cult.

So how does it compare? It's close, very close but I'm not going to judge. You be the judge!",positive
"This is the Album of the Year. It's a return to form for Alanis Morissette - deluxe edition featuring songs that are as good as anything on the album. She stretches herself in a new direction, but still stays true to herself.",positive
"I had never heard of John Mulaney.  So, I went into this CD with a healthy amount of skepticism.  So, he earned this review from me.  The first few tracks on the CD did a good job of cracking the ice, and got me warmed up to John.  By the time the last, hilarious, track rolled around, my wife and I were gasping for air we were laughing so hard.

John Mulaney is a funny man, who can tell exceedingly funny stories in a stand-up comedy routine.  His material is worth the price of the CD, if you value a good laugh.  I highly enjoyed it.",positive
"In this review I will be comparing 2002s ""Damnation and a Day"" with 2004s ""Nymphetamine.""  Since there sound is completely different on these records when compared to there early material.  We are almost talking about two different bands.  These two records are also a lot more popular.  Anyway, I had the chance to see them tour for ""Damnation and a Day"" and the show was amazing, they had half-naked fairies with disc sanders shooting sparks 10-15 feet in the air, a fat gothic opera singer,  they even had completely exposed male and female statues that started moving around stage half-way through the set, they were real people!  Needless to say it was a memorable show.  Now, i also got a chance to see them on there ""Nymphetamine"" tour as well.  I had hyped the theatrics of the show up for my friends because i was expecting a similar if not better preformance. GOD DAMN was i wrong, lame stage props and no energy in the show, Dani [vocals] looked really fat, and opening act Arch Enemy blew them away!  Taking these things into consideration when buying one of these albums is important, because the comparison i have just given you is relative to there integrity as albums.  If you like Stormlord, Arcturus, or Ulver you probably already know who Cradle of Filth is, but if you don't, then i'd consider checking this record out.",positive
My daughter loves it!,positive
Great summary album for those looking for a sample CD or just want a selection.,positive
Perfect remaster,positive
"Saw it when it first came out, but now my computer doesn't have a DVD slot, so I can't watch 'em. Sure there are a lot like me and more so each day. For god's sake, release this on streaming! I'll pay the fee!!",positive
This CD is simply amazing!  I've been a Richie Kotzen fan for over 20 years. It's so incredibly great to see him in a line up that will get world recognition! He's simply the best singer/song writer/guitarist there is! Team him with my favorite bass player Billy Sheehan and add Mike Portnoy and you have a super group! I hope they do many more CDs together! This is a must buy for any collection!,positive
"LOVE DANIEL O'. DONNELL, LOVE ALL ALL HIS MUSIC,  HE IS GREAT.+++++++++",positive
"The original release of ""Mott the Hoople Live"" always seemed like a great opportunity squandered; Ian Hunter and company sucking the fumes of desperation but not so punch drunk that they'd pass up a chance at the history books as the first rock and roll band to play on Broadway (the Uris Theatre in 1974), nor host an actual riot masquerading as a Hammersmith Odeon gig six months previous.  Their record company, CBS, dug in their heels and refused to release the tapes as a double album, though, dropping the ball again when editing time rolled around, chopping the tapes into pieces, dropping them on the cutting room floor, and then putting them back together in the wrong order.

Shame, really, because this reconfigured, expanded 30th anniversary edition goes miles beyond setting things right, revealing two sets that if released 30 years ago, would have stood chin to chin with anything released during the golden age of the live album, knocking pretenders like ""Frampton Comes Alive,"" the Allman Brothers' ""At Filmore East,"" and Thin Lizzy's ""Live and Dangerous"" into a cocked hat.

Godhead for most will be tracks from ""The Hoople"" - ""The Golden Age of Rock `n' Roll,"" ""Roll Away the Stone, "" ""Born Late '58,"" ""Marionette,"" ""Crash Street Kids""  - that CBS refused to include at the time for some reason, Ariel Bender playing as if he's either on the brink of some great discovery or a complete mental breakdown, his patented angry-hornets-sprayed-by-Raid sonic quest for world dominance threatening to derail magnificently most of the time before snapping back into place with a resounding twang, squeal, or buzz.  Don't believe what you read (and only half of what you see); the guy could play although it's possible he was making it all up as he went along, in which case he's a genius.

Hunter stakes his claim as one of the greatest front men ever - the guv'nor if you will - but when you have drummer Dale ""Buffin"" Griffin, bassist Pete ""Overend"" Watts, and pianist and resident odd duck (and that's saying a LOT with Bender on board) Morgan Fisher watching your back, it's difficult not to feel bulletproof.

While there may be a thousand happy stories in the big city, unfortunately this isn't one of them.  Mott the Hoople would never fly this high again or really get off the ground much at all save for a few halfway decent farewell singles with Mick Ronson in ""Saturday Gigs"" and ""Foxy Foxy.""  Before you could say ""Once Bitten Twice Shy,"" Hunter was in the hospital suffering from nervous exhaustion and Griffin, Watts, and Hunter ran off with the band's first name.  Me, I'm still sitting on my hands waiting for the reunion gig and obligatory studio album with BOTH Bender and Mick Ralphs, currently scheduled for the twelfth of Never.",positive
"Sandi Patty was a force to be reckoned with in Adult Contemporary music during the 80's.  This release from 1984 shows exactly why she was so popular.  Not only does she have an amazing voice, but the songs she records have an amazing focus on praising God.
The CD opens with ""Give Him the Glory,"" a fun, upbeat praise song.  I was surprised to find it was co-written by Steven Curtis Chapman.  I didn't realize that he was writing music that early.  ""Sing to the Lord"" follows in the same vein, as does ""Wonderful Lord.""
""We Will See Him as He is"" is a song focusing on getting to see God when we get to Heaven.  The ending gives Sandi a chance to show of her incredible range.  It never did capture the attention of her song ""We Shall Behold Him,"" but it's every bit as good.
Sandi's first child, daughter Anna, was born that year.  This event inspires ""Cradle Song,"" a tender song of amazement at God's miracle of birth.
Of course, the highlight of this disc for fans is the incredible song ""Via Dolorosa.""  The first time I heard this song, I was captivated by the powerful picture of Jesus walking down the road toward his crucifixion.  20 years later, it's still a Good Friday staple for me and countless others Christians who love it.
Three songs later, we get the other side of the weekend with the joyful anthem ""Glorious Morning.""  This is a wonderful praise song celebrating Jesus rising from the dead.
In between, we get a request to be used by God in ""Shine Down"" and reminder of the Power we can tap into with prayer in ""Pour on the Power.""  Both songs are fun, upbeat tracks.
""Purest Praise"" celebrates the praise that children of all ages give God.
The last track is probably one of Sandi's most vulnerable tracks ever.  Sandi actually co-wrote ""The Stage is Bare.""  This moving ballad is a prayer to feel God in her life when the spotlight is not on her.  Combined with ""I Need Thee Every Hour,"" it creates a powerful close.
There really isn't a bad or dull track on this CD.  I was amazed to realize it was released 20 years ago this year.  It doesn't fall into a trap of sounding too 80's, so still holds up well today.  Anyone looking for some wonderful praise music from an outstanding talent will love this disc.",positive
"Of course who wouldn't buy this album. I loved how the packaging came in, it also came with extra BTS photo cards and candy. The CD did look a little messy like small dots were on them, but it did not affect the CD whatsoever.",positive
order was received within 1 week excellent service I would definitely use this vendor again and recomend it to other purchasers,positive
"I like all the Ferguson albums recorded in the 1970's. I have this album on vinyl so was
happy to see it available in mp3 format.",positive
"One of any kind, masterpiece, from the son of the greatest drummer in the world, of one of the greatest influential heavy metal bands, Led Zeppelin. A must have for the collector of one Hit wonders and iconic bands.",positive
"I highly recommend this CD. Every now and then I get a new CD that I just can't stop playing, and this is one of those at least for me.",positive
love it,positive
"I have never heard of this band until i decided to randomly buy this album just to see what this band was about i saw they we categorized along with blur, oasis, verve, etc so i checked it listened to some of their song clips and clicked away to buy this cd. When it came in first thing i did was pop it in my computer and listened to the entire cd from the very first song till the end, which is hard to do specially with the opener ""BEAUTIFUL ONES"" amazed me and instantly fell in love with the song. Then i listened to the rest of the album and i am now a huge fan of this band. I love the 90s decade GRUNGE and BRITPOP was probably the last great genres to exist. Suede is an amazing talented band they write great songs, great guitar riffs just an outstanding band. I recommend this to anyone!! and everybody to get introduced to this bandl.",positive
I put this on and dance in my chair at work.,positive
Purchase for a friend. Loves,positive
A wonderful musical masterpiece,positive
Had to have it!!!,positive
I found this CD by accident and LOVE IT...a SLAB OF CLASS ...R&B or Modern Soul ..Neo Whatever ..Res is so Talented it's hard to believe she has not been discovered by the mainstream ...but then again that may change her in a negative way ...God Bless you Res ..,positive
Fun CD  I love it when bands cover songs of a different time or genre.,positive
"I first heard one of his songs on a Kia commercial then I came to Amazon to listen to some of the previews. I'm not a huge fan of electronic or techno music, but this album is really groovy and reminds me a little bit of the early sounds of the Neptunes.",positive
"Even though the line-up for this album were all either current or past members of Yes, Chris Squire, having owned the rights to the name, refused to allow this album to be called a Yes album. Regardless of this petty action this is definitely a Yes album. Not only that, it's much better than the stuff Chris Squire's Yes was putting out at the time. This collection is also closer to the Yes of old than the ""real"" Yes of that era. I'm just glad Chris lightened up enough for the ""Union"" album and tour to happen. So, bottom line, if you like Yes you'll like ""Anderson, Bruford, Wakeman and Howe"" because, let's face it: this IS Yes at its finest.",positive
Wow! Wow!,positive
"why oh why did we have to wait ten years for another album from the Cowboy it is wonderful to hear his voice again along with an who's who in country music. This album features 12 track all written or co,wrote by Cowboy Jack Clement and unless his friends in the music business can find other recordings he made and release them we the listeners will miss out on a truly talented musical genius  .Anyone not familiar with Jack Clement should give this album a try I feel sure you would then want to hear All I want to do in Life and Guess things happen that Way. three albums that's all in a career of nearly 6 decades.  R.I.P. Jack",positive
"If you like Enya, you'll love this album.  I know how many times I have played her other albums.  They are not only music but they set a an ambiance to whatever space you are in.  Also, the holiday theme is really nice.  Also, it is a nice variety to other holiday music out there.",positive
Highly recommended!!,positive
"I LOVE this CD. Despite other reviews which make you think it's weak, forget it! Buy it you won't be sorry. If you purchase it at Circuit City it has a bonus cut, This Could be the Start of Something Big taken from Aretha Franklin's version 1965 CD called, ""YEAH"". This is classic Chante' ya'll. ALL GOOD.",positive
An old favorite that my Grandson loved when he was small.,positive
This is a GREAT album.....I don't know why so-called Type O fans just push it aside........truly a piece of art!,positive
Good music,positive
Great Album,positive
"This album is a garish, loud time capsule for what will be 2008.  An amalglam of throwback sounds and robotic futuristic tones.  The consensus of this album is as usual...mixed... hate it or love it, someones going to love this album.  The work on it is cold, danceable, and on repeated listenings fantastic.  I personally love all the tracks here.  The producers fill the tracks with little quirks, noises, beats, and blips to make any dance fan go crazy and there's nothing wasted here.  The highlights for me are ""Incredible"", ""Spanish Lesson"", ""Candy Shop"" (which I thought was mixed incorrectly at first...no bass hits whatsoever), ""Heartbeat"" and ""Beat Goes On"".  These songs are all pitch perfect and are another great addition to Madonna's ever changing repetoire.  I see all the haters out there as usual, listening to samples and acting like they bought the record. I heard it pre-release and was into it.  I'm a music junkie...unless you want me to listen to and like bands like Daughtry or Nickelback (Ick.) or something I just can't relate to at all (like Neal Diamond or Barry Manilow.) and have to give anything a chance.  The only major offense to me about this album is the Garish, disgusting cover.  I had the same problem with Janet Jackson's Discipline...hideous and wet...but it to was an amazing piece as well...I believe that Madonna will continue to do as she pleases because she is a headstrong woman who's been around the block of the music business for a long time.  She won't care about reviews, and she knows that fans will enjoy this as much as she probably did making it.  And to quote the queen herself...""Get Stupid, Don't stop it...see my booty get down like uhhh."" Classic...",positive
"My fellow bay-area banshee-esqe counterpart below hit the nail on the head with this one.
This is my favorite amongst favorites of Echo & the Bunnymen releases.  It is completely beautiful, acheiving such incredible  melodies and lyrics that it is almost beyond words.
I guess I can best  sum it up in the following way:  I remember, at the time, I was living in  San Jose, Ca.  I was watching MTV (remember when it was decent...Kevin Seal  on 120 minutes and such?), and on came MTV news...the latest word...drummer  Pete de Frietas of Echo and the Bunnymen was dead.  Hit by a truck while  riding to the market on his motorcycle.  He is survived by his wife and  child.
It cut like a knife.  I was a (young) teen, hooked on Echo,  Smiths, New Order, Cure and the like.  These guys don't die...do they?  Ah,  there's the rub.
So, without further ado, I reached for my ""Ocean  Rain"" cassette, temporarily passing up the poignancy of ""All my  Life"" on the self-titled tape.  The music and lyrics touched my soul  at that moment in such a way that I can barely describe it.  Yet, sitting  here in my office, over ten years later, I can feel it and recollect it as  if it was yesterday.
Get this beautiful cd if you don't already have it.  You will love it.
In closing, and in effort to try to not make this  review too much like something out of the ""All Men Have Secrets""  book on The Smiths, anyone remember seeing Echo and the Bunnymen with New  Order and Gene Loves Jezebel? ....1987-ish....Berekly, CA? Amazing...",positive
"I originally bought this after seeing the ""Worship the Great I Am"" (Live) video by Gateway Worship on TBN.  This is an excellent collection of worship songs that are not only uplifting and powerful, but the musical arrangement itself is very nicely done. This is not only one of my favorite worship albums but also one of my favorite overall albums, out of any genre of music. Some of my favorites from ""Forever Yours"":

""As We Pray"", ""Forever Yours"", ""Love Has Done It"", ""God and King"", ""All He Says I Am"", ""The Father's Love"", ""139"", ""Worship the Great I Am"", ""The Whole Earth""...

The vocals on ""God and King"" by Rebecca Pfortzmiller are stellar and the strength of her voice is overwhelming (in a fantastic way) throughout this tune.

It would definitely be nice to get the accompanying DVD with this, but I have not seen it on Amazon -- I have only seen the individual videos on YouTube......",positive
"Grinspoon's first milestone. A must have for Grinspoon fans - if you like Aussie band, silverchair, then you'll love Grinspoon. Four piece rock band who started off in the town of Lismore, NSW Australia, and have now done an  American tour. Get your copy today.",positive
"I honestly don't understand why anyone would want to hear ""Amazing Grace"" any other way but slow.  Lari White sings it beautifully, with reverence.  That's the way most of these tracks are.  The females are the highlight.  Lari White, Martina McBride, Susan Ashton, Allison Krause, and of course Emmylou. The production values are better than you can find on any  country gospel album.  I think Martina McBride's ""How Great Thou Art"" is being played on loudspeaker at the pearly gates for eternity.  I'm not overly religious or emotional, but this album sooths my soul and brings a tear to my eye.",positive
"It has taken a year for Universal to release Jonas Kaufmann's recital of German arias in the U.S., a pattern that is growing too familiar. Does this signal that the American market has dwindled far below the European?  Now that it has arrived, the five-star reviews that preceded the new CD don't leave much room for surprises. Decca is marketing Kaufmann as an all-purpose replacement for superstar tenors like Pavarotti and Domingo, but he's a cat of a different stripe.  Born in Munich and now forty, Kaufmann has fit himself into his native German repertoire, and a voice once small enough to sing Jacquino in Fidelio has grown and darkened to the point where he debuted his Lohengrin last summer. Therefore, one foresees a career trajectory that will probably imitate Siegfried Jerusalem's, taking a semi-Heldentenor and pushing it to eventually encompass heavier Wagnerian roles. Of course, Kaufmann has a choice, and even though his tone is naturally baritonal, he may continue to sing Puccini, Verid, and Massenet, where he's already scored considerable success.

I am delighted with his artistry, excellent intonation, and discipline. Kaufmann's voice is also quickly recognizable, which sets him apart from other rising tenors; you can't become a star without ""face"" in your singing. I've waited rather late to comment on the CD itself, but there's nothing to criticize. Every aria is done with style and considerable charisma. Kaufmann's voice used to have more of the thrilling ping at the top that the Italians call squillo, but German tenors don't need it, really, as witness Jerusalem's smooth delivery. Kaufmann is equally smooth and consistent from top to bottom. Only in Tamino's ""Das Bildnis"" aria does memory bring back the incomparable Fritz Wunderlich, who had squillo aplenty and whose ghost haunts all German tenors four decades after his premature death.

But the ghost is almost banished by Kaufmann's fervent, perfectly voiced rendition. German tenors tend to have one of two flaws: the tone can be beefy and therefore dull and workmanlike, or they can develop a snarl, which is noticeable in Peter Schreier and Rene Kollo. To be candid, Kaufmann's timbre used to be a little sweeter, but that's true for almost all tenors passing into middle age, vocally speaking. Kaufmann is free of either flaw and has every virtue.

It's unusual to see excerpts from Schubert's operas on a disc like this, but Kaufmann has made a bit of a name in this repertoire. but his signature aria is Florestan's ""Gott! Welch Dunkel hier,"" and he is as stunning as ever, fearlessly encompassing the aria's wide vocal range and dramatic demands -- no one since the days of Jon Vickers has sung it better. I wish the aging Claudio Abbado had supplied more vigorous accompaniments, but with several listenings that has become a smaller complaint. It says a lot about the hope being placed in Kaufmann that a first-rate conductor was provided.  It's a finger post to the future that the program ends with items from Die Walkure and Parsifal. Nothing seems to stand in the way of an excellent Siegmund and a hero of the Grail.

P.S. March 2013 - My last-sentence prediction wasn't exactly supernatural, but it's gratifying that Kaufmann has gone on to great acclaim in Walkure and Parsifal at the Met.",positive
"Dru Down opens up his career with the release of ""Explicit Game"" back in 1994. The CD starts off with the bay area classic ""Pimp of the Year"" in Ant Banks put down some serious trunk rattling bass for Dru to lace the track. That track did not get any airplay here in St. Louis as well as a lot of non-mainstream acts from the west coast. Another track that is dope is ""Rescue 911"" in which my favorite producer on the planet Anthony ""Tone Capone"" Gilmour hooks up with Yukmouth of the Luniz starting off. This CD did introduce the Luniz on here. Also, the next track ""Realer Than Real"" was also produced by Tone Capone as well. ""Talking S***"" is one of my favorite tracks on here with Ant Banks hooking up a dope beat to it. My favorite track on here is ""No One Loves You"" with my favorite beat that was used from the S.O.S Band classic ""No One Gonna Love You"". Other tracks to note is ""Ice Cream Man"", ""Hoo Ride"", & Ain't No Stoppin'. Overall this CD is good but ""Can You Feel Me"" is better. Go pick this CD up for you Dru Down fans.",positive
"Yes, this is the album that defined the so-called ""Gothenburg Sound"", by its greatest practitioners IMHO. ""Punish My Heaven"", ""Edensong"", ""Lethe"", and ""..Of Melancholy Burning"" are all classics, mixing intense melodies with frenetic death metal rhythms. Without Dark Tranquillity, there would be no so-called ""New Wave of American Heavy Metal"". Along with In Flames, Dark Tranquillity are amongst the two original purveyors of melodic death metal that are arguably still relevant, and unquestionably still producing great music (though personally, I am more partial to DT). Definitely a must-buy classic album.",positive
"I love the music of Enigma, and this video is a fantastic visualization of the music.  It has images that are mystically beautiful and others that are very sensual and erotic.  It is like imagist poetry in video and music.  The only thing I didn't like was the singer appearing in the last piece--it would have been nice to have kept it full of archetypal dreamlike images, but I suppose he wanted to get into the act the way some painters paint themselves in their paintings.  Unlike some reviewers, I don't find the repititions of some of the video as a bad thing--they connect the movements together into a unified theme.  The method of interpenetrating images reminds me of T.S. Eliot's The Wasteland as a sort of imagist poem in video with music.",positive
"Great music, nice material choice, new ideas and old traditions mixed in a exciting way. Break free from the usual Christmas sound and try this CD.",positive
"Robbie Williams is a great singer and everybody should check this live DVD. It's a celebration of old classics performed to a very selected audience, in an one night only concert at Royal Albert Hall. Robbie performs with a big band, recreating some classics --""Things"", ""Beyond the sea"", ""my way"", etc. There's an original song composed for Robbie's album called ""I will talk and hollywood will listen"" which captures the show spirit. Robbie is an interesting artist, because he's on the stage in a tribute to Mr. Sinatra, but at the same time tells dirty jokes and talk with the audience. One of the greatest moments of the show happens when Robbie sings a very emotional duet with Mr. Sinatra, featured at the big screen on the stage. The royal albert hall did not resist the performance of ""my way"", leading Robbie to tears with the audience's response to this song.
I'm sure some people may have criticized Robbie for taking the big step of performing sinatra's songs. But if you watch this show, you'll see he is a very talented singer and did a great job. The show/CD are a tribute and an invtation to his fans, who probably do not listen to old classics.
But the DVD has a lot to offer. Besides the whole concert, it brings a documentary ""Well sung"" with the backstage and recording process of Robbie's CD. ""The day job"" is also a documentary, with bits of Robbie's videos and performances for TV. Very intriguing! Also the DVD has the ""somethin'stupid"" video and the backstage of the shooting with nicole kidman.
Two things I missed: the live performance of ""somethi'stupid"", even without nicole, and english subtitles to the great songs performed.
Anyway, it's a 5-stars DVD!",positive
"This album is a great collection of all of James Brown's absolute mega-hits. Of course he has written so many great songs that this is simply  a skimming of the absolute best songs. I had no real James Brown albums  before I bought this one, but I had heard enough of his stuff to know I  wanted at least one CD and this is it, this is the best CD there is with  respect to his work, and may well be one of the best Soul CDs of all  time.
I love it because the songs just want to make you jump out of your  seat and start boogieing. It really makes you want to dance. It also has  very emotional songs that are filled with energy.
There are of course the  songs everyone has heard from ""Papa's Got A Brand New Bag"" which  is an absolute great song that makes my foot tap involuntarily every time  it comes on, to ""Get Up"" which has that weird over the top sexual  innuendo that James Brown is so good at, to ""Super Bad"" which  might very well be the best song on here, ""I Got You (I Feel  Good)"" which might be the most well known song. But there are also a  lot of songs that are awesome and not heard nearly as much like ""Get  On The Good Foot"" with those sexual plays again, ""It's A Man's  Man's Man's World"" which at times seems almost to be ironic, and  ""Think"" which is an emotional appeal.
I highly recommend this  CD to everyone! This is the one James Brown CD you have to own. And if you  really like this though they have a lot more funk going on I recommend  Parliament's ""Best of Parliament"" as well for some more of this  funk-soul sound.",positive
The Ultimate album of the singer-songwriter period in music history (1970-1973). THE classic album of the 1970's!!!! Still selling after more than 44 YEARS!!!!!!!,positive
"I'm sorry, I don't even know what the hell I'm talking about.

Buy this album if you like sex. Christina Aguilera IS sex!

Now I'm going to go lock myself in my basement and sentence myself to isolation and self-torture. I apologize.",positive
Great collection. Everything I expected,positive
"I am a fan of this series as it often is the only place to find old school classics. Songs that were popular back in the day, but by either one-hit-wonders, or artists with out of print recordings.  This CD is the only  place I could find ""Firestarter"" by Tease, and ""Sugar Free"" by Juicy.  I also enjoyed ""Who Do You Love"" by Bernard Wright and  ""Come into My Life"" by Joyce Sims.  This collection is from a day when slow jams were more than just the whining you hear on the radio today.  There was rhythm, there was funk, there was soul.",positive
"Although I've always listened to ""off the beaten path"" bands like Sonic Youth and PJ Harvey... I had never heard of S-K until the New York Times had a long Sunday article about them back in June. Three weeks  later I've purchased their entire studio catalogue and am still in the  process of digesting and appreciating this very talented and unique band. I  won't echo other reviewers' well-thought-out comments, but will share with  you the question that comes up most when I listen to these passionate,  finely-crafted and performed songs: Why is this band not appreciated more?",positive
Awesome music to listen to at work,positive
"This is a awesome cd it is fun and enjoyable to listen to the best songs on this cd are

Tracks

2. Evil Deeds
3. Never Enough
7. Puke
10. Rain Man
11. Big Weenie
13. Just Lose It
14. Ass Like That
16. Mockingbird
18. One Shot 2 Shot
20. Encore

if you have not listened to this cd then i recommend you do",positive
"The pop duo known as WHAM! led by George Michael. This is their last effort in 1986 before George went his separate ways, then released ""FAITH"" in 1987.
I have the import version of this and it comes with a nice slipcover. The music on the CD is the same though. I love it and loved all the songs. I did like the version of ""FREEDOM"", which is slightly different than that of the version on ""Make It Big"" from 1984. It is longer and George is heard singing louder with a few additional lyrics toward the end.
""EVERYTHING SHE WANTS"" is a nice Remix. This is the version used for their video of the song.
""I'M YOUR MAN"" is a shorter version, pretty much the radio version here in the US.
The longer version is on the ""Music From the Edge of Heaven"" CD.
""CARELESS WHISPER"" is a shorter version here. There is a longer instrumental build up and George has a few lines of lyric before the song really begins. The longer, nicer version is on ""Make It Big"". Get the import CD of that album as it sounds much better than that of the original CD release, hands down. It's a white cover with the guys on front, George wearing a black jacket, Andrew wearing a white jacket, seen hovering over Michael.
Unless you want ""Blue (Live)"", ""Wham Rap! '86"", or the longer version of ""I'm Your Man"" (which are on ""Edge of Heaven""), you can pretty much stick with this release as most of that album is on here. That's a good thing, too, as ""Edge of Heaven"" has yet to have an exclusive remaster job on it and most of the CDs produced in the 1980s had crappy mastering jobs. Low recording volumes and analog hiss was evident in quite a few CDs.",positive
"I find it remarkable that great jazz instrumentalists have a distinct ""voice"" easily recognizable in just a few notes. Stan Getz's much admired tenor saxophone sound in lyricism, strength, meaningful phrasing, and shape is unique, and we hear it in splendid fashion in this newly unearthed buried treasure from the archives of San Francisco's Keystone Korner, recorded in 1976. This album has intimate ambiance. The performance has spark. The tune choice has variety and balance. Getz and his bandmates Joanne Brackeen at the piano, Clinton Houston with his bass, and the young Billy Hart, drums, give us a brilliant performance. Among the highlights for me is Wayne Shorter's Infant Eyes, a favorite composition, and Getz's profound reading and Brackeen's tender piano work brings forth aesthetic tears. The up-tempo track that follows, Kenny Wheeler's The Cry of the Wild Goose, is full of energy and drive yet happiness reigns as the music seems to tell the sweet saga of the bird. Horace Silver's ballad Peace is not serene but that of comfort and ease, which describes Getz's trademark expressive tone. Brackeen's solo in Ellington's Prelude To A Kiss is a stunning improvisation in development and variation. Package notes includes photographs and reflective commentary from Hart, Brackeen, and producer Zev Feldman. Thus, jazz lovers will rejoice on hearing this wonderful album.",positive
"Clearly there are two standards for evaluating a hits collection such as ""Ultimate Divas,"" which proclaims that it has assembled the greatest female vocalists of our time (The first caveat is that you have to have been around for about a half-century for Billie Holiday, Lena Horne, and Judy Garland to be a part of ""our"" time).  The first and most important standard is whether or not these are indeed the greatest female vocalists that you could put together on one album (the second caveat seems to be that the singers are of child bearing age as of 1999, since the wunderkind of the bunch is either Toni Braxton or Mary J. Blige, but I am not looking up dates of birth).  This album starts with Billie Holiday and ends with Aretha Franklin, it has Lena, Horne, Sarah Vaughn and Ella Fitzgerald, you get Tina Turner and Diana Ross, there is Annie Lennox and Toni Braxton, and you have Patti LaBelle and Whitney Houston and that still leaves four more.  Who is missing?  Well, Barbra Streisand is the obvious voice choice for me; my kids would probably say Mariah Carey and if you are talking women of power there would be Madonna and Janet Jackson.  But even if you do not think the talent level grades out at A+ it still has to be a solid A.
The other criteria is what the Divas sing on this album.  Of the 17 Divas less than half are signing their signature tunes.  Getting ""yes"" votes on the topic would be Billie Holiday's ""My Man,"" Lena Horne's ""Stormy Weather,"" Judy Garland's ""Over the Rainbow,"" Tina Turner's ""What's Love Got to Do With It,"" Annie Lennox's ""Why,"" Diana Ross's ""Touch Me In The Morning,"" and Toni Braxton's ""Un-Break My Heart.""  This is not to dismiss the rest of the tracks.  Ella Fitzerald's ""Someone To Watch Over Me"" is a personal favorite, and ""I Have Nothing"" shows off Whitney Houston's voice as well as anything.  The rest are fine, but the treat for me is Aretha Franklin's ""Nessun Dorma,"" which I remember from the 1998 Grammy Awards.
The Queen of Soul was already scheduled to sing one song and when Luciana Pavarotti bowed out at the last moment she not only agreed to sing another song in his place, she sang his song.  If you have ever heard Pavarotti you have probably heard him do this tenor aria from Puccini's ""Turandot"" because it is his standard encore piece.  I thought hearing Franklin do ""I Had a Dream"" from ""Les Miserables"" on the 1992 Inaugural show was a treat, but this was just awesome.  I would have graded ""Ultimate Divas"" out at 4.5 overall but I have to round up just because you get this track.  For everybody else my best advice is to pay attention to the first criteria and not the second.  On this collection you probably have the songs you really like, so picking up this album is your opportunity to example your notion of Diva-ness.  Give Britney, Christina and the rest of the youngsters and go for the finely aged voices from the past.",positive
"EWF's 70s' LPs were just outstanding, and this may be the best (aside from I Am -- I'm indifferent on the two personally). Leading off with ""Serpentine Fire,"" the band segues into ""Fantasy,"" which may be the best ever EWF tune. ""Fantasy"" is a musical masterpiece, combining harmonious vocals, funk, and horns into one of the most thoroughly enjoyable refrains of all time. After that, it continues to please -- ""Jupiter"" moves and moves and MOVES, and then evolves into the slower ""Love's Holiday"" and then to the wonderfully brilliant Philip Bailey vocaled ""I'll Write a Song For You."" ""Runnin'"" is easily one of the best instrumental contributions I've ever heard, with outstanding trumpet and saxophone solos.",positive
Happy with the purchase.,positive
"This is an interesting musical experience from a band that has already pushed the musical envelope with 'Lateralus'. I must say that this is not quite what I expected from Tool and therein lies the magic of this album. It is really superb and just goes to show that we, as an audience, really don't know what to expect from this creative band. This is a sonic journey that really challenges and excites the listener. But it is also great rock music and I must say that with each listen, I become more enmeshed in what is a deftly spun musical web. The musicianship really is exceptionally good and each track is carefully crafted - this is the musical equivalent of a novel you just can't put down! Deep magic indeed - I predict that this album turns out to be a classic.",positive
"I really do like the direction that In This Moment went with this album. It takes the sound that was found on Blood and brings it to its logical conclusion. I really see this album as being right home the industrial metal explosion of the mid to late 90s. I'm a huge fan of that era so I really like the sound here. This album also has a huge amount of tongue in cheek goth metal inserted in as well. Also once again Maria Brink demonstrates that she has probably one the best singing voices of any one in Metal, or even music, at the moment. She has a great amount of versatility and power to her vocals, that aren't lost even in live performances. If you like the album ""Blood"" then buy this album now. If your a fan of early In This Moment, listen to the singles and make your judgement before purchasing.",positive
OK. A definitive work. Perhaps the greatest album of all-time. But does anyone else find I Want You/ She's So Heavy to be a bit much?,positive
the BBC stuff is awesome!,positive
I love this greatest hits album,positive
"Not a whole lot to write, except that Amazon requires it. If you're a fan of the Steep Canyon Rangers you'll love this set. We're big fans of NPR's Says You and when they were in Charlotte this year they had these guys on stage. Very cool.",positive
"This CD (which was taken from shows during '89 to '90) is different than the other live Grateful Dead CD's.  It is mellow and light without being boring like Reckoning.  It is also rich and lush, with a light jazz  influence.  The sound is closest to Wake of the Flood, but the songs are  all stretched out.  It does have the famous Grateful Dead jamming, but with  the harsh psychodelic/acid edge removed.  It is sort of like something Sade  would record if she were to take LSD.  You can really get into this album,  but at the same time it is one of the few Dead albums that could be used as  background music for a Sunday brunch.
Eyes of the World is especially  spectacular with the Brandon Marsalis sax solo.  If you really like this,  you might want to check out Marsalis's sax solo on Widespread Panic's  ""Light Fuse and Get Away""",positive
"One of those rare CDs that I couldn't be without.  I heard Set The Controls For The Heart Of The Pelvis on 88.5 in Atlanta Ga. and rushed to find this disc.  It's mix of dance, soul and pop is wonderful.  And for 1996 it was very original.  Many bands have picked up this sound since but few have mastered it like it is on Oedipus Schmoedipus.  A blind buy for me after hearing one song and I've never regretted it...even after the 100s of times I've played the disc.",positive
"This is so good.  The recording quality was superb, analog back then and Frank is at his peak.  The amazing part of this Mofi SACD is that we now get to hear it like a studio playback.  Superb music and performance and a great job of procuring a high quality master tape and translating it to SACD for us.",positive
"ALL COUNTRY, AND GREAT PRICE AND FAST DELIVERY",positive
"Miles Davis-Sketches Of Spain *****

On a personal note, Sketches Of Spain is with out a doubt my all time favorite Miles Davis album. Now I am not saying that it is his best album, I'm just saying that for me personaly it is a favorite.

Considered his third straight masterpiece with arranger and conducter Gil Evans, Sketches Of Spain is a jazz album to me unlike anyother, especially in the cannon of Miles Davis. Now many say that Sketches is in the same category as his best, Kind Of Blue, as well as Porgy And Bess, and Miles Ahead. Yes it is in the same category as Kind Of Blue in the sense that this is a masterpiece along side it, but the two albums are nothing alike, which is why the few that don't enjoy Sketches don't enjoy it. As for Porgy And Bess, and Miles Ahead it is only comparable with those because those too were recorded with Gil Evans, but in this reviewers opinion not to the same results.

Made up of a backing orchestra completly put together by Gil Evens and conducted to back Miles as he plays the trumpet and fleugolhorn. This sort of contrast makes for an interesting listen all around. It was around 1959 and Miles was introduced to a spanish-classical piece intitled 'Concierto Do Aranjuez' (which appears here as track one) by the composer Rodrigo that he was so inspired by what he called 'the spanish tinge' that he researched everything he could on Gypsys and flemico music; thus inspiring him to record the Sketches album with Evans. Though the original was in guitar Davis transcribed it over into trumpet adding a new flavor to the piece. The last track on the original album, and number five here is 'Solea' which is a Evans piece branching the blues with flaminco, and to sumerise with a word is breathtaking. Between the open and close we have 'Will O The Wisp' which is a classic ballat piece. 'The Pan Piper' which is much along the lines of 'Wisp.' 'Saeta' is a favorite off the album combining jazz moods with spanis tones and tons of latin feel. Davis shines his brightest during 'Saeta' especially toward the end.

With the new remaster of Sketches Of Spain are three bonus tracks the first of which being 'Song Of Our Country' which feels more like Sketches of Brazil than Spain but still suits the album nicely as it was recorded during the same sessions but not realeased uintil the early 1980's. Also included is the very first take of 'Concierto De Aranjuez' which upon listening is easy to understand why they chose to rerecord the piece. Finally is analternate ending to the track 'Concierto' which once again not as wonderful as the album version but still a cool piece to experince.

Sketches Of Spain is the perfect jazz album for any mood. It is easily among the top five Miles Davis albums of all tilme and in my opinion among the top ten jazz albums ever! This is essential to any Jazz or Davis' collection. Highly, highly reccomended",positive
Awesome collection.,positive
"I checked this out on youtube before buying, and the tunes are great, but at the steep price I paid I have not opened it yet. I may have to find a used one for less to put on my mp3 player. Shame these guys never made it big. The documentary dvd 'Iron Maiden and the NWOBHM' interviews them and it boiled down to Foreigner's manager approaching them to manage them-at a time when Foreigner was huge-and they declined in favor of their own managers who were thier mom and brother in law--or some such thing. Missed the boat, they did. Great music here. Must have for nwobhm fans! Skip naything by Tygers of Pan Tang, by the way.",positive
"Classic Nas, not much more to be said.",positive
"After being mesmerized by seeing Missy live with Ben Folds, I have started to fall for her music. She is quite a talent with Piano, Guitar and what a voice!",positive
He knew what he was doing. We all were just waiting to see what direction the rest of the music industry would be headed next.,positive
A great Elvis CD!!! 30 #1 hits all in a row!!! A+!!! Awesome!!!,positive
Love it.,positive
Top favorite CD is you like their music.,positive
"While some songs have got soul, some got something else. On the borderline of being a little lounge-y but things like a choir and the 'soul' factor saves them and this album.",positive
"I agree with the reviewer who writes that this CD is worth having for the previously unreleased songs ""Me And My Baby,"" and ""There Is A Time."" However, because this CD does have many other songs already released, this CD might appeal more to the more involved Liza fan. Alternatively, it would also be a great introduction to a special lady's work.

The quality of the sound is excellent and the liner notes are well done although you don't get the lyrics. There are wonderful photos of Liza as well.

I recommend this CD both for diehard fans because of the new material on CD format as well as people who want to try a Liza CD to see how wonderful she performs!",positive
"this cd rocks hard, showbread is awsome. the album is almost worth buying just for ""mouth like a magazine"". BRILLIANT. now i must note that i don't usually like hardcore, i find it too pounding, too monotonous and not melodic enough. showbread however is an exception. so if you're anything like me, pick up the cd anyway. they employ a happier sort of sound that most artists in their genre and the music is very strongly based on melodic hooks.

also, if you ever get a chance to see showbread live, then GO!!! they are incredible live.",positive
I gave it as a gift.,positive
"A little over 2 years since their last album ""Uncle Sams Curse"" (which many say is their best but I don't have it since I can't find it under 50 bucks!) KMG & Cold 187um are back with a near classic g-funk album.  Off Ruthless records and moving to Tommy Boy (where they did my 2 favorite albums of theirs -- again I don't have 2 of their albums). Of the 13 songs on here, none are bad, 3 are ok, 3 or 4 are almost classics and 1 is a classic, the rest are good songs.  Guests are on 3 songs rapping a 3 doing hooks so you get a lot of the rap duo (K-oss don't rap on the albums).  Production is mostly handled by Cold 187 um (aka Big Hutch) like most of their albums.  He does every song but 1, which Julio G produces, and 187um really out does himself on this as the production is great.  A must have albnum for west coast G-Funk fans and my favorite of theirs (again I don't have ""Uncle Sam's Curse"" or ""Livin Like Hustlers"").

#2 - 9.5 (f/ Dorinda Roberts -- great beat)

#3 - 9.5 (great beat)

#5 - 9.5 (f/ Enuff & Kokane -- great beat)

#6 - 8.5 (good beat)

#7 - 8

#8 - 8.5 (f/ Dorinda Roberts -- nice beat)

#9 - 7 (f/ Enuff & Daddy Cool)

#10 - 8 (good beat)

#11 - 10 (CLASSIC -- about smokin -- great beat -- f/ Mike )

#12 - 7.5

#13 - 7.5

#14 - 8 (f/ Frost)

#15 - 9 (nice upbeat one to end the album)

COLD 187um (Big Hutch) -- Gregory Hutchinson -- b. around 1968 -- Pomona, CA

KMG -- Kenneth M. Gulley -- Pomona, CA

Check all my reviews",positive
BB is a King,positive
"Masterful album by Cantrell, but he was still better with AIC.",positive
"The person who stated that the guitarist on this album is Carlos Lyra is WRONG.  I am Claudio Slon's discographer and I confirmed with him that the guitarist on the album was really Joao Gilberto.  No one has made mention  the fact that this album is comprised of all Walter Wanderley arrangments  and they are SUPERB.  Definitely one of the best U.S. albums either he or  Astrud made.  Especially listen to ""Tristeza"" & the  ""Summer Samba"" arrangement that begins in 3/4!  Fantastic album.",positive
"I have to agree with what one of the media reviews said regarding this CD: "" This is their best CD and that's saying a lot.""  This is an amazing climb and ""ascent"" into prog excellence. This is the best prog CD I've heard this decade. It starts in fine fashion with the Yes song ""South side of the Sky"". The album continues carrying on the theme. It features two long songs that remind you of the glory days. I wonder if anyone noticed a familiar chord progression that reminds me of an old Floyd song-(this is on the great 3rd song). This is an absolute must for prog fans from the 70s.",positive
"This is the most consistent album they have done since their first album.  Very will mixed on the sound and vocal, which some of the interim albums haven't been.

Excellent selection of song.  The tribute to Jon Lord was a nice touch, as was Temple of the King to RJDIo.

Ritchie's guitar work is amazing on this album, as they all are, but again, the mixing really makes it stand out.

Highly recommend it to all fans, or take a listen to the sample then give the album a try, it's excellent listening.",positive
"SHIMMER: A Solitudes Ambient Experience is the kind of cd that you can listen to, or simply allow (it) to wash over and into your heart and soul by just being exposed to the lovely, healing music this album contains. Its quiet, spare piano inflected music with nature sounds (cricket, common loon, bullfrog and others)that is composed/arranged/and performed by Kostas Filippeos (the music),and recorded by Dan Gibson and D. William Gibson ( the nature sounds). This an absolutely seamless and creatve endeavor. I think its extremely challenging to attempt to create a work of musical art that has an almost gossamer, phosphorescent quality to it. Its very easy to jar or interrupt a mood that is spiritual, otherworldly. The artists that have created this cd have accomplished such a feat completely, wholly. SHIMMER is a WINNER. I sampled and then purchased this album on Amazon. Most highly recommended.",positive
"How can there be people who do not own these recordings. How can people live without Dinah.  She was special. From the first blues sides she cut with the men from Hamp's band in the forties, to her last effort, there is a deeply African American blues and church based depth to her, but something personal, so totally real, so totally of her own,bitter sometimes, sweet rarely, moving always to her singing.

In these recordings we see a great range of Dinah.  She's doing R & B (TV is the thing this year), Torch songs, she singing Jazz and even playing vibes with ace Jazz Musicians, she is cutting through oceans of strings on What a Difference a Day Makes, she is all over.  There are so many shining gems on this record, there is so much lost that music is so categorized that you cannot have a Diva like Dinah today who the Jazzbos call their own, whom the blues singers must tip their hats to, who provides the slow song to make your move for the dancers, and who is a star even for the squares listening to MOR--does that exist any more middle of the road radio?
I'm convinced that when John Hammond first produced Aretha Franklin as a Jazz-Blues artist before Jerry Wexler took her to soul, that Hammond thought he was trying to create a Dinah Washington.
I do not think a single artist has come along since she left us to fill those voids.  No one with all that soul!",positive
"I listened to a live show of Sylvan Esso off of the NPR website. At first I was like ""This is cute, but not what I really what to hear right now."" At the time I was listening to a real heavy dose of metal.  Some how I found myself going back  to the show and just letting it play. Next thing I knew I was hooked. I was not fully convinced it was that good, until I realized how much I was seeking it out on the web and replaying the live show.  Their style is just haunting and so addictive that it makes you feel every part of the songs.  A very rad gem of some groovy ghostly electronic sounds of love, life and dreams.",positive
"Wonderful CD. Lots a great songs. Big & Rich have such great harmony and with Tim McGraw, it's fabulous!",positive
"The Rotterdam Philharmonic have a wonderfully powerful sound, it is a bit gritty(that's interesting and good),and hard-edged, and its not due to the modernist showcase here. It is a sound I believe that is cultivated at all levels of the instrumental cadre. Gergiev is quite an engaging live wire, deeply probing the war-like narrative of Prokofiev's ""Scythian Suite"" at many levels. This was a ballet that Diaghliev requested and was never produced by him. Gergiev certainly knows the performing problems, the Prokofiev aesthetic. ""This piece has been played too loud, which is why it was not good, and never had a history. . ."" Here I'm paraphrasing. We learn that loud is not always real loud or super loud, that to play Prokofiev what needs to be acknowledge are the gradations of dynamics. Instrumental colour as well with celesta and piano and harp to help punctuate the plucked strings or the bombastic brass. "". . .  this is an army that I think is going to win. . ."". Gergiev says) So they need to have this spirit imparted through the music notes."" . . .  trombones the last chord should be like, you go, you go, you go, and the last one you kill. . . "" a bit more."" Short asides also point to Gergiev intense deep knowledge of the music, that Prokofiev was mindful of how far Stravinsky had mover. ""This music is about mysticism, energy and power, and colour. . . "". Prokofiev looked backwards to narratives and histories of Mother Russia as was the times,it is a way to see if anything changes, and indeed no. National persuasions was always part of culture yesterday and today. War is still a vibrant lucrative business.
I found the Stravinsky ""Piano Concerto"" less intense, although after the opening dirge-like gesture it takes off in a wild frenzy of asymmetrical rhythmic dialogues with the piano obviously the winner take all here. This is a neoclassic work and Gergiev's temperment seems to draw too much from the piece, going after phrases and many times affirming the power of the music, something if left alone would happen anyway. The piano soloist Alexander Toradze accomodated this off-center vision of the work. There should be a bit of cool restrain I think to all this neo-classic period, a mannered gestural phase that looked backwards. Also ""Fireworks"" is an early immature work a stepping stones to a larger massive places of ""Firebird"" and ""Le sacre"", and ""Petrouska"".
The Debussy was well played as well, nothing too challenging save for the balanced timbre and the deep lyricism. Debussy was much into plainchant simple melos, and again Rotterdam makes a seemless timbre, a sound you are simply drawn towards, escaping into the sound.",positive
Great CD,positive
"Disturbed absolutely crushes it on Ten Thousand Fists. Saw them in concert upon album release and wasn't disappointed. Literally every cut on this album is in my workout playlists, and it just continues to rock. I play this album over and over, and the thundering just doesn't get old. One for the ages - and unfortunately, an effort that Disturbed isn't soon to repeat based on Asylum and Immortalized, both of which are ""decent"" efforts with one or two songs that really stand out on a very sub-par album.",positive
"This album is spectacular. I heard the leaked version earlier this year and I have to say I was quite disappointed with it. This revised version--with the help of Mike Elizondo--is vastly superior. He's added richness and refinement to Apple's moody stories. The music marches along allowing Apple to get to the good stuff. She also sounds more confident as compared to the earlier version. All in all, this record is welcome return of one of music's most bizarre, but brilliant artists.",positive
very happy,positive
Robin is a quiet unsung hero.,positive
Early Crowell outstanding .,positive
"Bill Frisell's consistent recorded output over the last two decades has established his reputation as one of the most atmospheric of guitarists. His more recent infatuation with musical Americana has come to full fruition on ""Blues Dream"", which deftly blurs whatever distinctions occur between what are conveniently termed Blues, Jazz and Country. The result is an extremely listenable album that ignores any notion of genre autonomy, rather seeking to establish a mood that incorporates all the unique musical aspects that American contemporary life has embraced over the last century. So Bluegrass rhythms sit alongside avant-garde horn motifs, which bounce off abrasive slide-guitar excursions - a curious hybrid held together by it's geographical roots.",positive
Once again all these songs are the best Journey was known for and Steve Perry at his greatest. You will not be disappointed.,positive
"I'll come right out and say straight away that I'm no expert on the symphonies of the great man, because nowadays I spend far more of my musical hours listening to renaissance and baroque music than to this new-fangled 19th-century stuff. But, as a young chap a few years back, I was brought up on Beethoven, mainly through recordings from such as Furtwngler, Klemperer, Karajan, and later also Carlos Kleiber and Harnoncourt for some of the individual symphonies. So I can't lay claim to the kind of knowledge about the vast range of available recordings enjoyed by some other reviewers, and least of all to any ability to draw comparisons with other recent sets; I simply judge this recording on its merits as I hear them.

That said, I think Thielemann's set is absolutely terrific. I like the conductor's approach to Beethoven, he has plenty to say about the music, and his individual touches and eccentricities  - portamenti, rallentandi, dynamic variations and the like - always feel as if they arise naturally from the music itself, rather than being imposed upon it. Gentle, subtle and lyrical where appropriate, he and his players are just as good at conveying the furious energy of the great revolutionary, and there's certainly no way you would get bored listening to this set. The Wiener Philharmoniker are a wonderful orchestra and the sound they make is quite splendid, as is the recording quality. The ambience of these live recordings adds feeling and atmosphere to the proceedings, with ambient noise noticeable before and between movements - musicians shifting and preparing, instruments being positioned, a few chairs creaking, the evident presence of an extremely well-behaved Vienna audience - but with no disturbance or noticeable disadvantages whatever.

Taking the works one by one, I've been especially pleased with those symphonies which I have tended to hear less frequently over the years. The fleetness and agility of the quick movements of numbers 1 and 2 are beautifully captured, with a terrific coda to the last movement of the Second. Again, I particularly enjoyed the Fourth; I never paid it a great deal of attention before, but love its sunlit landscape in this performance. Moving on to (for me) more familiar territory, the Eroica is superb here - the first movement especially fine, with orchestral playing and sound quality both splendid, and a thrilling coda. In the Marcia funebre, the fugato passage at around 8 minutes is quite wonderful. The Fifth symphony is brilliant too, with many fine moments such as the first horn call in the opening movement, the brass wonderful in stating the main subject of the third movement, and likewise the lower strings in the Trio. Altogether this is a fabulous Fifth, one of monumental impetus and excitement.

In the Pastoral, I especially appreciated the lovely instrumental work from the woodwinds. The third movement is splendid, with a terrific peasants' dance, an exciting storm and a lovely transition as it subsides. Overall, I think this is a decent but perhaps unexceptional Sixth, with enough high points and eccentricities to hold the attention. The Seventh is superb; highlights for me are the coda of the first movement, and everything about the Allegretto - wonderful right from the start with full, rich chords from the lower strings and marvellous impetus throughout. The third movement is superbly athletic, with splendid flow and nothing to impede its light-footed energy. The Eighth I found a bit disappointing, somewhat lacking in brio and overall just about OK; but then it's not really one of my favourites.

The Ninth is a great success - inspiring, deeply considered, never at any point routine or pedestrian. The first movement is as exciting as can be, and altogether magnificent. The Adagio is terrific, especially as it nears the end. In the final movement, I love the wonderfully rhetorical opening statements from this orchestra, just as good as any I've ever heard. The soloists are respectable, and the choir of the Wiener Singverein are simply superb, especially from ""Seid umschlungen"". The Allegro passage from around 18 minutes goes with a tremendous swing, with great joyous calls of ""Freude"" towards the close. This is an all-embracing and deeply satisfying Ninth.

The accompanying ""making of"" DVD is a great asset to this set. It's a 44-minute documentary with interviews (with a choice of German or English voice-over), rehearsals and concert excerpts - the switches between the latter two especially entertaining when, for example, we see Thielemann rehearsing his orchestra in a rugby shirt, then cut to the same passage with him conducting the concert in the regulation penguin outfit, and back again. Thielemann has plenty of interest to say in the interview sections, for example about his kind of synthesis between Romantic and HIP approaches with, of course, his own ideas added to the mix; and about the reasons for his scepticism over Ludwig's metronome markings.

Best of all in this DVD, I thought, were the rehearsal scenes - especially impressive for me are the conductor's terrific rapport with the orchestra and his attention to the minutest details. We see the players react as one to a Thielemann look, a raised eyebrow, a change of expression or a slight movement of the hand or finger; and you get the feeling that they can, and will, do just about anything for him. Has this obvious mastery of his orchestra been achieved, as with certain notorious tyrants of musical history, by ruthless means of intimidation, humiliation and deprivation which, of course, we're not allowed to see? Or is it a result of the genuine admiration, commitment and devotion of his musicians? Well, he seems like a nice enough bloke, and the players who are interviewed have only good things to say about their conductor; so, unless the video producers have perpetrated an outrageously cunning deception upon us, I'm guessing it's very much the latter rather than the former explanation. But altogether it's gripping and impressive stuff, especially revealing in demonstrating the calm, reflective sincerity of Thielemann's approach to his own task and to the master's music.

In addition to the fascinating insights of the DVD, then, the distinctive assets of this Beethoven set for me are the quality and ambience of the live recordings, the superb sound and playing of the Wiener Philharmoniker, the compact and attractive presentation of the CDs, and above all Christian Thielemann's wholly convincing vision of the master's symphonies.",positive
The best so far. Really love this music.,positive
This and his other recent dvd are collectors gems.  what a mood he can create and what great musicians he brings together.  Great dvd performance.,positive
I am Celtic woman FAN and highly recommend this cd !!!!When listening to this cd you are hearing the HEAVENLY CHIOR sing!!!,positive
"HEY SOUL PIONEERS, MY FAVORITE JANITA RELEASE!",positive
"The Greatest Hits album is excellent. There really is not a song on here that isn't good. My least favorite song is ""Don't Come Around Here No More,"" but other than that, the songs are terrific. This album is definitely worth the money, and if you're new to Tom Petty and the Heartbreakers, then this is the album that will get you into them. I highly reccomend it.",positive
"I was  surprised by how easily I'd get into the entire album. I was only  familiar with the tune ""Undertow"" and  knew I'd pick this CD up one day. Took me long enough! The Vocals are  unbelievably mellow, with plenty of great melodies to soothe the listener. Great production on the bass, too. Deffinately  worth  picking  this up.",positive
"Boy are people crazy or what!!  Jeff puts out his first ELO record in 14 years and some people want 1977 to happen all over again, it's not gonna happen folks, time moves on.  This is a great album by the master Jeff Lynne.  The sounds might be a little sublime on some tracks, but for a guy that's been in the business for 48 years now, i'll let him have his take on things.  12 numbers 37:17 of pure pop-rock perfection.  Great tracks in, ""When I Was A Boy"", ""Love And Rain"", with daughter Laura on background vocals, ""Dirty To The Bone"", ""When The Night Comes"", this one brings back memories to those hodgepodge days of the late 70's early 80's. ""Ain't It A Drag"", very Dylanish, his salute to Roy Orbison on ""I'm Leaving You"", the bouncy ""One Step At A Time"" and the lovely title track.  ""Fault Line"" and ""Blue are excellent bonus tracks.  I've been a Jeff Lynne fan since ""No Answer"",(1972), and have followed his many paths in music, they've all been great to these ears.  Hopefully Jeff will tour parts of the States next year and release a follow up in the next few years.  Happy listening to the real ELO fans out there!  Update:  I've listened to this album around 6 times now, and it keeps getting better.  I think the people giving it 1 and 2 stars, are just playing it one time and thinking ""Is this all there is"".  Play this album multiple times and I think you'll really enjoy it!",positive
"This beautiful album presents the poetry of John Paul interpreted by great tenor Placido Domingo and the London Symphony Orchestra in music and voice. These songs bring back the memory of the late Polish pontiff and his Infinite Love (Amor Eterno) for God and the world. The songs centered on the world of manual labor, young love, war, nature and family relations inspired by the Infinite Love (Amor Eterno) of God. Some of the songs are presented in Italian while other in Spanish and English. Some of the songs provide collaborations with great musicians such as Placido Domingo Jr (Love), Josh Groban (La Tua Semplicita), Andrea Bocelli (Canto del Sole Inesauribile), Vanessa Williams (Gratitude), Katherine Jenkins(A Mother's Wonderment). All of them did a wonderful job along with Placido Domingo and the London Symphony Orchestra. A beautiful album performed with a lot of respect for the poetry of our be loved pope.",positive
"As a person who spends every possible summer in the tropics, this album paints a great landscape for me when I can't be there in body.  It's Hawaii - not the goofy stuff that passes for native, but the essence.  The cooling evenings and the smell of flowers.

Ahhh.",positive
"With ""The Soft Parade,"" The Doors attempted to create their own St. Pepper's with a full orchestra accompanying the band on about half the tracks on the album.  The album is truly the band's Beatleesqe pop record and in many ways they did here what The Rolling Stones did with ""Their Satanic Majesty's Request.""

The songwriting on The Soft Parade is a differnt affair compared to their first two records, because the band's psychadelic, poetic, hard drivin blues takes a backseat to a more commercial pop sound - fused with more ambitious, less accessible songwriting.  Songs like ""Tell All The People"" and ""Touch Me,"" and ""Wishful Sinful"" display a poppier, less dangerous side of the band, while ""Shaman Blues,"" ""Runnin Blue,"" and ""The Soft Parade"" song suite are some of the most ambitious work in the band's catalog.

I will admit that I don't enjoy this album nearly as much as ""Strange Days"" or ""LA Woman"" but that's just because those two albums ARE The Doors.  This isn't their signature sound......it's their attempt to be The Beatles and it doesn't suit them as well.

However, I do think this album is good listen and great for what it is.  The Doors were panned by critics and fans alike upon release of this record saying they were ""a spent force.""  But the band is in top notch, Morrison's voice is in great shape, and the end of The Soft Parade Suite"" where Jim says, ""This is the best part of the trip"" is awesome, classic Doors.  They definitely get an A for effort here.  An interesting album that's definitely different than anything else they ever did as a band again, I'd recommend checking this one out after exploring the other offerings in the band's catalog.",positive
Yea! More Ventures. I learned to play guitar because of these guys.,positive
"I saw Spike Lee's ""Inside Man"" Friday night with a friend and we both enjoyed the movie a lot. The very unexpected payoff was that we enjoyed the song ""Chaiyya Chaiyya"" (enhanced with rap/hip-hop and even a tinge of Lord-of-the-Dance colors) so much that we were the last to leave the theater just so we could hear the very last note of that long remix. The song made me want to get up and bellydance even though I wouldn't know how. I told my friend he simply got to pick up that CD pronto--and he did first thing Saturday so that by the time he picked me up for our Saturday evening date we could listen to that CD in his car.

According to what I found online, ""Chaiyya Chaiyya"" is from the Bollywood movie ""Dil Se,"" released in 1998. That particular song became a hit not only in India but also in England and elsewhere. The ""Chaiyya Chaiyya"" music video was also very popular because it featured people dancing on top of a moving train, including the director himself.

The other cuts on the soundtrack are also top quality and very enjoyable. I haven't wanted to purchase or listen to a movie soundtrack since Hannibal (2001) and so this Inside Man soundtrack really hit me as a very pleasant surprise. I highly recommend it to anyone who enjoys good music of any genre.",positive
"I stumbled upon the documentary while channel surfing one night.  I was blown away by the story... the man... his song writing and his singing.  His lyrics are so meaningful and his voice is unique.  I have been a Bob Dylan fan since the early 1960s and Rodriguez writes lyrics that are just as deep (sometimes more so) as Dylan's early writings.  Where Dylan is sometimes cynical - Rodriquez is soulful.  Rodriquez doesn't just sing his lyrics, he feels them.  Unfortunately for me, some of his songs are ear worms and they  keep repeating and repeating in my head.",positive
"Since signing with Arista Records in the late 70's,Dionne Warwick scored with a handful of hits. The three tracks I like best are LOVE POWER with Jeffrey Osborne,from 1987's RESERVATIONS FOR TWO,THAT'S WHAT FRIENDS ARE FOR from 1985's FRIENDS and HEARTBREAKER,the Bee Gees composition from the album of the same title released in 1982. Warwick was credited in some sources as Dionne & Friends for TWFAF. The three friends who joined her on that song are Gladys Knight,Stevie Wonder and Elton John. I like DEJA VU also(a hit from '79). All the other songs are good.",positive
"this is an awesome cd, it is fun and enjoyable to listen to the best songs on this cd are

Tracks

2. Heaven/Where True Love Goes
5. When Butterflies Leave
6. In The End
10. The Beloved

if you have not listened to this cd then i recommend you do",positive
"Like this album very much and agree with professinal reviewer in Australian Country Music mag at the time it was released here that it is the best thing he has done in ten years.  I disagree with another of your customer's view about ""ranting"" on Intentional Heartache.  The first time I heard it I laughed out loud several times as Dwight spins his story of the very angry ex wife intent on revenge and I smile every time I replay it.  I'm thinking Dwight wrote this with a smile on his face.  The words are very clever and to me, demonstrate that this  guy has a great sense of humour!  DY does have a bit of a rant leading in to She'll Remember but to me it sets the scene for a guy who was angry and bitter to have been dumped by a lady he thought would never leave.  His lyrics are telling stories of love won and lost and his presentation is ""all grown up""as befits a man nearing fifty when this album was made.  I hear he is writing again for a new album and I look forward to this with great expectation.",positive
"With guests including but not limited to the Puppini Sisters (Jingle bells, Frosty the snowman), Shania Twain (White Christmas) and Thalia (Mis Deseos / Feliz Navidad), this album is the kind of album we have come to expect from Michael Bubl. There is one original song here, co-written by Michael with Alan Chang and Bob Rock, that being Cold December night. You might have heard every other song here before, but Michael and his supporting team bring their own distinctive touch to each of them, sometimes staying with an easy listening sound, but veering towards jazz at other times, especially when joined by the Puppini sisters.

The real surprise to me was the inclusion of Santa baby, originally made famous by Eartha Kitt and recorded by many female singers in the years since. Even Madonna recorded it (for the first&nbsp;<a data-hook=""product-link-linked"" class=""a-link-normal"" href=""/A-Very-Special-Christmas/dp/B00000ASL4/ref=cm_cr_arp_d_rvw_txt?ie=UTF8"">A Very Special Christmas</a>), but I don't ever remember hearing a male version before. Then again, male versions exist of Stand by your man {the three that I know about are by David Allan Coe, Lyle Lovett and Elton John), so I shouldn't be surprised really. Michael wisely changes the lyrics to sing Santa buddy, and it works well with that modification.

On the ever-popular Silent night, Michael is superbly backed by a children`s choir. I understand that this is the most-recorded Christmas song in the world and it's hard for anybody ro do a really distinctive version while maintaining the feel of the song, but Michael and the children did well. Michael put in another fine performance on Blue Christmas, recapturing the spirit of Elvis in his own way, by jazzing it up.

Apart from the tracks already mentioned, I particularly like those that I hear less frequently (relatively speaking; they are all very familiar to me), such as It's beginning to look a lot like Christmas, A holly jolly Christmas, All I want from Christmas is you (originally written and made famous by Mariah Carey) and Christmas (baby please come home), the classic Phil Spector original.

I've mentioned most of the tracks here, just leaving I'll be home for Christmas, Ave Maria (with an adult choir),  The Christmas song (chestnuts roasting on an open fire), Winter wonderland and Silver bells, all of which Michael performs superbly without doing anything radically different with them.

This is an excellent Christmas album, with plenty of familiar songs but enough variation to keep it interesting.

Tracks

1. It's beginning to look a lot like Christmas
2. Santa Claus is coming to town
3. Jingle Bells (with the Puppini Sisters)
4. White Christmas (With Shania Twain)
5. All I want for Christmas is you
6. Holly jolly Christmas
7. Santa Baby
8. Have yourself a merry little Christmas
9. Christmas (baby please come home)
10. Silent night
11. Blue Christmas
12. Cold December night
13. I'll be home for Christmas
14. Ave Maria
15. Mis Deseos / Feliz Navidad (with Thalia)
16. The Christmas song

Bonus tracks

17. Winter Wonderland
18. Frosty The Snowman (with the Puppini Sisters)
19. Silver Bells (with Naturally 7)
20. Michael's Christmas greeting",positive
"I so much enjoyed ""La Luna"" that I need to remember that not everybody will hear it as I do.  So, let me warn purists who are more affected by technique than the overall effect that they might not like it.  Those who have a narrow range of music they enjoy won't likely appreciate the wide range Sarah Brightman covers here.  Those who don't enjoy songs with non-English lyrics will find a few to object to, although the enclosed booklet unlike the one accompanying ""Eden"", does have English translations.
That out of the way, I honestly believe the rest of you will indeed love this CD as well as the singer.  This entire album, like ""Eden"", has an angelic, ethereal quality to it.  There's even an Enya like sound here, and yet Sarah's ""crystalline soprano"" gives each and every song her distinctive flavor.  There's an unity of theme here with the opening and closing songs being named ""The Moon"" and the ninth one, just past the midpoint of the record, being the delightful ""Hijo de la Luna"".  The material is greatly varied and delights my eclectic soul.  I enjoyed each and every cut myself, a rarity for me, but of course certain ones stand out like the old English styled ""Scarborough Fair"", the dramatically tragic Beethoven song, and the popular ""A Whiter Shade of Pale"".  This album should have a very wide appeal.",positive
"Let me start out by saying that this is the best rock album since Arcade Fire's 'Funeral', perhaps even before that. This album's focus is stunning -  never presenting more or less than is required. That's not to say that the music is average. In fact, it's some of the best music that Radiohead has ever recorded.

The album may be a little too concise... another good track would've served the album well. But every track on here is killer.

If I had to pick one album that summed up Radiohead, this would probably be the one. You can hear elements from every period in Radiohead's history. There are elements of 'OK Computer' in ""Bodysnatchers"", 'Amnesiac' in ""15 Step"", 'Kid A' in ""Nude"", 'The Bends' in ""Jigsaw Falling Into Place""... ect. And some tracks, such as ""All I Need"" present something completely new. The aforementioned track sarcastically borders on the edge of funk, accompanied by Thom Yorke at his most forthright lyrically. Introducing the second half of the album is ""Faust Arp"", which is seemingly a musical roadblock. It doesn't last for long, but you'll remember it while you're listening to the rest of the album.

When Radiohead hits on this album, they hit hard. The aggressive strings on ""Jigsaw Falling Into Place"" seem to pop you in the mouth. A little more than halfway through ""Nude"", Yorke lets out a yell that will make you feel all the heartache in the world. From the 'denial' in ""House of Cards"" to being eaten by the worms in ""Weird Fishes/Arpeggi"", In Rainbows is an album that's hard to forget.",positive
"Re release with different cover art of one of the most original sounding albums from Germany's Nina Hagen, originally released in 1982. A strange combination of punk ,reggae ,new wave, rock and experimental madness this is her debut English language album. Born In Xixax  is my favorite song with outrageous lyrics and unusual vocals. Innovative strange and eclectic music from another planet.",positive
"Till now I have listened 3 Harrison albums and all tof them are great. You should not be surprised because t he albums are ""All things must pass"", ""Brainwashed"" & ""Cloud nine"", three albums that are considered the best by him after four Beatles went their own way. ""Cloud nine"" contains some of the best tunes he has written supported by Eric Clapton's strings, two things that goes well together.

The original album had 11 tracks, out of which ""Just For Today"", ""Someplace Else"", ""Breath Away From Heaven"" are a little slow and not so rhythmic but  they are good songs on their own. The rest of the are very very tuneful, rhythmic and they are the reason this album deserves a full rating of 5 stars. ""When we was Fab"" sounded so much like Beatles, offcourse he intended to do the song like, more Beatles than Harrison, and it ends with Harrison playing sitar...it was good. Also I need to mention the funny ""Gossip...Gossip..."" chorus in ""Devil Radio"", very well done.

But the best songs of the album are

""That's What It Takes"", (Just listen to the song  & solo at the end)

""Fish On The Sand"", (I guess Harrison wanted to describe himself in this song, he often wondered that he is out of place)

""This Is Love"", (Wonderful guitar, rhythm and vocal, very touching)

""Got My Mind Set On You"" (the hit from the album which has a video Harisson playing & singing the song and all the object of his room are shaking with the rhythm, superb)

Among the bonus tracks ""Shanghai Surprise"" from the movie of the same is quite good but ""Zig zag"" is the only let down of the album.

A good introduction to the genious who is no more with us. His last two studio albums (Cloud nine & Brainwashed) were two of the best of his career but wish they were some unreleased material to follow them up. Highly recommended.",positive
"I've seen Larry Carlton 4 times over the years. He was really 'on' twice and seemed a bit uninterested the other two. This record is definitely Larry on a good night. He gets into one of his patented runs on ""Don't Give It Up"" that makes you think he could go on forever spitting out clean, melodic lines. And ""Last Nite"" has a really wild run where he seems to chase down the melody for a good 2 minutes before he finally catches it. My only complaint is the horns that were added later in the studio. It takes away from the live, spontaneous vibe of the tunes. Still, if you only know Larry Carlton from his mellow jazz period this is a great place to get acquainted with his earlier, shall we say, ""more energetic"" days.",positive
Great album,positive
great guitarist,positive
"Finally, what all of us Snot fans have been waiting for, the Snot live album, the CD we all knew just had to be released. I was one of the unfortunates who never got to see Snot live, so this CD was a really special listen for me. All of Snot's energy is captured perfectly on this CD. Snot rages through their best tracks on here. Lynn Strait (R.I.P.) confirms on this CD that he really was one of the best frontmen of the 90's. He sings, screams and bellows with severe passion. The band is also in top-form, never faultering once. All of the greatest are here: Absent, Stoopid, I Jus' Lie, plus a studio track, ""Choose What,"" which you may recognize as the music for Serj's ""Starlit Eyes"" from the Strait Up tribute. You can tell that Serj used this version as a blueprint for his, seeing how both vocalists eerily resemble each other on their respective tracks. Also included on this CD is an extensive enhanced portion with the rarely seen video for ""Stoopid"" and a live video of ""Joy Ride,"" plus some other hidden stuff. If you already own ""Get Some,"" then Get This. It is the perfect companion and will put a smile on every Snot fan's face.",positive
"This album is the tits! If I had my life to live over again, I'd have quit high school, gotten off the reefer, and gone and applied to be a roadie for these guys. Total godhead, perfect!",positive
love it,positive
"This album, now 13 years old, is still a staple in my collection. Dave Barnes originality and soulful voice still shines. Each song has a vibe that keeps me listening to the entire album time and time again. The lyrics and music are good, but Dave's voice is what really makes the album unique and well worth purchasing.",positive
Daughter-In-Law was VERY happy = me happy,positive
I loved this cd right away. He did a good job mixing old songs with new songs.  So far and Love game are awesome.,positive
Words cannot describe this album. Everytime I spin this sucker it sounds better and better. Melodic as all get out. Every instrument shines on this one.  Get it.,positive
"I don't know who the guy is that wrote the editorial review for this album, but he is definitely out to lunch...

I never heard of this band, but I saw the album in my local record store and was intrigued by the cover art. When I arrived home, I immediately went to Amazon.com and listened to some snippets of the songs. They sounded good, but it's hard to get a feel for an entire album just by listening to 30 second clips. So I went ahead and bought the album.

I gave it a once-through. Then a second-through. Then a third-through... I've been listening to this album for about 5 days in a row now and it just gets better every time. The editorial reviewer complained about the variety on the album, but I believe that's one of the strengths. There's definitely something for everyone in this album.

I listen to a lot of indie-rock and this is definitely one of the top albums that has come out in the last few years. I rank it up there with Boxer by The National, Neon Bible by the Arcade Fire, and 23 by Blonde Redhead to name a few. Suffice it to say that this album is definitely in good company.

Now I know this album was released on Columbia, which means it's not necessarily ""Indie""... But it was definitely crafted with the indie crowd in mind. It succeeds on many levels and it does so with flying colors.",positive
Eydie is deeply missed and truly one of the best vocalists of the 20 th century. Her pinnacle definitely the mid to late 60 s. But these early recordings give you a hint of her later success.,positive
"The disc all the fans were looking for..the live versions of classic and new songs..amazing, vibrant and danceable.
A must have.",positive
love her songs as always great music great dance music puts you in the mood to enjoy the night or getting together with friends for a party ...,positive
"one of the very best christian bands ever!!!! stumbled on these guys by accident when i bought the CD at a thrift store. i promptly put it in a drawer and never listened to it  for 6 months until yesterday. Needless to say i was blown away!  sort've the christian equivelant to bands like bad company but perhaps a bit more metallic. information is hard to come by for ""the Brave"" but i read someplace that they will be issuing a long awaited 3rd album sometime this year?  i deffinitly will being purchasing that one! a must for anyone who loves 80's hard rock, christian or otherwise.",positive
Chris Rea never disappoints.,positive
This dual layer SACD is just a great recording. The Cars sophomore album is a classic in it's own right IMO. If you have the ability to play sacd's I highly recommend you buy the mofi SACD version.,positive
Big L is a genius!!!,positive
"Tisto is a true visionary when it comes to trance music, and he is fast becoming a legend. He has a great talent for mixing and putting together CD's, and each new album is like another chapter to his ever-growing collection. In Search of Sunrise 4 is no exception, and it is a true work of art that is not to be overlooked by Tisto fans or any trance fans. From beginning to end on each disc, it's like listening to his past albums, and yet it has a sound all its own. That's Tito's talent, and that's why he's the #1 DJ in the world. My only problem with this album is the remake of his song ""UR"" featuring Matt Hales from Aqualung. If you listen to Tisto's 'Just Be' album, the original mix of ""UR"" is much better in my opinion. On this album, it's much faster-paced and it doesn't have the same melancholy sound as the original. Aside from that, this album is pure gold, and it's a must-have for anybody even remotely interested in Tisto.",positive
"<div id=""video-block-R2CDH5ZVP6RJAY"" class=""a-section a-spacing-small a-spacing-top-mini video-block""></div><input type=""hidden"" name="""" value=""https://images-na.ssl-images-amazon.com/images/I/B1WBntSQ3TS.mp4"" class=""video-url""><input type=""hidden"" name="""" value=""https://images-na.ssl-images-amazon.com/images/I/81kJO3bukvS.png"" class=""video-slate-img-url"">",positive
Thank you very much. It arrived without problems.,positive
"OUTSTANDING!!!  Simply Red I caught on to thru HOLDING BACK THE YEARS...LOVED THAT SONG!!!  Lost track of the boys after that, but this compilation made me wish that I had.  This band was AWESOME!  Mick Hucknall had THAT VOICE that was strong and soft and melodic, all at the same time.  Each and every song was tailor made for his vocals and he brought it each and every time.  Playing this reacquainted me with FAIRGROUND, IF YOU DON'T KNOW ME BY NOW, MONEY'S TOO TIGHT TO MENTION and introduced me to ANGEL, along with the other songs that pulled me in.  Some harder than others.  All in all, Mick and the guys came in and left a body of work that's just as full of flavor now as it was then, and I really appreciated it.",positive
"I finally got Miley's second album away from HM a few weeks ago and was so excited for it because she's my favorite artist.

Sure enough, this album doesn't disappoint. Miley starts us off by telling an ex what he'll be missing with ""Kicking And Screaming"", then it's everybody's favorite ""Party In The USA"" where she tells us what it was like when she first went to Hollywood.

In ""When I Look At You"", nothing seems to be going right with Miley, so she looks at her love and feels so much better. Onto a completely different vibe, Miley just won't stop having fun with her friends in the title song ""Time Of Our Lives"".

As for the song that's got everybody talking: Yes, Miley does say the P word and mentions someone else (not her) smoking in Talk Is Cheap. So while I do think she should've put a warning on that for her younger fans, it doesn't affect the overall quality of the song.

""Obsessed"" is where she talks about being well... obsessed with someone she really likes. It's not inappropriate for children though, so don't take the title the wrong way.

I haven't really listened to ""Before The Storm"" yet, but when I do I'll tell you.

Anyway, all in all, even though ""Talk Is Cheap"" is not for the younger ones, this is another great album for Miley fans. I just can't wait to see what she comes up with next. :)",positive
"Apart from the Allman Brothers, who are in a league of their own, I can think of only two American 'white' Blues acts that can match PG&E for the sheer quality of their output: Canned Heat and The Siegel-Schwall Band. 'Are you ready' is to my ears the best of the three albums released by the band, and this is one Cd that should be in everybody' s collection, I reckon!",positive
"""These Old Bones"" is probably one of the best songs Dolly Parton has ever performed.",positive
"i saw part of the concert on PBS and loved it, especially the jam session of all along the watch tower. well shot so you really get a feel for the artists and the concert. wish i had been able to get tickets. watching the 'greats' perform, whether i really like them or not, is fabulous.",positive
"One of the first things that struck me about Magnolia, and for among other reasons brought me back to see it again, was the wonderful score.  Not only is it important in this film, I believe it is a crucial aspect of it.  This  may be the case for most films, but Brion's score paces the whole movie and  adds a lot of emotion to this movie.  The ultimate question, for me, was if  this could stand on its own.  It does, with brilliance. It takes you right  back to the film, perhaps you can't remember every scene, but the mood is  unfogettable.  This will appeal to anyone, no matter what your tastes are,  that enjoyed the movie.  Thank you Jon Brion.",positive
If you still haven't the BLACKOUT album and you're thinking of buying it you'd better get this JPN edition that has got the most number of songs: all the international editions have got only 12 tracks while the JPN edition has got 12 + 4 bonus = 16 tracks in all: three new titles: Outta This World - Everybody - Get Back and a new version of the first single of the album: Gimme More (Paul Oakenfold Remix) so if you want to have the Best Edition of BLACKOUT buy this!,positive
"I missed Brandy over the last few years and man, did she bring it this time! It was well worth the wait and I bought the CD on the way home from work. I sat in the car in front of my apt like a dope listening to the rest. Piano Man is one of my favorites and I can't help but sing along with the chorus(who could?)Darkchild delivered some sick beats as always and I'm just elated that Brandy's back!",positive
"Great album. I cant believe I waited 9 years to pick this one up. I kind of got out of buying albums for a while. its a shame because I should do way more for these guys. I don't even think great artistic grade rock music would even exist today if it weren't for tool. I mean really, try to think of one really prolific, well known, upward exploding, pink Floyd type, category 5, hyperbeautiful, modern psycadellic  project like this that can easily be found by kids of any age that is respected by every serious music and art lover. theres just none like them. thanks guys.",positive
I love the metal in this album!!! I just gotta say that this is just one of the best Metallica albums ive ever listen to.,positive
"It's interesting that Mark Chesnutt doesn't get the accolades that are heaped these days upon many other Country Western stars.  But when it comes right down to it I'm not surprised and, truth be told, I'll bet Mark Chesnutt doesn't really mind.  There's no hype, no bells and whistles and no nonsense! Chesnutt is just what he is: The Real Deal with little concern about getting crossover votes from people who aren't sure what Country Music is or if they're interested. With Chesnutt, what you get is old style country from a modern Country Star. And a voice as genuine, smooth and bright as Texas sunshine!

SAVIN' THE HONKY TONK is simply wonderful and includes a great selection of toe-tappers and ballads that Chesnutt fans have come to love!  If you're not a Mark Chesnutt fan SAVIN' THE HONKY TONK may well be the album that changes your mind. Album of the year?  It's got my vote!

THE HORSEMAN",positive
"This is Aaliyah's best album by far and it's also Timbaland's best work to date. This in my opinion is an urban classic. It's one of those albums that is still going to sound hot twenty years from now. It's 2008 and I've been rocking this album since it first came out. You never get tired of it. The ballads are beautiful and the club bangers are club worthy even today. Get this album before it's gone for good, you will not be disappointed.",positive
"This is a truly great hard rock album, each and every song is superbly performed and the musicianship is great. Every member of this band does a superb job. CJ's vocals are amazing, he has a huge range and his voice is  gritty yet clear. Superb guitar and bass work give the music a really high  quality feel and the drums are very good too.
There are some really great  songs on this album, from rock anthems like 'you're too bad' and 'mamma  didn't raise no fool' to ballads like 'when I look into your eyes'. I  rarely listen to ballads on most albums but the ballads on this album are  first class.
This is the second classic album from an amazing rock band.",positive
A well done album production. Slash gets better and better. Awesome guitar riffs and blazing guitar solos. Plenty of songs. I love them all. If your into music appreciation you'll love this one. Myles Kennedy voice is good too. I wonder how Slash is gong to top this album with the next one. He better surprise me again. :),positive
Great music.,positive
"Yes, of course there are better La Bohemes in the catalogue, but this one is good and worth hearing. Best of all is Alagna's Rodolfo, I like him a lot, he is honest, italianate and has a fine sense of line. Whatever people  say, I found him preferable here to the EMI version. I can't say I am a fan  of Gheorghiu, sure her voice is pretty, and at present it is in good  condition, but she lacks the ultimate in imagination and passion. Her Mimi  is closer to Tebaldi's than to Callas, De los Angeles or Freni. If you just  want the best stereo La Boheme, go for Karajan with Pavarotti/Freni and  Panerai, if you can stand good mono sound it is between De los  Angeles/Beecham and Di Stefano/Callas and Votto. This last recording is  often overlooked, but Callas and Di Stefano give the finest third act on  any recording, and Mimi's death is unbearably moving.",positive
one of her best albums. love some of the different versions of her songs. always have been a fan of stevie Nicks. you will not be disapointed in this album.,positive
GREATEST RAP GROUP OF ALL TIME THIS CD IS A REPLACEMENT BUY FOR ME WORE OUT THE FIRST.,positive
"like never before, i wait for the new album, i will buy it, i don't be bored never again, great time and fun, very fun",positive
Beautiful singing and songs,positive
"Willie!  I have seen him more times live than I have seen any other artist and I NEVER will miss a chance.  All groups love Willie... hippies, artists, yuppies, Gen Xers.... Willie is king.

I bought this album all yippy skippy that he does Midnight Rider with my main lovin man, Toby Keith.  It is one of my favorite's... but I cannot hear Toby, he does some back up the album says...where is your husky baritone honey bunny?

But no matter....

It will Always Be.... The Way You See Me... wonderful, wonderful, heart loving, longing to love songs... celebrate Willie's sentimental side with this album.  It says... I have been loved and I am glad.

Love's the One and Only Thing... speaks right to me.  It could only be better if I could hear him stand before me and play that old cat gut guitar and sing it live!  ""Til' theres that someone....they'll be no one else.""

He and Norah are perfect.  My Broken Heart Belongs to You... um.

Last but not least Big Booty... Willie always includes a comic treat for us.

Above all else... Willie makes me smile.  Sometimes it is because he just seems to know about what its like to be a good man... in love with a good woman...",positive
very good,positive
"I caught up with this one after seeing one of Graham's solo live gigs.  Initially, I wasn't that interested in the new album but I figured it was worth at least a listen or two on Spotify.  Well, after 12 or 13 listens, I decided to actually BUY this great record.  I kept trying to figure out which songs I needed to download for a home-made compilation but I gave up!  They're all good!  Really good!  A bit Beatley in parts (a very good thing) and incredibly infectious...quite surprising for a low-key ""looking back"" album.  I tried mixing a few Croz and Rides songs into the mix to make sort of CSN 2016 album.  But it wasn't worth the effort.  These songs need to be heard as a unit...for once, the presence of Crosby and Stills felt intrusive.

One note of criticism though.  The three so-called ""bonus"" tracks (unavailable on the CD) are of the same high quality as the 10 tracks on the CD.  So, I'll have to burn a ""This Path Tonight"" compilation after all.

But I'm not complaining.  In this day and age, I've very happy to be pleasantly surprised by a new release. This one easily eclipses ""Croz"", both ""Rides"" albums and at least the last 16 Neil Young albums.  I just can't get these great songs out of my head...and I don't want to either!",positive
"This is a great collection of Harrys' work for a quick Nilsson fix. Although I do like the song ""Everybody's Talkin'"" I think that Harrys' self-penned ""I guess the lord must be in new york city"" should have been chosen for ""Midnight Cowboy"" instead of the Fred Neil song. No matter who remakes it, Harry will always have the best version of ""Without you,"" Its better than the original Badfinger version and DEFINITLY better than the Mariah Carey or whoever the hell the female vocalist was that ruined the song a couple years back. I also have a partialness to Nilssons' version of ""One"" over 3 Dog Nights. Sorry Chuck! all and all its a good collection. I do have to say I enjoyed The Harpers' Bizzare's cover of ""poly High"" a little more than Harrys' yet I like both Harrys' and Harpers' reditions of ""Simon Smith and his amazing dancing bear"" equally.  Just so there is no confusion and so no one is accidentally mislead. Harry Nilsson unfortunally passed away in the mid 1980's, I beleive I heard it was a heart attack  :(",positive
"One of the greatest albums ever, in my opinion. I love everything about it. The production, the playing, the singing! The songwriting. Grant is a truly superb lyricist, unlike anything else I've ever heard. I wish Grant, Joey and Paul could have kept this band together. All three members made this what it is...a masterpiece.",positive
this is a awesome cd it is fun and enjoyable to listen to the best songs on this cd are all of them. if you have not listened to this cd then i recommend you do,positive
"One of my all time favorites is southern rock, this takes me back to the 80's when it was king.",positive
Nice to stumble across this set.,positive
"Ahh, the majesty of the Crims.  I became a fan at a time when it was neither popular nor profitable to be a prog-rock fan - the late Eighties - and I got to this album quite late.  I've still never heard In The Wake of  Poseidon.  But Red is surely the technical and emotional summit of early  Crim - the crashing drums, the vicious riffing, even the occasional good  song.  Starless is of course the centrepiece, and while the middle part of  it isn't so much a piece of music as an exercise in patience, it's worth it  for the overwhelming relief of the finale.  I'll always be a little fonder  of Starless and Bible Black, but only cause it was the first KC album I  heard; my ears tell me that Red is the jewel in the king's crown.  If you  like loud guitars you'll love it.",positive
There are some hauntingly beautiful songs and ballads on this album....a go to favorite!,positive
"Just a simple remark--if you don't approve of performing versions of composer's unfinished sketches, no one is holding your hand to the fire forcing you to listen.  In the meantime, those of us with intellectual curiousity, although we know such things as this and other performing versions can never really exist as the composer would have completed them, would still rather hear the skethces in some way rather than having them remain mute in archive drawers.  Again, no one is forcing you to listen.",positive
"""Math rock"" is usually associated with practical complexity.  By this I mean that bands that are identified with the genre generally think about the way in which they can perform complex musical material in a live situation.  Battles' ""supergroup"" pedigree includes math rock monsters such as Don Caballero and Helmet, and as a critical fan of so-called ""math rock,"" they have piqued my curiosity since their first EP.  However, I never bought any of their albums.

Then I saw the video for ""Atlas,"" and this curiosity became a fascination.  I have long been a fan of King Crimson circa 1980, and it seemed like Battles engages contemporary technology and virtuosity in the same way that Fripp and co. did on ""Discipline.""  I immediately bought ""Mirrored,"" and in the final weeks of 2007, it shot up my personal ""album of the year"" charts.

What is really fascinating and ultimately satisfying about ""Mirrored"" is unraveling its tapestry of execution.  I love to contemplate ""who"" is playing ""what.""  This form of listening is particularly stimulating when you have a band full of multinstrumentalists that sample, loop, tap, and generally thrash their way through their work.

As usual, the most publicly accessible song on the album is not necessarily the most representative.  I think that ""Atlas"" is great.  The video reflects the energy and experimentalism of the band very well.  However, there are songs on the album that show ""Atlas"" to be the ""single"" that it is.  ""Tonto"" is a beautiful piece of work, as is ""Race: In"" and ""Tij.""  ""Race: Out"" is a fun ""whack-a-mole"" game of ""who is playing what"" and ""Bad Trails"" shows Battles' potential for more atmospheric work.  The only work that I could offer any critique for is ""Rainbows.""  It is wonderfully epic, and covers a great amount of musical ground, but seems a little repetitive.  The same seven-minute song could potentially be done in five.

The lowdown:  Battles creates highly active music that is satisfying on intellectual and accessible levels.  To the passive listener, ""Mirrored"" may bring to mind the work of avant-garde DJ's, like DJ Shadow or BT.  For the more invested listener, Battles' potential for mind-boggling virtuosity, a la King Crimson or Don Caballero, is similarly compelling.  A quick YouTube search will confirm this - I dare you to check it out.",positive
"This CD spans the generations in our family.  ""Smile"" is one of my favorite songs and the grandkids love this title hit.  This is my youngest granddaughter's all-time-favorite song.  With Uncle K's distinctively beautiful voice this is a genuine pleasure in sound.  Highly recommended!",positive
"I've been a Bob and Tom fan for about three years now, and I was really gratified to see them release a collection of their greatest commercial parodies, songs, and gags.
When speaking to Bob and Tom, one usually  tells them ""you guys rock!""  And on this two CD set, they really  do!  To be sure, longtime fans of the show will find some of their  favorites as well as some that they were indifferent to any perhaps didn't  really like (""I Want to be Like Hef"" is not one of my particular  favorites), but there is truly something for everyone here.
Some tracks,  such as ""Prisoner of Love"", ""Dear Penthouse"", and  ""Dicken's Cider"" are enduring comedy classics that are often  requested on the show.  There are plenty of tracks by guests of the show as  well, such as ""Wild Bill"" Bauer's ""Uncle Arnie/Russian  Roulette"" which still makes me laugh every time I hear it.
One  should be warned though, that this collection is not for those who suffer  from political correctness or are rather puritanical in their tastes (I'd  suggest old Bill Cosby albums for those folks).  But if you like ribald,  risque humor, this is without a doubt the best collection yet.  I can  hardly wait for Volume 2!",positive
Very nice record.  As advertised and arrived on time.,positive
"The last song on this awesome album simply is worth the price of admission. Rime of the Ancient Mariner is Steve Harris at his best. At about 8 minutes or so into the epic 13 minute song it becomes what amounts to a powerhouse of metal madness that almost no other band could surely replicate. Virtuoso guitar solo, wicked melodic guitar, driving bass guitar, and thunderous drums heading for the climax. It is the best epic metal song ever. Driving is extremely hazardous with that tune on because you surely will be WAY over the speed limit.

Other notable songs are Aces High and 2 Minutes to Midnight. Both are great and I prefer 2 Minutes to Midnight of the two.

The intro to Flash of the Blade is awesome and I like the fact that it kind of has some D&D appeal to it. If only Iron Maiden would do the score to fantasy based video game or movie with that type of theme. In listening to this song again right now I forgot how great it is. The guitar playing is just incredibly tight and precise.

In short all the songs are listenable material and several are classic material. Powerslave is one of the Golden Age of Maiden albums also including Number of the Beast in 1982, Piece of Mind in 1983, Somewhere in Time in 1986, and Seventh Son of a Seventh Son in 1987. If you are into the metal genre and will be experiencing this music for the first time get ready for one wild ride. PLAY IT LOUD!",positive
"OK, I know that this album has darn near 200 reveiws, but I'm amazed at how many of them deal with the play and the book and the movie, and not with the MUSIC!  That is what this is about, so I'll keep it short and simple.

If you've seen the movie, then you know what you're getting.  The sound quality is great, and the orchestration is magnificent.  I have both this album and the original cast production, and I'd have to say that overall, this recording is better.

The Phantom is not as good as the original, but Raoul and Christine are incredibly well done.  A great addition to my collection.",positive
Love this one & enjoyed it while growing up,positive
"Nick Finn stepped out of his brother Tim's shadow of Split Enz, and formed Crowded House. Production and keyboards by Mitchell Froom accurately capture the band's wit and musicianship.  ""World Where You Live"" cuts with a catchy keyboard riff, and ends with strong choral harmonies. ""Mean To Me"" is a straight ahead rocker, with an interesting change in the middle and strong backbeat by drummer Paul Hester.  ""Now Where Getting Somewhere"" has an accordian patch and mellow acoustic guitar introduction, and becomes a feel good, sing along.  The dark hit, ""Don't Dream Its Over"" stands the test of time, and was the band's signature. Cutting organ by Froom is an essential part of the song in both the middle break solo and at the conclusion, over the ""Hey Now""s sung by the trio.  An unusually tense cut, ""Love You Till the Day I Die"" follows, with atonal vocals and thrusting guitar that shift the tune into a melodic chorus full of trademark Crowded House harmonies.  ""Something So Strong"" is a traditional pop song, which is colored by Froom's reedy organ and production, another hit which stands the test of time.  ""Hole In the River"" takes a darker, more dramatic path, with interesting orchestration, strong vocals and great dynamics that help build the tension.  ""I Walk Away"" and ""Tombstone"" are well written, enjoyable numbers.  ""That's What I Call Love"" is ranting ending to a wonderful debut.  This is a debut that showcases the wit and musicanship of Finn, Hester, and Seymour, who were a great trio.  Get it!",positive
"This CD has the feel of an autobiography.  The music, along with photos of Omara at different ages, has the feel of being transported to the times and places in which she lived. There is a sentimental quality to this music but the lyrics and rhythms carry you from place to place so that it never feels saccharine or contrived.  It would help if you spoke Spanish, or, if you don't you might be motivated to learn just so that you could totally wallow in these songs -- that are sure to have more appeal for people of a 'certain age.'  If she had written a book about her life in Cuba and listed all her stage performances and gossiped about every detail one could read it, enjoy it, and then put it away or pass it on, but you can play this CD over and over and marvel at what it must have been like to be Ms. Portuondo at every beautiful age.",positive
"Teen Time - The Young Years of Rock & Roll, Volume 3: A Very Special Love is an excellent addition to this CD series of great pop hits from the 1950s and early 1960s. We get loads of wonderful tunes here and the sound quality couldn't be better--even when the tracks are in mono, they're still quite good.

The CD opens with the sweet and peppy ""My Heart Is An Open Book"" by Carl Dobkins, Jr. The female backup vocals work well and Carl's vocals sound great. He never misses a beat. Tab Hunter's ""Ninety-Nine Ways"" rocks and rolls easy and sassy both at the same time; and Tab never sounded better! The musical arrangement bolsters Tab's performance as well. I predict that you will enjoy ""Ninety-Nine Ways"" a whole lot! Tab sings of a man who wants to forget the woman who turned him down even though he loved her.

""Just As Much As Ever"" by Bob Beckham swings, rocks and rolls just right with a great beat; this almost feels like a 1940s ballad but don't be fooled--it still fits in here very well. It's also the first time ""Just As Much As Ever"" appears on any CD--cool!

The Demensions perform a passionate and smooth rendition of the classic ""Over The Rainbow;"" and the percussion enhances the musical arrangement. The Demensions harmonize very well, too. Listen also for The Blue Diamonds doing their hit called ""Ramona;"" they sing this without a superfluous note and the melody is unmistakably late 1950s! I especially like ""Ramona.""

The CD ends with a great hit for Robin Ward; she sings ""Wonderful Summer"" to perfection and the female backup vocalists make this number all the better.

The liner notes give a lot of info about these great numbers; and the artwork is in very good taste. Excellent!

I highly recommend this CD for any fan of pop music of the 1950s and early 1960s. The sound is great and we get lots of tracks from many different artists. If you like this CD don't hesitate to get all three albums in this series!",positive
Love this CD from start to finish!,positive
"Oh! My goodness, so deep, soulful and sensual, great slow dance music.",positive
"Purchased the album as gifts for my 2 sons, that appreciated many of Eagles albums of the past, but has not got this particular one and I thought they needed it in their collection. I love it.",positive
"this is the album that was part 2 of lou rawls's career.together with gamble&huff and the philly crew the songs are still great.you'll never find a love like mine,all things in time,groovy people etc..a great album  that showcases lou's signature voice.",positive
"Compilation CD's like this are an excellent first CD to purchase when first exploring a new composer or style of music (""Impressionism"" in Debussy's case).  And this Philip's ""Set your Life to Music"" collection is usually a sure and safe way to do that given their well thought-out selections, themes and quality recordings.  This CD here contains many of the most popular, lyrical and enchanting works of the 19th-century French composer, Claude Debussy.  The range of selections are diverse and satisfying: from his major solo piano works through his top chamber music (for 2-5 instruments) to the full-blown orchestral selections of great imagery and dreaminess that can transport one into another world of great serenity.  (But, there are enough sudden changes in loudness and rhythm to upset any notions of perfect bliss and keep the daydreamer from falling asleep - hence the title, ""for Daydreams"" and not ""for Bedtime"" like in other offerings in this Philips' series)  Regardless, this CD is an excellent introduction to Claude Debussy as well as being overall relaxing music to enrich one's life.

One interesting music history tidbit on Debussy that might interest the new listener: Even though Debussy did not like the label, his music was labeled ""Expressionism"" for the similarities to what the French artists like Monet were doing at the same time.  In Debussy's case, his intent was to create ""emotional impressions"" with music that evoked specific moods and images in the mind - not unlike what the ""impressionistic painters"" were trying to do on canvas using pure color and form to evoke the fleeting, emotional moment of a landscape scene. ""Prelude of the Afternoon of the Fawn"" is a good example of this dreamy, lingering, emotive style of music.",positive
Best Album I have purchased this year.  Love this man's voice and his arranging.  It makes work much more enjoyable,positive
"This is a gorgeous album.  I was a huge Erasure fan but frankly have kind of lost interest in the past decade.  Nightbird regalvanized my curiosity, and this album was such a pleasant surprise because on first listen I wasn't all that impressed frankly.  Second listen however I really connected.  I didn't recognize every song, but they're just really well written tracks, and this format really highligh the vocals and gorgeous melodies as well as spotlighted strong lyrics. Very moving and well done music.",positive
"I hate box sets.

 Most recently, I was extremely disappointed with the Nirvana box--which contains very little of the vital, infectious music that I associate with Nirvana. While it may be unfair to compare Nirvana's b-sides and outtakes to the best material in the James Brown catalogue, I can't help but be underwhelmed by any box set that doesn't have the words ""Star Time"" printed on the cover.

I don't really even consider this a box set. I think of it as four of my favorite individual cd's. Each cd plays like it was originally intended to be sequenced that way by James Brown his own damned self.

Yes. Discs one and four may not be quite as solid as numbers two and three. But that's a little bit like saying that Abbey Road isn't quite as good as Revolver. It's all good people.

Amazon lists other cd's as the ""essential"" recordings of James Brown. While Foundations of Funk is an excellent compilation, this is a better place to start your JB education.",positive
"Though hardly a Wagner fanatic, I have increasingly come to admire, if not always to love, his music dramas for their boldness, sublime pathos, and cosmic scope.  To know Wagner is to appreciate, at very least, where Bruckner, Mahler and Strauss came from (they didn't spring fully formed from the head of Zeus--or Woden as the case may be).  Wagner also has the ability to shed light--sometimes garish, sometimes healing, always searching--on some of the darkest places in the human psyche.  If you fancy modern myth--Tolkien, Lewis, Mary Stewart, et. al.--then you cannot afford to ignore Wagner, who as the pioneer of *Gesamtkunstwerk* (multi-media) may well be the greatest mythmaker of all.

If you are perchance a Wagner neophyte with a hankering to discover what all the fuss is about when it comes to this greatest of musical megalomaniacs, then this box is tailor-made for you.  The performances contained herein all convey a unique sense of authenticity, insofar as they were taken down live at Bayreuth, the theater that Wagner designed as a sacred shrine of consecration for the Grail that was his hypertrophic ego (when you're a genius of that caliber, I suppose a wee bit of bravado is allowed).  Make no mistake: nowhere on the face of the earth is Wagner performed with greater zeal and dedication than on that Holy Hill, and nowhere will you find more prolific opportunities to be initiated into the Highest Mysteries of the music drama.

Another advantage of this set (beyond its obvious bargain status) is that every one of the ten great operas receives a performance that at least does justice to the music, and some have rightly been accorded classic status.  First and foremost, you will be treated to the greatest *Tristan und Isolde* of the Stereo era, and a *Ring* cycle that must figure at or near the top of a very short list--all conducted by Karl B&ouml;hm (one of the most formidable, and dramatically compelling, Wagnerians on record). These B&ouml;hm-led performances feature the likes of Brigit Nilsson (as Isolde and Brunhilde) and Wolfgang Windgassen (as Tristan and Siegfried), alongside other top Wagnerian singers of their generation.  Those five operas would have constituted a plausible bargain box on their own (and indeed the B&ouml;hm Ring cycle has fairly recently been selling for about the same price as this entire collection); but we also are treated to three wonderful performances (*Der Fliegende Holl&auml;nder*, *Lohengrin* and *Tannh&auml;user*) under Wolfgang Sawallisch, another seasoned Wagnerian who can usually be counted on (as here) to provide a vivid theatrical experience.  All three of these performances are exceptionally well cast (a difficult matter in these particular works), though some listeners might be put off by certain vagaries of live recording (odd balances, audible prompters, lots of stage noises, less than spot-on choral ensemble, etc.); these minor irritations are more noticeable in the three Sawallisch outings than in some of the other performances anthologized here. Least satisfying (to these ears anyway) are Varviso's *Meistersinger* (inconsistently cast, with less than engaging portrayals of Sachs and Walther) and Levine's *Parsifal* (too slow, and minus a musically and dramatically plausible singer in the title role); yet even in these two cases, where one could cite several superior alternatives, you will probably not be disappointed--for there is something about a live occasion at Bayreuth that stirs the blood, even when the conducting or singing prove uneven.

Perhaps the best news about this set, apart from the price, is that the recordings all date from the Stereo era, and provide a splendid sense of space and occasion, if not always ideal clarity of focus.  The documentation is what one would expect for bargain boxes these days--scanty, though detailed cast lists and recording dates are provided along with a cued plot synopsis for each work.

In sum, then, you cannot go wrong with this compilation, whether you are a neophyte or a veteran opera collector and Wagnerian:  the performances are memorable, the sonics variable but never less than good, and the cost minimal.  Strongly recommended.",positive
I have seen this wonderful movie several times.  I always have and I always will love this CD. This CD is hard to beat !!,positive
"2008 was the year of Lil-Wayne. He was everywhere at that time. In my opinion this was Lil-Wayne being the top dog of the rap world. While I don't listen to him anymore he was dropping some of his dopest rhymes during 2008 that was topped of with Tha Carter III. Everything from the production to Lil-Wayne presence on the album is fantastic. From beginning to the end Lil-Wayne grabs your attention and never lets you go. Not one weak track and this is a great album to ride along to. Just don't go in expecting him to topple 2pac, Biggie, Eminem, or Jay-Z just go in wanting  to be entertained with amazing witty pop rap tracks.",positive
This was a great product.  Thank you.,positive
"it is very soulful and inspirational. I love this cd, you can't go wrong with it.....",positive
Fabulous CD by talented artist with incredible voice.,positive
"I bought this CD feeling skeptical because of her name.  I was wondering if she was even legit.  But then, I came to this website and saw that she is creditable.  She has three CD's and they all have great ratings.  I bought it, and I heard that, behind her thick southern accent, were words that had meaning.  She definetly has talent.  I love Lil' Kim and Trina, but Gangtsa Boo is more of a legit MC than they are.  She isn't pop.  She is underground, which makes it easier to believe when she talks about doing ""thug activities"".  She is really keeping it underground and she can throw down on the mic better then even some men.  I recommend this CD because rap, in essence, is going to Hell.  The game is getting crowded and with all these new rappers going mainstream, Gangsta Boo keeps it how rap should be, real and underground.  She is the best.  It is $15.00 bucks worth spent.

  CD highlights include: Enquiring Minds, Don't Stand so Close to Me, F**k You, Where Dem Dollas At?, The ones close Know the Most, High off that Weed, Be Real, Nasty Trick, Money and the Powder, and the Where Dem Dollas at Bass Remix",positive
"Not much need be said.  Slayers finest bar-none.  ""Rainging Blood"", amazing!!  Made me want to cry the first time I heard it was so fast and pummeling.  Though short in time, it won't disapoint you...Get it.",positive
"people, specifically music fans, are going to look back upon the 1990's and think, ""what a great period for musical developement, remember Nirvana and Radiohead and all those other ground breaking bands, remember Green Day and Weezer"". Of course then they'll have to remember all the Limp Bizkits and Korns that appeoared towards the dismal end of what was supposed to be a crowning jewel for rock music. ( and then of course there is the hip ho, white rappers and ghetto thugs making millions, don't get me started.) ANYWAY, before I get completely off track lets all remember those hard-rockin' geniuses who said ""to hell with guitars, lets make real rock"". Thats what Ben Folds Five is, real rock, a combination of the bare essentials from the 1950's combined with the emmotional alternative that would be forever deemed as ""Geek Rock"". If you ever remember the song ""Brick"", forget it existed, remember whats really important, ""Battle of Who Could Care Less"", ""Selfless Cold"", ""Kate"" and the oh so many other songs that made you say, ""YES, this is what I have been searching for"". Ben Folds is great, but I sure wish I could of gotten a chance to see these guys play live.",positive
Big fan of sinner im glad they went back and redone the older songs .And the remake of don't belive a word by thin lizzy is awesome!!,positive
"This collection along with the double disc ""50 Big Ones"" released concurrently is meant to commemorate fifty years since they first arrived on the music scene. It serves as both a good introduction and great summary of one of the most influential bands of the sixties. Sixteen of the tracks come from 1962-1967 - their most prolific period. A few more tracks could have been added but all of their major hits are here. Here's the track listing followed by the versions they appear in. All tracks were remastered in 2001 unless otherwise indicated.

That's Why God Made The Radio (Stereo-2012)
California Girls (2002 Stereo Mix)
Sloop John B (1996 Stereo Mix)
Wouldn't It Be Nice (Stereo)
Surfer Girl (Stereo)
Do It Again (Mono)
Surfin' Safari (Mono)
Surfin' USA (Stereo)
Don't Worry Baby (2009 Stereo Mix)
Little Deuce Coupe (Stereo)
I Get Around (Mono)
Fun, Fun, Fun (Mono)
Be True To Your School (Mono - Single version)
Dance, Dance, Dance (2003 Stereo Mix)
All Summer Long (2007 Stereo Mix) (not released as single in US)
Help Me, Rhonda (Mono - Single Version)
Rock And Roll Music (Stereo - Remastered 2000)
God Only Knows (1996 Stereo Mix)
Good Vibrations (Mono)
Kokomo (Stereo - 1988)

Total Time - 52:03",positive
"This is Anthony Hamilton at his best. Comin' From Where I'm From was a phenominal, dark, gritty, soulful album. Ain't Nobody Worryin' had a more bright image, with a little more soul, this album was a happy album compared to his previous album. And now, two years after Ain't Nobody Worryin', and about a years worth of delays, and title changes, we finally get The Point Of It All. And I was still unsure who i was going to give my R&B album of the year title too at the start of the week, but once i got this album, it stole the title. The Point Of It All is easily Anthony's most radio friendly album yet. While most of the album is still to soulful for radio, it's his most ""synthesized"" or produced album by far yet. His first two albums had alot of that live instramentation, but this album has alot more ""beats"" than his first two did. And thats why I think that this will be his biggest album yet, because this album is coming off the buzz that ""Do You Feel Me"" from American Gangster created for Anthony Hamilton. That song got him alot more fans, and i think this is his best album yet, so i think this will likely be his highest selling album in its first week. Anthony has the best voice in R&B/Soul music, period. You know instantly when you here his voice, that its Anthony Hamilton. He's got a gritty soul voice, but he also has a very rich, and a very high range. And he really shows it on this album. The single ""Cool"" is just a classic Anthony Hamilton track. Its a mid tempo, feel good track about love, with a comical, but sincere appearance from David Banner. And then on the mid tempo, smoothly produced ballad by Dre and Vidal, ""Diamond In The Rough"" is easily one of his best songs ever, if not his best song ever. And then ""Please Stay"" is a classic showing of a vintage, slow love song, theres one of these beauties on all of his albums. Another track that has seen some heavy rotation from me is a rare baby maker in the title track ""The Point Of It All"". He doesn't do many baby makers, but when he does, they are always classic. I have always liked Anthony Hamilton's music, and all of his albums are classics, so when i say this album is his best, it is extremely close. But this is easily his most polished and flashy album to date as far as production goes. It's always good to get some fresh Anthony Hamilton music right around the holidays lol R&B Album of the Year!

Grade:
A",positive
"Progressive rockers Jethro Tull released their fourth album Aqualung in April of 1971.
By 1971, Jethro Tull were a modestly successful blues rock band spearheaded by lead singer/songwriter Ian Anderson, a wild-eyed Englishman decked out in tights and sashes and using a FLUTE as his rock and roll weapon of choice. Anderson was joined by guitarist Martin Barre (still Tull's guitarist today), keyboard player John Evan, then-new bass player Jeffrey Hammond (who replaced original bass player Glenn Cornice) and drummer Clive Bunker (whom left the band after this album was finished).
Contrary to popular belief, Aqualung is not a concept album. However, the songs all have different topics from religion to homeless people to life in general. Many people always say Jethro Tull suck with comments like ""they are minstrel rock"", ""boring"" among others. Tull combined rock with folk so well that they made many a great albums. Here is the synopsis of Aqualung.
The album's opening title cut introduces to a man named Aqualung who happens to be a homeless man. The music and the lyrics to this epic are just excellent on this rock radio staple which is probably playing on the radio as I write this. Next is ""Cross Eyed Mary"" which is a rocker about a dirty girl who did things that the good girls didn't dare try. The flute is superb here and Barre's guitar just rocked here. We have a nice short breather, the autobiographical ""Cheap Day Return"" which is acoustic in nature. We follow with the folkish-rocker ""Mother Goose"" which is another great song. Next is the relatively short but sweet ""Wond'ring Aloud"" is next and also autobiographical. ""Up to Me"" rounds out the first half and is a great song.
The album's second half which is Pro-God/anti-organized religion in theme and content starts with the epic ""My God"" which is a great song. Next was the album's third rock radio staple ""Hymn 43"" which is a great rocker. ""Slipstream"" follows and is a short acoustic breather from the second half which is ""pro-God and anti-Religion"" in tone. Next is the last rock radio staple from the album the chugging rocker ""Locomotive Breath"" and God is referred to as ""Old Charlie"" and just an awesome song with a superb Anderson flute solo. The album closes with another epic fittingly called ""Wind Up"" which winds up this album in a grand way.
Aqualung was the album that made Jethro Tull stars in the US as it reached #7 on the Billboard album chart and sold millions rightfully so to this day.
In 2011, EMI (Capitol Records in the States) re-released Jethro Tull's classic as a 2-CD remaster for its 40th Anniversary. The first CD is the original album newly remixed in 2011 by Porcupine Tree mastermind Steven Wilson and he doesn't compress nor destroy the new mixes and this is one of the best remixing jobs on an album I ever heard (only what James Guthrie did with the remixes of Dark Side and Wish You Were Here give this a run for its money) and also remastered brilliantly by Peter Mew at Abbey Road. The second disc is worth buying alone. The first track 1 is ""Lick Your Fingers Clean"" which was recorded for the album outtake but scrapped. The song first appeared on the 1996 25th Anniversary remaster. It's here in a 2011 'New Mix'. Next is ""Just Trying To Be"" which was also left off the original album and first appeared on the 1972 double album Living In The Past. This is a 2011 'New Mix'. We also have early takes of the classic ""My God"", ""Wond'ring Aloud"", ""Wind Up"" (with Ian Anderson on piano) plus the second take of ""Slipstream"", an early version of ""Up The 'Pool"" and the real treat is the full version of ""Wond'ring Aloud"" called ""Wond'ring Aloud, Again"" featuring the whole band and extra verses. We then have the first recorded project to feature drummer Barriemore Barlow which was the Life Is a Long Song EP which comprised of the title cut, ""Up The Pool"", ""Dr Bogenbroom"", ""From Later"" and ""Nursie"". Since the EP format never caught on in the States, the EP comprised of much of Side 4 of the Living In The Past double LP in 1972. Lastly is the commercial for the album used on US rock radio. It also comes with a 32-page booklet and the discs look like the original UK LP (nice touch).
Aqualung still sounds fresh and reverant today and this deluxe re-issue is recommended!",positive
"I bought this album on the strength of the reviews previously posted and was expecting some big things. On first listening I thought it was good, but possibly not quite worthy of some of the raves I had read. I kept on listening to the album over several days and slowly began to get into it. It is a diverse collection of tracks that seems to work on many levels as it drifts from catchy rifts into complex diversions. With a collection of performers such as Freddie Hubbbard (trumpet), Herbie Hancock (piano), Ron Carter (bass) and Elvin Jones (drums), it is not surprising that Wayne Shorter (tenor Sax) delivered such a creative melting pot with this one. However, it all comes together to deliver a contemporary sounding (even though it was recorded in 1964) and somewhat edgy collection of compositions. The title track `Speak No Evil' is particularly good, but `Dance Cadaverous' and `Instant Eyes' are also personal favourites. I went to a Herbie Hancock concert a few years ago where he spent some time talking to the audience about the genius of Wayne Shorter as a composer and performer and this album is certainly testament to his claims. In fact you can hear the influence coming through on some of Herbie's subsequent albums. By all accounts this remains the best solo album Shorter released and it is certainly worthy of a place in any good jazz collection. However, my advice would be to go beyond the first listening and you will eventually be rewarded.",positive
"Erasure have consistently put out good music since the 80s and forutnately have continued to have a contract in the USA.  This is probably their best record since their album of ABBA cover tunes that I loved so much in the 90s.  The songs are current, dancable, and very well produced. Fans will be pleased.  If you haven't heard Erasure before, listen to this one.",positive
"This album conjures up images of whiskey and cigarettes as part of the good life...not bad habits. The Basie orchestra cooks with propane fuel and reminds me of a happy dog thumping his tail. This CD is a great gift for those who are just learning about the Voice of the Chairman. Not a bad cut in the bunch. I have this permanently loaded in my car player. Dames love it! Snap your fingers, tap your toes, and sing along out loud.",positive
"Pyramaze has always been one of the better progressive/power metal bands in the scene, but their unfortunate luck with singers has probably kept them from getting the notoriety they deserve. Former singers Lance King and Matt Barlow are giants in the world of metal, but they only stayed for two and one albums respectively. As a fan, I didn't want Barlow's exit to be the demise of the band. Fortunately, Pyramaze was able to find a new singer with the chops to fill the shoes left for him by his predecessors. New singer Terje Hary is as good as any singer out there. He has strong, powerful vocals that blend perfectly with Pyramaze's new album that, musically, takes up where Immortal left off. The seven year lay off between albums has done nothing to diminish the bands ability to write quality metal. If you are already a fan of Pyramaze, or if you just like progressive metal, you're going to love Disciples of the Sun.",positive
Awesome CD...Great songs A+++++,positive
"My parents had the original ""Open Mind of John D Loudrmilk"" and ""John D Loudermilk Sings a Collection of the Most Unusual Songs"" LP's and I grew up listening to these wonderfully dark, haunting, mind-delving and somewhat funky songs.  Ever heard the Raiders' smash hit ""Indian Reservation""?  Well, the original version is Loudermilk's ""Lament Of The Cherokee Reservation Indian"" and it's just a folky/boogie-woogiely acoustic JDL accompanied by brushes --- and will blow you away!  Other classics such as ""Little Bird"" and 'Going to Hell on a Sled"" are amoung the CD's bumper crop of 27 nuggets (only 11 are shown on this Amazon page).  Have a stiff drink, hug your lover, leave a little room for dancing and buy this CD!",positive
"There are no words to describe Rufus' beauty - both physically and musically. Each song tells it's own story I can relate to in so many ways whether it's the sinful vices of ""Cigarettes & Chocolate Milk"" and ""Greek Song,"" the materiality and phoniness of today's world in the title track and ""California,"" the solitude of ""One Man Guy,"" or just wanting to run away with your lover and play ""The Consort."" His voice will take many some time to get used to, but once you do you realize many of the wonderful performances it can command. So much has been said about him being an openly gay performer. (Has there been a review yet to not mention it?) Sexuality aside, when you get right down to it he's just a hopeless romantic singing about love - not just any love, this isn't schoolgirl and first crush love - but loves for the ages. Opera love where the suitor must conquer a nation to win the hand of his fair maiden. Love that would knock down buildings. Love to give artists a new ideal of emotion and beauty for which to strive. Wainwright expands on themes from his eponymous debut and turned what could be considered a thinking man's camp (earlier songs like ""Matinee Idol"" and ""Beauty Mark"") to a mature and fuller sound that the seriousness of his compositions would lend themselves (songs like ""The Tower of Learning"" and ""Grey Gardens""). By opening himself and exposing his heart - both the good and the bad - Rufus has firmly lodged himself in mine and will undoubtedly reside there for a long time to come. Fave tracks: ""Greek Song,"" ""The Tower of Learning,"" ""The Consort.""",positive
"This album is utterly fantastic, bringing two of my all-time favorite artists together on one album. But what you need to know before you buy this album is that there is a Deluxe version:&nbsp;<a data-hook=""product-link-linked"" class=""a-link-normal"" href=""/The-Union-Deluxe-Version/dp/B0049L21US/ref=cm_cr_arp_d_rvw_txt?ie=UTF8"">The Union (Deluxe Version)</a>. On the Deluxe version are two additional songs, so check the difference in price between buying this album and the Deluxe version, and either buy the Deluxe version, or buy this album and then the additional two tracks:&nbsp;<a data-hook=""product-link-linked"" class=""a-link-normal"" href=""/My-Kind-Of-Hell/dp/B0049KWWIK/ref=cm_cr_arp_d_rvw_txt?ie=UTF8"">My Kind Of Hell</a>&nbsp;and&nbsp;<a data-hook=""product-link-linked"" class=""a-link-normal"" href=""/Mandalay-Again/dp/B0049KWWKI/ref=cm_cr_arp_d_rvw_txt?ie=UTF8"">Mandalay Again</a>. My Kind of Hell is my second favorite track from The Union (Deluxe Version), right after If It Wasn't For Bad.

You won't go wrong buying this album, but if you buy this version and you like it as much as most everyone else here who is reviewing it, then do yourself a favor and get those other two tracks!",positive
"This compilation includes most of Tom Petty and The Heartbreakers biggest hits. It includes singles such as ""Refugee"",""Breakdown"",""Free Fallin'"",""Don't Come Around Here No More"" and so many other greatest hits. This also includes two new tracks...""Mary Jane's Last Dance"" and Petty's cover of ""Something In The Air"".The only downsides to this collection,in my opinion anyway,is there are no songs from ""Let Me Up(I've Had Enough)"".I know it wasn't a huge hit album or anything,but there should have been at least one track from that album on here.""Jammin' Me"" would have been my choice. It's also a bit disappointing that there is only one track from ""Southern Accents"" on here as well. It would have been great to have had ""Rebels"" included on here too. Overall though,this is still a nice set of Tom's main hits for the casual fan. For the more diehard fan of Tom Petty,I would recommend the box set ""Playback"" over this,which includes a ton of hits,outtakes,b-sides and more. But for the casual fan,this CD would be great.",positive
"After watching what was allowed on a PBS special, the complete concert is here in all it's glory.
Being half Scottish myself, i really enjoyed this concert.
Phil Coulter, who was responsible for the popularity of the Bay City Rollers back in the early 70's, assembled 5 men, ages ranging from 14 to probably 35 (a guess). Each man sings very, very well. Has superb stage presence, and also dances. Such a display of talent here is recognized by a devotion to entertain, and each does in abundance.",positive
As always this series produces a lot of great old music it is well worth the price. I always look at it with oldies as a dollar a song so with 30 songs on the CD how can you go wrong. They are all the orginal and not remakes.,positive
This album was my fav when I was a teen. It was great to find it on amazon after all these years,positive
"It's getting harder and harder to avoid this band's roots in Yes, particularly with Roine Stolt long gone. Think of Yes with Dave Greenslade on board, especially in the male vocals. Stolt's current successor Per Nilsson even sounds at times like Steve Howe, particularly in ""Seven Oceans Of Our Mind"". Except keyboardist Hans Lundin brings in some jazzy tonalities behind him--more like Patrick Moraz than Wakeman. We're lucky here that Lundin is more into what's good for the band rather than the ""soloist with a day job"" mentality that often dilutes Wakeman's sense of commitment. The proof of this is in the way Lundin decided there was life after Stolt. Hey, look--if Stolt had stayed on board, we wouldn't also have Kaipa's ""nephew outfit"" The Flower Kings.",positive
This Woody Allen movie is one of my favorites amount all of his movies.  The cast is great & I love the soundtrack.,positive
"The first Moulin Rouge soundtrack cannot really be considered or described out of context with the later second volume that was released.  The deficiencies of this album are addressed for the most part in Volume 2, and thus this album cannot be judged as harshly as it was upon its initial release for the songs and numbers that are not included.  The earliest reviews of this soundtrack are justifiably critical, for many of the tracks featured here are not the actual versions from the film.  In essence, this CD is music that inspired and was inspired by the movie rather than an actual soundtrack.  This becomes obvious from the very start, when one hears David Bowie delivering the melancholy masterpiece Nature Boy.  David Bowie does a great job but it's not the movie version, and that is important because fans obsessed with this movie (including yours truly) are absolutely captivated if not in love with the actual movie versions.  If Bowie singing Nature Boy feels strange, just wait until you hear Beck singing Bowie's Diamond Dogs later on.
Thus, one has to put aside one's concerns about this album's vast differences from the actual movie's music, knowing that some (but, sadly, not all) of those original film versions can be found on the Moulin Rouge Volume 2 soundtrack.  Since I love the movie and music, so much, I'll say a word about every track on this CD.  After Nature Boy, one gets the familiar pop hit version of Lady Marmalade performed by Christina Aguilera, Lil' Kim, Mya, and Pink.  The one great weakness of both soundtracks is the fact that this is basically the only piece of music you get from the unforgettable sequence in which Ewan McGregor first enters the Moulin Rouge.  Fatboy Slim gives us his driving version of Because We Can, a furiously upbeat track.  The version of Sparkling Diamonds included here is good, but it differs significantly from the film version; still, it features Nicole Kidman, Jim Broadbent, and their cohorts from the film and is quite enjoyable in this form.  Next is Valeria's version of Rhythm of the Night, a relatively minor song in terms of the movie, featuring special Moulin Rouge-specific lines.  While I prefer the movie version, something can be said about the version of Your Song included here; alongside Ewan McGregor's impassioned singing, the added vocal stylings of Alessandro Safina are emphasized, adding almost as much as it takes away from the film version.  Bono, Gavin Friday, and Maurice Seezer perform Children of the Revolution, a minor song which I would much rather hear the Violent Femmes perform any day.
Nicole Kidman blew me away in this movie, especially with her hauntingly beautiful rendition of One Day I'll Fly Away.  Once again, this version is not the original film version, and thus, although it is beyond beautiful, it cries out for the overlayering of Ewan McGregor's lyrical strains of Your Song, for this truly makes the song a force capable of fully subsuming one's heart.  As I've mentioned, the version of Diamond Dogs included here is sung by Beck, and while he's good, he's no David Bowie.  The next three songs are absolutely amazing.  First up is Elephant Love Melody, a daringly unique medley that worked its way straight to the bottom of my heart; I am happy to say that this version is basically the same as the original movie version, minus the exhortations of Satine for Christian to get down before falling off the Giant Elephant.  This medley never fails to give me chills, and the same can most certainly be said of the passionate Come What May.  This is the most achingly beautiful love song I've ever heard, but this version is one intended for pop music radio consumption, featuring a rich musical background tinged with strange little electronic noises; if you've watched the video of this song included on the Moulin Rouge DVD, you will already be familiar with this version.  At this point, one must stop and pause in homage to one of the most unexpected yet perfect and fervent performances of all time; I speak of course of El Tango de Roxanne.  This unique interpretation of The Police's Roxanne is amazing enough as it is, but when Ewan McGregor's piercingly heartfelt vocals enter the equation, all one can do is sit back enraptured at such passionate, moving music.  Complainte de la Butte is nothing special, and I still don't remember it being in the movie.  Then one comes upon Hindi Sad Diamonds featuring Nicole Kidman, John Leguizamo, and Alka Yagnik, an exotic track that somehow feels a little different from the film version.  Finally, the album closes with a second rendition of Nature Boy by David Bowie and Massive Attack; I'm really not sure why this track is included here, but the unremarkable version of the song ends quite memorably with Nicole Kidman whispering the words ""I love you.""
This soundtrack cannot be said to feature the actual music from the soundtrack, yet I love it nonetheless.  In my opinion, you really have to buy both volumes of the Moulin Rouge soundtrack, and while the second volume features the original film versions of many songs, only this first volume contains two numbers this Moulin Rouge fan could not possibly live without - Elephant Love Medley and El Tango de Roxanne.  This CD cannot possibly take the place of the movie, but I believe any Moulin Rouge fan will overlook its faults and love it dearly.",positive
Great Album,positive
very good,positive
"Maybe a Bartoli fan, such as I, shouldn't be allowed to comment on this  CD....it is so obviously a showcase for Cecilia's many strengths as a vocal  interpreter.  While pacing could benefit from input from a more  contemporary producer, Bartoli manages, in her customary, seemingly  effortless way, to elicit every possible shade and nuance from some very  beautiful, if sometimes somewhat esoteric (Chants hebraiques) material.  It is, I believe, without question, a fact that Pauline Viardot-Garcia's  touching ""L'havanaise"" today belongs only to Bartoli. ""Ouvre  to coeur"" is a plea no man can resist; Bizet's oft-malperformed  ""Tarantelle"" seems finally cohesive in her playful rendition. A  difficult piece, to be sure, but one would never know this listening to  Bartoli's confident treatment.  While there are several stand-out pieces  on this disc, Ravel's  ""Chanson francaise"" sums up this album's  style nicely....Bel Canto; Beautiful Song.",positive
"So great is James Brown's impact that even the 4 cd Star Time isn't quite comprehensive - between 1956 - 1988, Brown placed 100 singles on the R&B Top 40 charts",positive
"Great to finally have this available on CD. It's hard to put into words how amazing and addictive Flipper ""music"", or whatever you want to call what they did, from their prime days is. I was never a big fan of punk rock back in the day when I discovered Flipper so many years ago now. At the time other bands like Husker Du were over-hyped and much more popular, but these guys were different in such a dark, twisted (and seriously fun) way; on my first listen to their single 'Ha-Ha-Ha' I was hooked immediately.

Tracks on this disc that especially blow me away and always will are 'First the Heart', 'Sacrifice', and 'You Nought Me'. But the highlight, as recorded here one of the best headphone songs ever, is 'In Life My Friends' - Ted Falconi's scrambled-egg-brain-damage guitar and Will Shatter's off-note bass runs during the song's middle to end, make for a sound and effect *nothing* like any other band could ever possibly do, and never fails to give me chills.

Having written this praise, I nonetheless have to state to preserve my sanity I only indulge Flipper in occasional small doses these days, but greatness in whatever form it manifests is greatness nonetheless, and it can be found here.",positive
"Arguably the three greatest American popular singers of the 20th century were Bing Crosby, Frank Sinatra, and Ella Fitzgerald.  Inarguably, all three ""played too big"" to be successful in small clubs (and, to a great extent, within the constraints of the average television screen).  But they were also wise enough to recognize that playing clubs was a guaranteed loser.  The current issue of Down Beat calls attention to the continuing succession of jazz musicians (some legends) who tried to make a living playing clubs and wound up broke, bankrupt, unable to pay hospital bills and funeral expenses.  ""Why must we keep playing benefits for dead musicians?"" is the question asked in the May 2012 issue.  I saw Ella with Frank in the Chicago Stadium (the house that Bobby Hull and later Michael Jordan built).  But the opportunity to catch her in a club never arose--until now, with rare releases of her performances at a Hollywood club and the present recording, made in Chicago.]

One of the few recordings I simply couldn't do without is ""Sarah Vaughan at Mr. Kelly's.""  It's intimate, spontaneous, deeply affecting and communicative to a degree not found on her other recordings.  Like Sarah, Ella was at her vocal peak when she recorded ""Ella Fitzgerald at Mr. Kelly's.""  But this album--coming in the midst of her prodigious ""Songbooks"" project, just after her acclaimed ""At the Opera House"" concert, and just prior to the ""Ella in Rome"" concert album--simply didn't fit in the busy concert and recording schedule of her manager, Norman Granz, who made her the main attraction of his annual ""Jazz at the Philharmonic"" tours and was inspired primarily by Ella to form two major labels: Verve Records and, later, Pablo Records.

Fortunately, listeners' loss back in 1958 (assuming they were not present at the club) is their gain in the present millenium: an opportunity to hear the indisputable ""First Lady of Song"" in a small, intimate, somewhat informal and therefore looser, more ""forgiving"" setting.  I've heard the recently released ""Ella at the Crescendo"" which, to my ears, sounds harsher, more ""forced,"" grating and stiff than the present album, which was recorded in even smaller confines in Chicago.  The rhythm section is first-rate, though perhaps not quite the equal of Sarah's musical support consisting of the incomparable Jimmy Jones (piano), Richard Davis (bass) and Roy Haynes (drums).  But with Lou Levy on piano and Gus Johnson on drums, Ella has what might be considered a ""leaner and meaner"" trio of power players, capable of pushing her to the limit during her arena-sized concerts in stadiums and concert halls throughout the world.

All four musicians dial it down a notch or two for this two-disc session, allowing Ella to explore new tunes as well as revisit old tunes from the Chick Webb days, and to get into banter with the musicians and audience at several points.  Those who are fans of the ""Songbook"" Ella won't be disappointed: the two sets include a representative selection of ballads from the Great American Songbook.  But perhaps the biggest kick will be registered on fans of Ella's scat singing.  To my ears, her extended solo on ""Perdido"" rivals the playing of numerous instrumentalists who have performed the tune, including Bird, Jeep, Ben, Hawk, Sonny Stitt and Paul Gonsalves.  Admittedly, many of the musical phrases and quotes are ""licks,"" or formulae, but I've never heard Ella arrange this many ideas--phrases from swing era tunes to Charlie Parker/Dizzy Gillespie bebop classics--so cohesively and well. Unlike the celebrated ""Mack the Knife"" concert in Berlin or the famous cutting session on ""C-Jam Blues"" (Ella vs. Stan Getz, Al Grey, Roy Eldridge, and a host of jazz all-stars) at the Santa Monica auditorium in 1972, Ella on this occasion doesn't need to forfeit part of her brain to the large crowd.  Rather than ""play the throng,"" she ""plays the song.""  Her mind is fixed and focused squarely on the music, and the results are frankly extraordinary, even for a musician like Ella. (I'm not sure which is truer: Ella Fitzgerald is the Oscar Peterson of singers? Or Oscar Peterson is the Ella Fitzgerald of pianists?)

[On a provocative note, the enormous popularity of Diana Krall might suggest that Julie London was, ultimately, a greater influence on jazz singing than Ella!  Listening to Ella at my current age, I can hear both a ""sweetness"" (or ""wholesomeness"") as well as a spinning vibrato which, after the cultural revolution of the 1960s, went out of style in American popular music and jazz.  Once art and entertainment became dependant on the spending habits of the new ""youth culture,"" not only were sweetness and wholesomeness out of fashion but anything bordering on sentiment, nostalgia and melodrama as well (look at album covers after 1965 up to the present--primarily pictures of scowling young faces signifying ""we're hip because as our faces show, we're countercultural"").  As a result, numerous artists have not received their due--including Mildred Bailey and even Doris Day.  Therefore, I can only hope that at least a few listeners under the age of 60 will be attracted to--not to mention informed, entertained and educated by--the music on ""Ella Fitzgerald at Mr. Kelly's.""]",positive
"Up there with RIOT - Fire Down Under. This is how original sounding this Epic Slab of Progressive Metal / Hard Rock is. Both these 2 albums stand out in a Genre that gets copied each day. The vocals of Rock God Jorn Lande make this a non stop listening pleasure. And the music written is beyond comparing . 10/10. Just like Heaven N Hell by Sabbath and Riot - Fire Down Under , this album will be immortally known as PERFECT ! It is spoken.",positive
"This release is reminiscent of York's solo cd, but is much more plush and developed.  From the first lick, it was obvious this was something very special.  I have been enjoying to music for over 55 years, and this is one of the most listenable group of songs I can remember.  Short, but very, very sweet.",positive
I am blown away by just how great AC/DC was in the mid to late seventies prior to Highway to Hell and Back in Black. The remastered sound quality is out of this world good and Bon Scott and the guys never sounded better. I recently bought the entire collection of AC/DC US studio releases and the 1978 release titled Powerage is one of the greatest forgotten albums in the history of Rock and Roll. From Gimme A Bullet to Riff Raff to Sin City everything rocks big time. I highly recommend you give it a listen. I find it incredible that it was not a bigger commercial success. I've been blasting a lot of AC/DC in my car lately driving quite speedily and I've loved every minute of it. I've never understood truly why a guy like Bon Scott is so missed by fans but you get it when you hear more than just Highway to Hell like I had up until now. Prior to his death the band was a cerebral hard rocking blues band and after his death they took a turn away from their bluesy heavy roots and got lost for quite some time in a sexually charge scream fest. I do love much of the Brian Johnson era even enjoying Sink the Pink from 1985s Fly on the Wall immensely but after 1981s For Those About To Rock they got lost in an endless cycle of songs that literally obsessed with women and sex and the lyrics stopped being as artistic and became downright silly. 1990s The Razor's Edge reaffirmed Brian Johnson's worth and AC/DCs ability to revive itself from near dead with the hits Thunderstuck and Moneytalks. Powerage is AC/DC at its best at a time when it was the songs and nothing else that mattered most to a band finding its way to the top. Indeed it was a long way but they did it the right way whether or not the buying public in 1978 understood that.,positive
"Probably the most most talent in two human beings ever located in one studio.  The material is great, the performances better. And, if any music majors can respond to this and tell me just what in the world the time signature is to ""Everything Happens to Me"" (before the bridge, that is) I'd be grateful. I've listened to it more times than I can count and still can't figure it. Probably the best album/cd in my collection and I've been collecting recordings since about 1972.",positive
Loved it!,positive
Great cd,positive
"A CD for the real fans of 2pac.  People who do not know a thing about our Lord Makaveli, would not be able to apreciate this fine piece of work. 2pac's early years in the rap game are reflected in this cd.  The famaous  track ""Trapped"" is included in this album, this cd is the  REALIST....",positive
great WORK HERE,positive
my wife loves his singing,positive
"This is my first Amebix album. I am so glad I bought this album and quite surprised that there seems to be a lack of appreciate by way of reviews or awareness, for it. I stumbled upon a review of their album somewhere on the net I can't recall now but I decided to order the album. I was quite surprised with what I found. I'm usually a fan of anything between 50's jazz to tech-death metal, alternative, grunge, classical music, electronica, house and hip hop. Crust punk is a 'new' genre to me but no less enjoyable to listen to.

I heard only one song initially but felt something quite appealing in it. Having bought the album, it seemed to fill a void in me, almost in a similar way that Tool's Aenima did back in the 90's. Now, it's of course a bit silly to place this band and album on par with mighty Tool, but popularity doesn't speak with this sort of music - depth, creativity, intelligence and charisma do. This album has all those things. Perhaps the void I felt was one where too much music I had been listening to as of late seemed contrived, unappealing or too far from what I believe. Sonic Mass blows me away, everything from the singers grating voice, the artistic shifts from song to song, the beauty and poetry in the albums dynamics, and the black-coloured disc itself.

I have one consideration, and that is that the album finishes too soon (for me!). It takes you on a ride but finishes as quickly as it has taken you to that place. If there was just one or two more tracks to round off the start, perhaps some solid punk crust songs then it would have been all the more enjoyable. Having said that, this album is more like one long journey, and was designed to be unconventional. Adding any considerable length or conventionality to it could have upset its flow. As it is, I've no other complaints with what Amebix did.

Anyway, I have not quite delved into the lyrical content yet, but I feel the music has intelligence behind it. I am ambivalent right now to go into their back catalogue, for fear the production might not be as great, but will go there eventually. Please do give this album a try and support this artist for their work. I am glad they exist and hope they move from strength to strenth and get greater exposure. For me, personally, a 4.7 out of 5. Make no mistake - it's an exceptional piece of work and will remain under-rated for the entirety of its existance.",positive
"Excellent! This album is reminiscient of 80's Tesla. MP3, Ricochet, and Time Bomb are by far the best tracks and have a lot of social commentary.",positive
"from the track light up to Lorelei,all the way the last track suite madam blue.it was a great listen and enjoyed going down memory lane once again with this cd.",positive
techno-goth at its best.,positive
"This second ""Greatest Hits"" release by Alan Jackson contains nothing but top-rate tunes from this excellent talent. Jackson's vocal range is quite natural, and his stylings are extremely reminiscent of the country & western artists of the late 1960's and 1970's. Hints of George Jones, Buck Owens, and many other classic voices are apparent in Alan Jackson's sound.

Too many of the ""new country"" crossover artists today seem to spend too much time in the studio ""massaging"" their music. This is where Alan Jackson's music shines. There is no over-indulgence apparent in the recordings. This may well be a testament to some very tasteful production skills. Just enough to make the music shine, but not a heavy handed studio production.

Alan Jackson should be proud of his contribution to Country Music. This (Second) Greatest Hits is worth the price. Jimmy Buffet's teaming with Jackson (It's Five O'Clock Somewhere) is a classic in itself, and every other track here is priceless.",positive
"Despite the missing McCartney great ""Maybe I'm Amazed"" (not yet recorded), this is the quintessential Paul McCartney album. Forget other Paul McCartney albums, his genius is consolidated in this one album, dismissing any idea of what many call his post-Beatles ""garbage"" career. All you need is Wings Greatest, Wings Greatest is all you need.",positive
"Mercy Me is one of my favorite Christian Groups!  This CD ""It's Christmas!"" is awesome!! What a wonderful way to honour our Lord and Saviour this Christmas season.  I love all the songs but my favorite is  "" O Holy Night "". For what a night it was when we was given the best gift of all JESUS!!! If you don't know Him as your personal Saviour now is the time to call upon His named and be saved! You want a eternal life there is but one way. That my friend is through Jesus Christ our Lord!!! This music will lift you up and give you some CHRISTmas spirit. Merry CHRISTmas and may God Bless you this season!",positive
"If you don't know about Bathory, chances are you aren't a metal fan. Quorthon's masterful work was just that influential, creating black metal, viking metal, and playing a non-negotiable role in the creation of death and thrash metal. Label them however you want, fact is most genres wouldn't be the same without Bathory. History lesson aside, let's focus on Quorthon's fourth, Blood Fire Death. This album was sort of a transition from his proto-black metal style into his patented viking metal stuff. This means you'll hear a melange of motifs, ranging from the said genres, to some Venom-derived riffage. Very ambitious indeed.

The album starts out with a bang, as the classic opener ""For All Those Who Died"" begins with a soft accoustic piece. This song gives you a good idea of what to expect later. Majestic melodies, Lyrics of viking battles, furious solos, and Quorthon's frenetic roar. Next is the old-school thrasher ""Golden Walls of Heaven,"" which spews blasphemy in ways Slayer never accomplished until Reign in Blood.

I'd like to call Blood Fire Death a no-filler album, but the next track, ""Pace 'Til Death,"" intervenes. The painfully cheesy Venom-worship ""nana nana booboo"" intro keeps this track from being easy to listen to, but it's a nice standard black/thrash track nontheless. ""Holocaust"" observes the album at its most intense. Quorthon's ambiguous vocals are probably their most ""black metal"" here, as he violently strains over the 120mph riffage.

""For All Those Who Died"" is easily one of the most memorable anthems in the genre. It's a hard-hitting, percussion-oriented viking epic, its only flaw being that it's too short. ""Dies Irae"" dabbles in the thrashier, pseudo-blasphemy aspects of Bathory's old Material. During the verses, the vocals hold a very rhythmic power, only to quickly erupt like torrential rainstorms. The song drags to a near halt at the last minute, and webs a pleasant melody. The subsequent epic ""Blood Fire Death"" is the definition of viking metal; Intoxicating melodies, every minute dripping with grandeur. Quorthon kind of ""cleanly"" sings with his very rough, untamed voice, about themes of unity in battle, accompanied by an ethereal-sounding choir. Near the last few minutes, the vocals reach their venemous peak-- Until the song descends into an accoustic outro, as if returning from whence it came.

It's a cliche, but this album is a juxtaposition of ferociousness and beauty that has been emulated, but not surpassed. I could delve deep into the musical and artistic nuances that render the majority of Bathory's catalogue excellent, but I won't waste your time any further. Just listen to it if you haven't already.

R.I.P. Quorthon",positive
"Much more melodic, transcending from Black Sail's God Called In Sick Today and Clove Smoke Catharsis, The Art presents the idea of a mainstream AFI.  With the radiofriendly hit Days of the Phoenix, and the thematic Ever and a Day, this will be sure to attract hardcore punk fans, emo fans and many many more. The lyrics can seem a bit melodramatic at times, but can also be inspiring, bringing hope to more darker situations and times (the Lost Souls - If you can't stand upon the water I will see you on the ocean floor. When you blink do you only find the misery between the lines? Then take my hand and walk with me. Come to me...).  This is most definitely a wonderful introduction to AFI; despite that AFI never sounded so complex, in a manner of speaking.",positive
"This five disk set is a very affordable way to become familiar with all of Mozart's piano sonatas.  Schiff is a very gifted artist who plays these sonatas with the lan and intelligence they deserve.  These pieces do not have the dramatic contrasts of the Beethoven sonatas nor the virtuosity of Mozart's piano concertos.  Many of them can be played quite well by amateurs with moderate talent and experience, for whom many of them were written.

However, they are works of great beauty and full of Mozart's gift of sudden changes of subject while building up almost impossible feats of integration.  It seems as if he is winking at you and says, ""Well, how about THIS as well..."".  And then another miracle occurs.  There are real challenges in some of the sonatas and those are the ones you most often here in a professional recital or on record.  However, all music lovers should care about these works and become familiar with all of them.

And any student trying to learn these sonatas would do well to have a collection such as this as a reference.  Not to slavishly copy; heavens no.  But to get a solid foundation for what the piece is about and to see if your ideas actually fit the work or if you might be trying to cram something in that really doesn't belong.  There are little nuances of phrasing that are important to learn from an artist of the quality of Schiff.  One simply cannot achieve the Mozartian magic with simple four-square plodding through the notes measure upon measure.  Mozart is far too subtle and quick for such clumsiness.

Recommended.  Great music and a good value.",positive
"Great soundtrack!  This is a must, for anyone who loves folk music.",positive
"They're not, seriously!  I mean, I was IN early incarnations of Funkadelic and Parliament, and I NEVER heard of My Dying Bride.  OBVIOUSLY this means they aren't a funk act, because I would have heard of them, because I know everything that's funk.
What does My Dying Bride sound like?  Forget it!  We're going to talk solely about whether My Dying Bride is a funk act or not, because I can't describe the music at all!  They're not funk!  At all!  if 99% of the world disagrees with you, you should just give your opinion up, after all, the majority is ALWAYS correct, just like the recent war in Arach or whatever that place is called and all of the other horrible atrocities....oh, I mean ""REGIME CHANGES"" in US history!
It's ok to change your mind and reassess your opinion to exactly what I think, really it is!  Thinking for yourself just takes too much effort anyway.
So in conclusion, My Dying Bride are not a funk act AND I DON'T WANT TO HEAR OTHERWISE!  AT ALL!  NEENER NEENER NEENER, I CAN'T HEAR YOU!",positive
The Key is such a meaningful song and all the rest are great too. It arrived on time and in excellent condition,positive
"I was simply mindblown by the beauty of it. I'm not an erudite professor so I am in no position to spiel about the technicalities and interpretation, nor to compare Rostropovich's playing with other cello masters. What I can say is that it's lovely music and divine playing, and I listen to these discs at least twice a week. Delighted!",positive
A great album for any fan of todays emo/metal music of today.,positive
"Disclaimer: I'm a hardcore Aerosmith fan since the early '70s and they were one of the main influences in my life that prompted me to seek a career in the music biz..so yeah that means I love these guys.
I got the CD from Amazon when it was first released and I know there are mixed reviews of the material and I agree that some songs are not the band's best efforts.
That said...the DVD that comes with this special edition is GREAT!
The 4 live tunes showcase Aerosmith LIVE at their best. There's a reason their shows sell out when they tour and the DVD shows why.
The interviews that follow the live tunes will be revealing to fans...other folks may not ""get it"".
BIG bonus for me..the live version of Train Kept A Rollin' featuring Johnny Depp is from the show I attended at the Hollywood Bowl last summer! Johnny more than holds his own with the guys.
I wish I could get a DVD of that entire show; it was one of those that I walked out of thinking ""I wanna see that again"" and I'm super happy to find at least one song featured.
And a shout-out to Amazon...it showed up a day earlier than promised!",positive
Love this CD..,positive
"Another blind plunge into a group that I knew little about. This set looked intriguing, so I bit. This is a massive box including CDs, DVDs, vinyl, a hardback book, posters and a file of documents regarding the court case surrounding the rights to this music.....

All that aside, the music is  really great, with some more outstanding that others. You can follow how The Pretty Things developed along with the times. As is stated in many interviews, they were just always either a bit behind the trend, or so far out in front that they didn't get the credit they deserved.

The quality of the sound is excellent, considering some of the old albums were recorded one a small budget. The quality of the set overall is impressive, given the limited run. No corners were cut, and this is a fitting tribute to a great, relatively unknown band.",positive
"The reissue of Bread's ""Best of"" came like manna from heaven. Previous issues of this on CD were very bright, almost having a sound as if it was etched with a sharp presentation that sounded very little like the masters (according to those who have heard them). This re-master of that classic album pulls together the same tracks as the original vinyl and CD reissue and takes away that harsh, bright sheen smoothing out the sound without sacrificing any of the depth, detail or soundstage in the process.

The SACD version comes with both the stereo version of the original album as well as the 4.0 Quad mix that hasn't been heard since the 1970's. It's a nice, immersive mix that compliments the material. This edition also includes the single version of ""It Don't Matter To Me"" (not available on their first album as it was re-recorded after their second album became a breakthrough it.

The band often gets a bad rap for being a ""soft rock"" band--yes, they were soft rock with most of their singles being melodic ballads written by David Gates but the band did have some harder edge material as well on their albums (usually written by Jimmy Griffith). It was the balance between the light and...less light (I can't really say dark because none of their music really was dark) material that made their albums so interesting. While the singles focus on one aspect of the sound, the good news is that Gates was an expert at crafting winning melodies for their singles.

Even if you can't play the SACD layer, this is the best the album has ever sounded on compact disc--it actually bests the original vinyl as well (which also suffered from being too bright sounding).",positive
"This Album has been overly critizised and overlooked.  You just can't go wrong with ""Taxi Grab"", ""Big Dipper"" and ""The Chequered Flag"".  The title track is exceptional, and the two bonus tracks are great, especially ""A Small Cigar"".  This is a VERY TULL sounding album, a fusion of the musical styles of WarChild and Minstrel in the Gallery. If you already own this album then listen to it again, and if you don't you should purchase it.",positive
"1st heard this on the radio as referenced as a tie-in to the linda blair movie- the excorist.  was blown away by whole album, very  melodic  and a good mood filler for a sunday afternoon. from groove 1 the music progressively  builds.",positive
"I bought two copies of this disc from the great MovieMars and the superb Marvelio, two Amazon merchants. Neither disc will play. I returned one for credit and just pitched the other in the trash for Friday pickup. I guess I got the two s***ty duds. It may be a great collection. I'll never know. I gave it five stars for historical reasons.",positive
"im obsessed ,,,again! every time emery releases something new its new and inventive and fun and just full of energy, emotion bah its amazing! great job guys!",positive
"When looking for new CDs I look for two things:  1) Do the songs move my soul? 2) Do the songs make me want to move my feet? Brandon Heath's ""What If We"" does both.  Every song has thoughtful and easy to understand lyrics.  The top song on the CD is ""Give Me Your Eyes"" that has been popular on both the Christian AC and CHR charts.  It currently sits at # 8 on the AC chart and has been in the top 30 for 41 weeks.

The CD is more pop than rock, but it will still make you want to tap your toes.  At times I think Brandon sounds alot like early Warren Barfield (Reach).

If you are looking for something to move your soul and get your toes a-tapping, then the CD is for you.  Even if your musical tastes run to harder rock like DecembeRadio and Fireflight (a couple of my favs), you will still like Brandon's sound.

Don't delay, buy it today.",positive
"Have never been a fan of EW really until I heard this LP back in the day.  One of the most unusual albums I've ever heard and in my opinion a lyrical masterpiece.  Musically excellent fusion of rock, jazz, and blues.",positive
~~ Goerge has a way to make his guitar to sound so right. I have it on LP but I wanted it onCD. I would recommend this album to a friend~~ .  DED,positive
"Fabulous albums, you can see evolution from album to album. Some really great tracks here. Great price for this album. Product as described, good packaging. Booklet would have been nice but for this price, cant complain. Delivery as expected. No reason to contact seller.",positive
"This is some great music, from some talented artists.  Highly recommend it.",positive
...and better than ever. once again tackling the holiday season with worthy renditions of ur faves and new timeless material. the queen of comedy is quickly becoming the queen of christmas too!!Also another perk is that all the money mode from this c/d goes to charity!!,positive
"This is from the Black Sabbath era, the dark side of rock with all the essentials to keep you listening and enjoying guitar work that you don't see anymore. If you like Rock, heavy rock, you'll dig this",positive
Great item and fast shipping thank you very much,positive
"I bought this album when it first came out on vinyl.  This is simply the best album or cd I have ever listened too.  People might think ""but it's country"".  Well, I am a big Bowie fan, Dylan, Neil Young, The Killers, etc.  This is still the best.

This album takes a look at the Civil War from a southern stand point of view,  Waylon Jennings plays a Drifter, his wife Jesse Colter plays Polly a southern bell, and two members of the Ozark Mountain Daredevils play Pollys beau(a Lieutenant in the confederate army) and a redneck.  This album should be used in history classes in the U>S.  It starts with a haunting song by Jesse Colter or Polly seeing the future in an old mans face.  Matthew gets ready for war and sadly leaves Polly behind.  The war goes great for the south early, but just dragson.  Over time, the south, being just an agricultureal culture, slowly loses all the necessities for war.  When the war is essentially over, the north rubs their faces in it by"" burning, looting, gutting our land like vultures"".  When the war is over, Matthew returns to find his sweetheart dead and home destroyed.  The only tjhing to do is turn criminal.

This album was written by Paul Kebberly(Emmy Lou Harris' ex)

 Eric Clapton makes an appearance on guitar and dobro.  Great story, great music, nothing better.",positive
"It doesn't play anymore!  All of a sudden I started getting an error message that said incompatable.  I love this Bluray and am perplexed why it did this.  I played many plays with no problems.  It did it once, played a bunch of times more, and now will not play at all.  Any suggestions?  I just might buy it again because I think it is such a great performance and fine sonics.  I'd really like to get my money back but I think the chance of that is slim to none since its over thirty days and who gives money back on an open disc anyway?",positive
"The brand new Black Sabbath box set entitled The Rules of Hell is a must own for all Dio and/or Black Sabbath fans.
When Ozzy Osbourne got fired from Black Sabbath in 1979, many people had written the band off as nothing without the lead singer. However, the surviving band members (guitarist Tony Iommi, bass player Geezer Butler and drummer Bill Ward) and many of the band's fans weren't ready to count Sabbath's innings yet. They forged on by recruiting one time Elf and Ritchie Blackmore's Rainbow lead singer Ronnie James Dio and continued to record. What resulted were some of the band's best work in years. This box set compiles all four of the band's Dio-era efforts. Plus, all of the tracks have been given proper remastering as opposed to the Castle remasters from 1996 which all sounded terrible.
The box contains the band's 1980 effort Heaven and Hell which was their first album with Dio and was their last with Ward until his brief return to the band in 1983 for the Ian Gillan-fronted Born Again. This album is  arguably the best material the band recorded with Dio in the band. Standouts on the album were ""Neon Knights"", ""Children of the Sea"" and the famous title track.
The second disc is 1981's Mob Rules which was the band's first album to feature drummer Vinny Appice on drums. Many saw Heaven and Hell's follow-up an inferior product as opposed to its predecessor but is just as strong of an effort as Heaven and Hell. It had many excellent tracks like ""Turn Up the Night"", ""The Sign of the Southern Cross"", ""Falling Off The Edge Of The World"" and the title track.
The double live album from 1982 Live Evil was recorded during the Mob Rules tour. In addition to featuring key tracks from the two aforementioned albums you get in this set (all performed well (see my review)), Dio gets to put his own stamp on some of the classic tracks from the Ozzy era like ""Black Sabbath"", ""Iron Man"" and ""Children of the Grave"". It's a great live album, but disputes between band members led to Dio and Appice parting ways with Iommi and Butler (Dio went on to form his own group, which featured Appice on drums in its initial lineup). This particular album has been on CD over the years in various editions. There was the Warner Bros 2-CD version with the complete album as heard on vinyl (with Dio's stage bantering and everything), and there were 1-CD versions that eliminated either the bantering or ""War Pigs"" so it would fit an abridged album on a single CD. This set (thankfully) contains the 2-CD version superbly remastered.
Lastly, there is the lineup's last hurrah until their 2007 reunion called Dehumanizer from 1992. They reunited in 1991 and recorded this great album which didn't sound like it was recorded a whole decade after their initial split. Standouts on this album were ""Computer God"", ""TV Crimes"", ""Master of Insanity"" and ""Time Machine"". You get the American version of the album, so you do have get the Wayne's World take of Time Machine which appeared on the Wayne's World Soundtrack that appeared on the Dehumanizer CD as a bonus track.
Also, each disc restores their original vinyl LP art plus new interviews with the band in each album's booklets.
Sadly, you don't get any bonuses if you purchase this set bought at regular stores. However, if you purchase the set at Best Buy, you get a bonus disc of five live tracks from the rare limited Live at Hammersmith Odeon 1981/82 CD released last year (which, among the bonuses, has a killer live version of ""Country Girl""). If you buy the digital download version, you get the three tracks they recorded for 2007's The Dio Years compilation.
This set is recommended for those who either want an upgrade of Dio era catalog or don't own any of the albums yet or the cool remastering.
RECOMMENDED!",positive
"Following on the international success with their acclaimed debut album in 1980,
  U2 would released their second album October in 1981, an exhilarating masterwork
  that even serves as an indicator of what we would expect from the band.  Featuring
  a set of stellar tracks that includes several Top Ten hits like Gloria, I Threw A Brick,
  I Fall Down and the title track, October highly showcases the great artistry, energy,
  hope and stirring drama that would make U2 a powerful and electrifying force to be
  reckoned with.  Just like the gangly green early songs from Boy, October serves as
  another leap forward, where Disc 2 the deluxe edition offers an ironic insight as we
  hear the band grow from leaps and bounds on stage, as Disc 2 features a 17-track
  set that contain no less than 13 live cuts, including a live performance they gave in
  Boston and at Richard Skinners BBC sessions, which help the original album offer
  the muscle, might, the majesty and even early indications with U2 developing there
  seemingly effortless command for melodrama. But as they manage to combine the
  message, melody and sound together, as well showcased on Gloria and I Threw A
  Brick, the results turn out to be thoroughly impressive.  Already reissued in its own
  deluxe 2-CD edition, October sounds even better than did since 1981, because like
  Boy, it fully deserved the deluxe treatment, and even though October did get mixed
  mixed reviews when it first came out, it managed to do quite well very successfully.
  Now let's give the deluxe edition a well-deserved try.",positive
"I wish I didn't sleep on this one for so long.  I just bought it yesterday even though it was released a year ago.  Believe me, this CD is well worth the money.  The lyrics and the beats are great.  I don't own either one of her previous CD's, but after hearing this one, I'm going to go out and get the other two today! (in spite of all the negative reviews on this site).  On Broken Silence, I can't even pick my favorite track, all of them are hot.  The fact that Foxy Brown wrote most of the lyrics is amazing.  If you purchase this CD and really listen to the lyrics, I'm sure that you'll find she's very talented. Even if you don't like what she's saying, you won't be able to deny the fact that she's talented and clever.  I'm really disappointed that I didn't hear this in the club more.",positive
"As far as Male Groups of Yesteryear, yes,yes,yes!",positive
I have always enjoyed Glen Campbell. This may be his last album so I made sure to buy it. Wonderful.,positive
"First of all, any MH fan who doesnt like this cd isn't a MH fan at all. Supercharger is another leaf that a very personal and intense band has turned over.
1. Declaration- No grade, this is where MH declares war on everyone. Blends great w/ the next track.
2. Bulldozer-5/5 An amazingly heavy song which conveys the true essence of what Machine Head truly is.
3. White Knuckle Blackout!-5/5 Another in your face track. Very intense and just like a white knuckle black out. I love the title.
4. Crashing Around You- 5/5 This song is Robb Flynn pouring out his emotions on paper. You can basically hear his inner demons singing to him. Awesome music, guitar, bass, everything.
5. Kick You When You're Down- 4.5/5 I like this song a lot, it shows that MH can also be a very positive band. Great opening to it and awesome inspiring lyrics.
6. Only The Names- 5/5 A song about the abyss you will fall into while using drugs. Sums up what will eventually (or not so eventually) happen to you. Really nice progression.
7. All in your Head- 4.5/5 The coolest part of this song is the extremely quick pased verses and the soaring chorus. MH keeps the music hard and heavy the whole way thru.
8. American High- 4.5/5 A song about Robb Flynn's earlier years in high school. Its actually a pretty catchy song. Machine Head are a bunch of awesome and innovative musicians.
9. Brown Nausea- A break in which you hear a weird guitar noise followed by some chokes and gags, its pretty cool.
10. Nausea- 5/5 Another great example of how powerful MH is. A really crunchy and groovy song. Cool lyrics about being tired of someone.
11. Blank Generation- 5/5 Very awesome song about how our generation hasn't done anything special. Trademark MH sound, heavy guitars, you have Robb rapping a bit at the end, but its still rad.
12. Trephination- 5/5 Deals w/ thoughts of suicide and feeling like a freak. Great song, I love everything about this song, guitars, drums, INTENSE vocals by Robb whoa...
13. Deafening Silence- 5/5 A ballad, but w/ a MH twist. Great song writing, has some pretty deep meaning to it. I really like this song.
14. Supercharger- 5/5 The finale, and MH aims to please w/ this one. Extremely in your face, balls to the wall assault from Ahrue and Robbs' guitars. Everything about this song is energy.",positive
Great group of cowboys.,positive
"Bobby Darin said one day he'd be just as good as Sinatra, maybe better. Well, if he ever did deliver on that promise, ""That's All"" was that day.

Ignore the rest of the album. ""Beyond the Sea"" is so good it's worth the price of the album for that track alone. Darin's performance is energetic, aggressive, and so in the pocket it just could not be topped. Like Sinatra, he makes it sound effortless and smooth, but with a harder edge than Sinatra would have had at that time.

Arranger Richard Wess deserves at least half of the credit for this masterwork of big band recordings. The arrangement is brilliant, subtley building from one muted trumpet theme into a sort of countermelody on saxes, then behind it all shimmering strings. It has great structure and builds excitement beautifully.

The key to this arrangement is contrast: After the first chorus, Wess delivers up an instrumental interlude for Darin that starts with blasting brass, followed by  a thundering drum fill, immediately followed by the most lilting and gentle string passage imaginable. Then he hits you over the head again with the brass again, the drums again, then more brass, ending with a hard drum beat followed by the teriffic silence of absolutely nothing. The end of this instrumental passage with it's outrageous dynamics of loud versus soft is the musical equivalent of a freight train stopping on a dime. Just at this moment Darin fills the void with a long ""I----- know beyond a doubt"". This is exciting music, and Darin can't help but sound great with this kind of backing.

In short, buy the CD. Even if you hate every other track it's worth it. Thankfully, all the uptempo tracks are very good, and are fun to listen to, with Darin belting out lyrics as only he can. He's not as good on the slow numbers but still a very skilled performer all around. All in all you can't lose with this collection.",positive
"There's no way I wouldn't add this to my collection. Dylan is one of those who has sung the soundtrack to my life, now to rapidly approaching seven decades. I first heard, and then saw him, in the auld country back in the '60's, (took a night off from Georgie Fame at the Flamingo). Leonard Cohen is another who's words and music have sustained and rescued me and he also has a new album full of ""Old Ideas"" coming out.
Just listening to the first few samples was enough to remove any doubt, which I never had, and grant amnesty to any who may not 'live up to expectations'. As a home visit Hospice nurse one of my guiding principles is to 'leave my expectations at the door', just enter into whatever waits. Deep thanks to all the artists in all fields, and those behind the scenes, who contributed their time, effort and talents to this noble cause.
What I want to know is WILL WE EVER GET A DVD OF THE 30th ANNIVERSARY CONCERT, hopefully before I kick the bucket. I've still got a lot of miles left on me, I ain't knocking on heaven's door yet, but I am going down slow. Sure would like to watch this concert before I hear the Chimes of Ultimate Freedom.",positive
What a voice!,positive
"Best album of the year so far for me even better than that new Dream Theater. Some of the greatest musical compositions in this band's career, and I think the closing 22 min track At Days End is the greatest song they've ever composed. In my opinion Snowfall on Judgement Day was their best, but The Art of Loss at the very least rivals it and quite possibly surpasses it in greatness. This is a must own album for fans of progressive metal. This is perhaps the most underrated band of the genre.",positive
"Heavy, heavy, heavy. But they always manage to keep their stuff funky. It's near impossible to find a good heavy band with rhythm. Best hard-core  CD this year.",positive
Great Cd!,positive
"Soilwork has had an impressive career and a grand discography.  Natural Born Chaos is among their top two (the other being A Predator's Portrait); it nails down both the music, and the emotion, and the excitement, and the speed, and the aggression, and the chaos it mentions in its title.

The album never lets up, and even when it does, it doesn't let you go at all.  The music is extremely assaulting, almost like a rape; impressive and suberb guitar work adds up to dynamic and almost hyperactive drumming, topped by Speed Strid's soaring brutal, clean and shouting vocals.  This glorious assault gives the feeling of being ""nailed to a wall"".  As an added bonus, Devin Townsend makes a vocal appearance in ""Black Star Deceiver"", which is an interesting and impressive duet/duel between two advanced vocalists; their harmony is unquestionable.  The slower or heavier songs do not clash at all with the fast and aggressive songs, and the album's flow is perfect; as if every song was recorded in the same eternal session, the songs flow into one another and leave you wanting more.  Lyrically, the cryptic writings of Speed and Townsend produce the catchy, inquisitive and metaphorical poetry that is inserted into the songs, revealing things to conceal them and vice-versa.

Perhaps the greatest value of this album is that, even when you get to know every beat, every melody, every timing and every word, it doesn't get old.  I've had this one for three years, and every time I listen to it, I want more than they can ever give; like rage itself, this album is something that grows all the more when its fed, and it has to be fed.

I'd recommend this to any melodic death fan, people who were wondering what Soilwork is, those of you who want to check out something new, so basically, everyone with an open mind.",positive
great item.,positive
One of my favorites from Sandi.,positive
I love TobyMac music this cd's is rap type of music but you understand what he is say. I have seen TobyMac in person two different time and he a good person and his music also hit close to home.,positive
"Este es el estilo que Luis Miguel canta con perfeccin, muy buena seleccin de canciones.",positive
"The entire cd is great. Not a single song that I do not like. My favorite is ""May Seem Macabre"" but they are all catchy and unique.",positive
"I think it is his best album by far.  What a nice pure voice.  Tight arrangements.  Each song is wonderful, great soaring melodies, lyrics, almost poetic,  that you listen to.  A classic.",positive
"By now many people have lost the lust for the early 90's Alternative music scene. For my money though, Belly was amoung the first early 90's bands to really catch my attention. Great guitar sounds, but not in your face. And  the female themes and floating voice of lead singer Tanya Donelly will  leave you breathless.  Belly's Star is on fantastic rock and roll record,  try it out!",positive
"Scarface is the KING of RAP - also check out&nbsp;<a data-hook=""product-link-linked"" class=""a-link-normal"" href=""/Smoke-Sessions-Vol-1/dp/B00142RX4O/ref=cm_cr_arp_d_rvw_txt?ie=UTF8"">Smoke Sessions, Vol. 1</a>- from his homie Devin the Dude another 5 Stars.",positive
"This is a great album with Yngwie's Neo Classical playing through out.
Great Gothic vocals & viking themes through out. The production is old school regardless the album is excellent.",positive
"This album consists of the tracks Baker recorded especially for the Bruce Weber documentary `Let's get lost' - a retrospective of the life of the great horn player and vocalist.  Baker's life was troubled - his drug addiction is legendary, and ultimately caused his death, directly or indirectly, as the individual chooses to view the events.  His musical genius is indisputable - and these recordings are an incredible witness to that.  The group accompanying Baker (featured here on trumpet & vocals) is a small one:  Frank Strazzeri (piano), John Leftwich (bass), Ralph Penland (drums & percussion) and Nicola Stilo (guitar & flute).  There are standards a-plenty here - songs that will be loved forever by the likes of Duke Ellington & Billy Strayhorn, Cole Porter, Johnny Burke & Jimmy VanHuesen, Antonio Carlos Jobim - as well as a tune by none other than Elvis Costello, just to show that great ones are still being written.
Baker was always a fine vocalist - and no one else sounds quite like him.  There are times when it sounds like he's hanging onto the notes by his fingernails - but there's never a moment (here, or in anything I've ever heard him sing) when he sounds detached from the song.  Every one of his performances is filtered through his heart and soul - and that's a beautiful thing to experience.  Without taking such extreme liberties that the melody is unrecognizable (as many who style themselves `jazz vocalists' seem to do), Baker lovingly caresses each tune and makes it his own.  The sheer intimacy that Baker is able to express in the love songs makes the listener feel like he or she is eavesdropping on a conversation from the next table in a dimly lit, wee-hours jazz club - and it's a privilege to share such raw, honest feelings.
The players are perfect in their support here - Baker's voice is the center of every arrangement, but with an instrument as magnetic as the singer possesses, how could it be otherwise?  His trumpet playing is as fine as ever, even at this late stage of the game.  It's sometimes sad to listen - there's pain so clearly and eloquently expressed in every song - but there's an unnamable joy present as well, for what a gift it is that he shares with us!
Weber's documentary is hard to watch as well - Baker's life was a hard one, filled with pain and sorrow, for which he turned to heroin.  It's heartbreaking to witness someone hurting so much - but his music is without question of the timeless variety, and something to be treasured.",positive
i listen to the album all the time it rocks from start to end. i cant wait to see them live.,positive
"This album has got to the most overlooked and underrated Crows album to date. Its easy to overlook (or criticize to death) this album, coming between the sophomore slump-killing Recovering the Satellites and the phenomenal Hard Candy. This almost always happens. When an artist beats the sophomore slump the third album is universally panned by critics. What up? Why? This is a beautiful and delicate and satisfying record. Give it a chance. And speaking of third album critic auto-abortions, check out Smash Mouth's self-titled third. Its great too.",positive
